incident_id,locality,latitude,longitude,crime_type,severity,time_of_day,day_type,lighting,crowd_level,police_distance_m,report_source,risk_score
INC00001,Chandrasekharpur,20.33065,85.819339,Harassment,3,Night,Weekday,Poor,Low,278,Community,75
INC00002,Infocity,20.344032,85.813159,Harassment,3,Afternoon,Weekday,Moderate,Medium,551,Community,54
INC00003,Acharya Vihar,20.299042,85.832933,Snatching,3,Night,Weekend,Moderate,High,298,Community,70
INC00004,KIIT Square,20.353217,85.820839,Snatching,3,Evening,Weekday,Moderate,Low,1366,Police,63
INC00005,Infocity,20.342367,85.814736,Harassment,3,Morning,Weekday,Good,High,669,Community,45
INC00006,Old Town,20.239021,85.835211,Stalking,4,Night,Weekend,Good,Medium,1193,Police,72
INC00007,Lingaraj,20.245552,85.835129,Harassment,3,Afternoon,Weekend,Moderate,Low,214,Community,50
INC00008,Lingaraj,20.241266,85.836657,Harassment,3,Night,Weekend,Moderate,Medium,910,Police,75
INC00009,Jaydev Vihar,20.29948,85.820368,Harassment,3,Afternoon,Weekend,Moderate,Low,917,Community,52
INC00010,Infocity,20.346167,85.813917,Sexual Harassment,5,Afternoon,Weekend,Poor,Medium,888,Community,97
INC00011,Pokhariput,20.252069,85.805324,Suspicious Activity,2,Night,Weekend,Moderate,High,1412,Community,54
INC00012,Acharya Vihar,20.302723,85.837255,Stalking,4,Afternoon,Weekday,Moderate,High,317,Police,69
INC00013,Jaydev Vihar,20.298969,85.822721,Stalking,4,Night,Weekend,Poor,Medium,1100,Community,95
INC00014,Rasulgarh,20.292568,85.873682,Harassment,3,Morning,Weekend,Moderate,High,1190,Police,52
INC00015,Pokhariput,20.255166,85.80464,Harassment,3,Night,Weekend,Poor,Low,511,Police,81
INC00016,Master Canteen,20.268709,85.839487,Suspicious Activity,2,Morning,Weekday,Good,Medium,1305,Community,26
INC00017,Rasulgarh,20.287488,85.869983,Harassment,3,Evening,Weekend,Good,Medium,1204,Community,57
INC00018,Rasulgarh,20.292145,85.869142,Sexual Harassment,5,Morning,Weekday,Moderate,Medium,1056,Police,80
INC00019,KIIT Square,20.352036,85.82017,Stalking,4,Afternoon,Weekday,Good,Medium,964,Community,62
INC00020,Infocity,20.346168,85.816302,Stalking,4,Morning,Weekday,Poor,Low,291,Police,78
INC00021,Kalpana Square,20.258282,85.842406,Stalking,4,Morning,Weekend,Moderate,Low,643,Police,72
INC00022,Kalpana Square,20.261383,85.8447,Snatching,3,Night,Weekday,Moderate,High,545,Police,74
INC00023,Nayapalli,20.296505,85.805017,Harassment,3,Night,Weekday,Good,Low,264,Police,56
INC00024,Rasulgarh,20.29295,85.871418,Stalking,4,Evening,Weekend,Good,High,1446,Community,71
INC00025,Khandagiri,20.258797,85.780232,Harassment,3,Evening,Weekday,Poor,High,747,Police,69
INC00026,Master Canteen,20.269378,85.8386,Assault on Woman,5,Evening,Weekend,Moderate,High,814,Police,91
INC00027,Baramunda,20.272002,85.805221,Harassment,3,Evening,Weekend,Poor,Medium,116,Community,76
INC00028,Chandrasekharpur,20.329806,85.818693,Kidnapping Attempt,5,Afternoon,Weekday,Moderate,High,1338,Community,85
INC00029,Khandagiri,20.256007,85.784249,Assault on Woman,5,Morning,Weekend,Moderate,Low,190,Community,82
INC00030,Acharya Vihar,20.30031,85.834566,Snatching,3,Morning,Weekday,Good,Low,405,Community,45
INC00031,Kalpana Square,20.25885,85.845394,Harassment,3,Night,Weekday,Poor,Low,530,Community,85
INC00032,Old Town,20.240305,85.833438,Sexual Harassment,5,Evening,Weekend,Good,Low,432,Police,80
INC00033,Patia,20.357647,85.821194,Harassment,3,Evening,Weekend,Poor,Low,608,Community,69
INC00034,KIIT Square,20.351335,85.8199,Suspicious Activity,2,Evening,Weekday,Moderate,Low,566,Community,53
INC00035,Lingaraj,20.245186,85.836801,Stalking,4,Afternoon,Weekday,Moderate,Medium,1198,Community,65
INC00036,Khandagiri,20.260275,85.780393,Harassment,3,Afternoon,Weekday,Moderate,Low,742,Community,58
INC00037,Lingaraj,20.24114,85.831266,Suspicious Activity,2,Evening,Weekday,Moderate,Low,1473,Community,49
INC00038,Nayapalli,20.29698,85.802748,Assault on Woman,5,Night,Weekday,Moderate,Medium,768,Community,99
INC00039,Saheed Nagar,20.299442,85.842264,Stalking,4,Night,Weekend,Moderate,Medium,1222,Police,84
INC00040,Saheed Nagar,20.29728,85.842128,Stalking,4,Evening,Weekday,Moderate,High,1069,Police,75
INC00041,Baramunda,20.270798,85.803011,Assault on Woman,5,Night,Weekday,Poor,Medium,560,Police,100
INC00042,KIIT Square,20.352851,85.820098,Harassment,3,Morning,Weekend,Moderate,Medium,498,Police,56
INC00043,Lingaraj,20.243936,85.831033,Harassment,3,Night,Weekend,Poor,High,970,Community,83
INC00044,KIIT Square,20.355505,85.815728,Assault on Woman,5,Afternoon,Weekend,Moderate,Medium,1244,Community,87
INC00045,Pokhariput,20.252955,85.806169,Stalking,4,Evening,Weekend,Poor,Low,667,Police,91
INC00046,Rasulgarh,20.287765,85.869714,Harassment,3,Afternoon,Weekday,Moderate,Medium,383,Community,56
INC00047,Saheed Nagar,20.296246,85.841456,Harassment,3,Evening,Weekend,Good,Medium,1296,Police,48
INC00048,CRP Square,20.314111,85.823521,Harassment,3,Night,Weekend,Poor,Medium,1218,Police,78
INC00049,Rasulgarh,20.290214,85.870333,Harassment,3,Night,Weekday,Poor,Low,1057,Police,84
INC00050,Lingaraj,20.243978,85.831504,Assault on Woman,5,Evening,Weekend,Poor,High,632,Community,100
INC00051,Nayapalli,20.298278,85.80367,Stalking,4,Night,Weekday,Moderate,Low,1063,Community,88
INC00052,Old Town,20.235412,85.836744,Harassment,3,Morning,Weekday,Good,High,141,Community,43
INC00053,CRP Square,20.315384,85.820308,Snatching,3,Night,Weekday,Poor,High,1343,Police,76
INC00054,Baramunda,20.267154,85.802872,Harassment,3,Night,Weekday,Poor,Medium,506,Community,85
INC00055,Chandrasekharpur,20.330809,85.822106,Snatching,3,Night,Weekend,Poor,Medium,184,Community,81
INC00056,Infocity,20.343047,85.818097,Assault on Woman,5,Night,Weekday,Good,Low,1401,Police,92
INC00057,Kalpana Square,20.26013,85.843903,Harassment,3,Evening,Weekend,Poor,Low,1052,Community,77
INC00058,Nayapalli,20.297984,85.80252,Suspicious Activity,2,Night,Weekday,Good,Medium,1349,Community,45
INC00059,CRP Square,20.313091,85.820273,Suspicious Activity,2,Night,Weekday,Moderate,Low,665,Community,58
INC00060,Infocity,20.343439,85.816331,Harassment,3,Afternoon,Weekend,Moderate,Low,1017,Police,51
INC00061,Rasulgarh,20.28876,85.871984,Stalking,4,Evening,Weekend,Moderate,Medium,1227,Community,80
INC00062,Baramunda,20.267724,85.802156,Harassment,3,Afternoon,Weekend,Moderate,Low,479,Community,57
INC00063,Mancheswar,20.322148,85.862698,Eve-teasing,2,Afternoon,Weekday,Good,High,467,Community,33
INC00064,Khandagiri,20.254827,85.780553,Harassment,3,Night,Weekend,Moderate,Low,310,Police,74
INC00065,CRP Square,20.314044,85.824793,Stalking,4,Afternoon,Weekday,Poor,High,233,Community,76
INC00066,Jaydev Vihar,20.301377,85.818823,Harassment,3,Night,Weekday,Good,Low,1341,Community,64
INC00067,Dumduma,20.266451,85.792784,Stalking,4,Evening,Weekday,Moderate,Medium,223,Community,74
INC00068,Saheed Nagar,20.294287,85.839639,Harassment,3,Evening,Weekday,Good,Medium,1316,Community,48
INC00069,Baramunda,20.271218,85.803724,Snatching,3,Night,Weekend,Poor,Low,1380,Community,78
INC00070,Chandrasekharpur,20.332886,85.82345,Assault on Woman,5,Night,Weekend,Good,High,729,Community,94
INC00071,Master Canteen,20.270132,85.842198,Harassment,3,Night,Weekend,Moderate,Medium,264,Community,71
INC00072,Vani Vihar,20.294548,85.844771,Harassment,3,Night,Weekday,Moderate,Low,1476,Police,74
INC00073,Acharya Vihar,20.300909,85.837496,Stalking,4,Afternoon,Weekend,Moderate,Medium,1107,Police,72
INC00074,Kalpana Square,20.261021,85.845146,Stalking,4,Evening,Weekday,Poor,High,920,Police,91
INC00075,Master Canteen,20.267514,85.838696,Harassment,3,Night,Weekend,Poor,Low,102,Community,83
INC00076,Kalpana Square,20.260111,85.843736,Harassment,3,Evening,Weekend,Moderate,High,646,Community,62
INC00077,CRP Square,20.317839,85.822653,Harassment,3,Afternoon,Weekday,Good,Medium,1231,Community,43
INC00078,Master Canteen,20.269886,85.838924,Kidnapping Attempt,5,Night,Weekday,Good,Low,950,Police,92
INC00079,Master Canteen,20.268302,85.843531,Assault on Woman,5,Evening,Weekend,Poor,Low,665,Police,100
INC00080,Dumduma,20.261015,85.795356,Harassment,3,Night,Weekend,Moderate,Medium,404,Community,72
INC00081,Nayapalli,20.296261,85.804732,Assault on Woman,5,Evening,Weekday,Good,Medium,1271,Community,84
INC00082,Nayapalli,20.297231,85.806868,Snatching,3,Evening,Weekday,Poor,Low,411,Community,68
INC00083,Dumduma,20.262992,85.791602,Eve-teasing,2,Night,Weekday,Good,Low,131,Police,46
INC00084,Infocity,20.346815,85.815031,Stalking,4,Night,Weekend,Moderate,Low,1481,Police,86
INC00085,CRP Square,20.312215,85.819411,Suspicious Activity,2,Evening,Weekday,Poor,Low,285,Community,54
INC00086,Master Canteen,20.267797,85.838174,Harassment,3,Evening,Weekend,Good,Medium,982,Community,56
INC00087,Mancheswar,20.32008,85.86205,Snatching,3,Evening,Weekday,Moderate,Medium,1119,Police,60
INC00088,Master Canteen,20.268757,85.842001,Assault on Woman,5,Night,Weekend,Moderate,High,1219,Community,100
INC00089,Mancheswar,20.324772,85.865142,Harassment,3,Evening,Weekend,Moderate,Low,1089,Community,64
INC00090,Mancheswar,20.323196,85.861132,Harassment,3,Night,Weekend,Moderate,High,200,Police,72
INC00091,Rasulgarh,20.289414,85.87182,Assault on Woman,5,Evening,Weekday,Poor,Low,1450,Community,100
INC00092,KIIT Square,20.352645,85.818477,Stalking,4,Night,Weekend,Good,High,950,Community,72
INC00093,Dumduma,20.262635,85.791987,Assault on Woman,5,Night,Weekday,Poor,Low,704,Police,100
INC00094,Master Canteen,20.266845,85.843799,Eve-teasing,2,Night,Weekday,Poor,Low,1241,Community,66
INC00095,Khandagiri,20.257229,85.782837,Assault on Woman,5,Night,Weekend,Moderate,Low,860,Community,98
INC00096,Patia,20.357759,85.818468,Assault on Woman,5,Evening,Weekend,Moderate,Medium,1050,Police,92
INC00097,Chandrasekharpur,20.334678,85.819826,Harassment,3,Evening,Weekend,Good,Low,377,Community,53
INC00098,Mancheswar,20.319927,85.863489,Snatching,3,Morning,Weekday,Moderate,Medium,672,Community,55
INC00099,Master Canteen,20.267417,85.840176,Stalking,4,Night,Weekend,Moderate,Low,1420,Community,86
INC00100,Saheed Nagar,20.299494,85.843145,Eve-teasing,2,Morning,Weekday,Good,Medium,143,Community,30
INC00101,Jaydev Vihar,20.299231,85.821979,Sexual Harassment,5,Evening,Weekday,Moderate,Low,577,Community,90
INC00102,Khandagiri,20.255368,85.77958,Suspicious Activity,2,Afternoon,Weekday,Good,Medium,152,Community,30
INC00103,Mancheswar,20.320045,85.861314,Stalking,4,Night,Weekday,Moderate,Low,1075,Community,85
INC00104,Master Canteen,20.271672,85.83826,Assault on Woman,5,Night,Weekday,Poor,Medium,1038,Community,100
INC00105,CRP Square,20.314558,85.819648,Suspicious Activity,2,Night,Weekday,Moderate,Low,759,Community,51
INC00106,Khandagiri,20.258012,85.783073,Assault on Woman,5,Evening,Weekday,Moderate,High,1135,Community,89
INC00107,Pokhariput,20.25329,85.803709,Snatching,3,Afternoon,Weekend,Moderate,Medium,951,Police,55
INC00108,Nayapalli,20.295246,85.802916,Snatching,3,Night,Weekday,Good,Low,290,Community,60
INC00109,Pokhariput,20.25774,85.80437,Harassment,3,Night,Weekend,Moderate,Low,966,Police,65
INC00110,Vani Vihar,20.294622,85.842044,Stalking,4,Afternoon,Weekday,Moderate,Low,817,Police,70
INC00111,Khandagiri,20.259343,85.783871,Assault on Woman,5,Night,Weekend,Poor,Medium,1416,Community,100
INC00112,Patia,20.356316,85.818354,Harassment,3,Evening,Weekday,Good,Low,1259,Community,49
INC00113,Patia,20.355283,85.818757,Harassment,3,Evening,Weekday,Good,Medium,764,Police,57
INC00114,KIIT Square,20.354527,85.815299,Harassment,3,Morning,Weekday,Moderate,Medium,1343,Community,54
INC00115,Dumduma,20.263579,85.792699,Harassment,3,Night,Weekday,Moderate,Medium,193,Community,74
INC00116,Patia,20.357772,85.821104,Harassment,3,Night,Weekday,Good,High,1118,Police,57
INC00117,Lingaraj,20.241381,85.834352,Assault on Woman,5,Night,Weekday,Moderate,Medium,186,Community,100
INC00118,Nayapalli,20.29644,85.806257,Assault on Woman,5,Evening,Weekend,Good,High,765,Community,87
INC00119,Old Town,20.240067,85.83246,Harassment,3,Evening,Weekend,Moderate,Medium,735,Police,61
INC00120,Acharya Vihar,20.300799,85.835184,Harassment,3,Afternoon,Weekday,Poor,Medium,1421,Police,63
INC00121,Jaydev Vihar,20.299041,85.817917,Harassment,3,Night,Weekend,Good,Low,1386,Community,64
INC00122,Mancheswar,20.324919,85.862939,Assault on Woman,5,Night,Weekend,Moderate,Medium,1060,Community,99
INC00123,Mancheswar,20.322044,85.862862,Harassment,3,Evening,Weekend,Good,Low,257,Community,49
INC00124,Master Canteen,20.271725,85.842434,Assault on Woman,5,Morning,Weekday,Poor,Medium,485,Community,97
INC00125,KIIT Square,20.354866,85.820024,Stalking,4,Night,Weekend,Good,Medium,180,Community,77
INC00126,Dumduma,20.261952,85.793237,Assault on Woman,5,Afternoon,Weekend,Moderate,Medium,1324,Community,90
INC00127,Infocity,20.344348,85.815319,Stalking,4,Afternoon,Weekday,Poor,Low,1334,Police,80
INC00128,Mancheswar,20.3245,85.862861,Snatching,3,Night,Weekend,Poor,High,273,Community,81
INC00129,Jaydev Vihar,20.302974,85.821433,Snatching,3,Night,Weekend,Moderate,Medium,967,Community,65
INC00130,Baramunda,20.268285,85.806686,Harassment,3,Evening,Weekday,Good,High,258,Community,49
INC00131,Nayapalli,20.296708,85.805583,Suspicious Activity,2,Afternoon,Weekend,Good,Medium,1379,Police,27
INC00132,KIIT Square,20.354058,85.816425,Stalking,4,Evening,Weekend,Good,Low,1019,Community,66
INC00133,CRP Square,20.313164,85.82307,Kidnapping Attempt,5,Evening,Weekday,Moderate,Low,882,Community,94
INC00134,Saheed Nagar,20.29463,85.8397,Sexual Harassment,5,Evening,Weekday,Poor,Medium,310,Police,100
INC00135,Baramunda,20.267962,85.803696,Harassment,3,Evening,Weekday,Poor,High,554,Police,73
INC00136,Kalpana Square,20.260012,85.841415,Harassment,3,Night,Weekend,Moderate,High,302,Police,75
INC00137,Jaydev Vihar,20.299721,85.821979,Harassment,3,Night,Weekday,Good,Low,1018,Community,56
INC00138,Khandagiri,20.255397,85.784441,Harassment,3,Evening,Weekday,Moderate,Low,586,Community,58
INC00139,Kalpana Square,20.260737,85.840377,Assault on Woman,5,Night,Weekday,Moderate,Medium,1394,Community,98
INC00140,Baramunda,20.270689,85.802443,Stalking,4,Evening,Weekday,Poor,High,838,Community,91
INC00141,Lingaraj,20.240261,85.833321,Suspicious Activity,2,Evening,Weekday,Poor,Medium,238,Community,63
INC00142,Mancheswar,20.320995,85.861266,Snatching,3,Evening,Weekday,Poor,High,1051,Police,75
INC00143,Jaydev Vihar,20.302657,85.819746,Harassment,3,Afternoon,Weekend,Good,High,185,Community,44
INC00144,Pokhariput,20.25222,85.804881,Stalking,4,Afternoon,Weekend,Poor,High,1442,Community,76
INC00145,Kalpana Square,20.26146,85.845368,Suspicious Activity,2,Evening,Weekend,Poor,Medium,1118,Community,61
INC00146,Infocity,20.341474,85.816615,Snatching,3,Night,Weekend,Moderate,Medium,263,Community,69
INC00147,Master Canteen,20.268557,85.842139,Assault on Woman,5,Evening,Weekend,Good,Low,822,Community,84
INC00148,KIIT Square,20.353825,85.81718,Harassment,3,Night,Weekend,Poor,Low,392,Police,85
INC00149,KIIT Square,20.351416,85.818871,Harassment,3,Evening,Weekend,Poor,High,414,Community,73
INC00150,Master Canteen,20.269444,85.841177,Sexual Harassment,5,Evening,Weekend,Moderate,High,332,Community,90
INC00151,Dumduma,20.26437,85.792571,Stalking,4,Afternoon,Weekday,Moderate,Low,684,Community,72
INC00152,Chandrasekharpur,20.329444,85.819036,Harassment,3,Night,Weekend,Poor,Low,754,Community,76
INC00153,Baramunda,20.271271,85.806564,Suspicious Activity,2,Evening,Weekday,Poor,Medium,348,Police,55
INC00154,CRP Square,20.315324,85.821213,Harassment,3,Night,Weekend,Moderate,Medium,276,Community,71
INC00155,Dumduma,20.263457,85.794449,Stalking,4,Afternoon,Weekday,Moderate,High,1054,Community,70
INC00156,Pokhariput,20.253092,85.806798,Assault on Woman,5,Evening,Weekday,Poor,High,354,Community,100
INC00157,Acharya Vihar,20.301256,85.834076,Stalking,4,Night,Weekend,Poor,Low,613,Community,98
INC00158,Jaydev Vihar,20.301687,85.817561,Assault on Woman,5,Evening,Weekend,Moderate,Medium,450,Community,97
INC00159,Mancheswar,20.324183,85.861487,Harassment,3,Night,Weekday,Poor,High,531,Police,81
INC00160,CRP Square,20.315273,85.822851,Suspicious Activity,2,Evening,Weekday,Good,Low,931,Community,34
INC00161,Acharya Vihar,20.299906,85.833224,Stalking,4,Evening,Weekend,Moderate,Low,807,Police,75
INC00162,Dumduma,20.262915,85.793799,Assault on Woman,5,Afternoon,Weekend,Good,High,694,Police,79
INC00163,Rasulgarh,20.292714,85.872881,Eve-teasing,2,Night,Weekend,Poor,High,426,Community,68
INC00164,CRP Square,20.314984,85.81954,Suspicious Activity,2,Evening,Weekend,Moderate,High,1294,Community,43
INC00165,CRP Square,20.317057,85.823035,Assault on Woman,5,Afternoon,Weekend,Good,High,374,Police,75
INC00166,Old Town,20.235307,85.834371,Harassment,3,Evening,Weekday,Good,Medium,1022,Police,52
INC00167,Jaydev Vihar,20.300363,85.821769,Eve-teasing,2,Evening,Weekday,Poor,Low,507,Community,59
INC00168,KIIT Square,20.354282,85.819824,Harassment,3,Evening,Weekend,Good,Low,386,Community,57
INC00169,Acharya Vihar,20.300699,85.837056,Stalking,4,Evening,Weekend,Moderate,Medium,1103,Police,77
INC00170,Patia,20.356143,85.822379,Stalking,4,Evening,Weekend,Poor,Low,1388,Community,90
INC00171,Mancheswar,20.323328,85.864501,Assault on Woman,5,Afternoon,Weekday,Moderate,Medium,878,Community,90
INC00172,KIIT Square,20.354203,85.816145,Assault on Woman,5,Evening,Weekend,Moderate,Medium,517,Community,97
INC00173,KIIT Square,20.353112,85.818365,Snatching,3,Night,Weekend,Moderate,Medium,454,Community,73
INC00174,Pokhariput,20.256632,85.805326,Stalking,4,Evening,Weekend,Poor,Medium,493,Police,87
INC00175,Rasulgarh,20.293194,85.872627,Kidnapping Attempt,5,Night,Weekend,Poor,Medium,1082,Community,100
INC00176,Chandrasekharpur,20.332259,85.823375,Assault on Woman,5,Evening,Weekday,Moderate,Low,399,Community,92
INC00177,Old Town,20.238936,85.835484,Kidnapping Attempt,5,Afternoon,Weekday,Poor,High,1251,Community,92
INC00178,Vani Vihar,20.295436,85.839305,Snatching,3,Night,Weekday,Good,High,305,Community,62
INC00179,Jaydev Vihar,20.301302,85.822575,Harassment,3,Evening,Weekend,Poor,Low,1077,Community,72
INC00180,Baramunda,20.272448,85.801537,Assault on Woman,5,Evening,Weekend,Moderate,Low,176,Police,90
INC00181,Acharya Vihar,20.297218,85.837017,Kidnapping Attempt,5,Night,Weekend,Good,Low,692,Police,85
INC00182,Mancheswar,20.324571,85.86301,Assault on Woman,5,Evening,Weekend,Moderate,Medium,374,Police,95
INC00183,Saheed Nagar,20.295784,85.842587,Sexual Harassment,5,Evening,Weekday,Poor,High,790,Police,100
INC00184,Acharya Vihar,20.300832,85.834433,Assault on Woman,5,Evening,Weekend,Moderate,Medium,295,Community,90
INC00185,Nayapalli,20.293041,85.804301,Kidnapping Attempt,5,Evening,Weekend,Good,Medium,1292,Police,78
INC00186,Old Town,20.235373,85.831709,Snatching,3,Evening,Weekend,Moderate,Medium,736,Community,68
INC00187,Old Town,20.236315,85.831801,Assault on Woman,5,Afternoon,Weekday,Poor,Medium,951,Police,97
INC00188,Rasulgarh,20.290875,85.872724,Snatching,3,Evening,Weekday,Moderate,Medium,1255,Community,66
INC00189,Mancheswar,20.319987,85.866127,Assault on Woman,5,Evening,Weekend,Poor,Low,1101,Community,100
INC00190,KIIT Square,20.353079,85.817741,Stalking,4,Morning,Weekday,Moderate,Low,144,Community,65
INC00191,Mancheswar,20.321542,85.865202,Harassment,3,Evening,Weekday,Good,Low,1066,Community,54
INC00192,Jaydev Vihar,20.30387,85.820875,Sexual Harassment,5,Evening,Weekday,Poor,Medium,873,Community,100
INC00193,Old Town,20.240957,85.833358,Harassment,3,Afternoon,Weekend,Poor,Low,146,Police,67
INC00194,Pokhariput,20.253378,85.803764,Stalking,4,Afternoon,Weekend,Good,Low,331,Community,65
INC00195,Vani Vihar,20.299303,85.839094,Sexual Harassment,5,Afternoon,Weekday,Good,High,1324,Community,70
INC00196,KIIT Square,20.351406,85.816304,Stalking,4,Night,Weekend,Good,Medium,692,Community,79
INC00197,Mancheswar,20.323035,85.862924,Assault on Woman,5,Evening,Weekday,Good,Medium,552,Community,82
INC00198,Pokhariput,20.257278,85.806469,Kidnapping Attempt,5,Evening,Weekend,Moderate,Medium,805,Police,98
INC00199,Dumduma,20.263498,85.791895,Stalking,4,Evening,Weekend,Poor,Medium,561,Community,85
INC00200,KIIT Square,20.355807,85.818344,Assault on Woman,5,Afternoon,Weekend,Good,High,1424,Community,77
INC00201,Infocity,20.345976,85.813309,Assault on Woman,5,Evening,Weekday,Moderate,High,249,Community,97
INC00202,CRP Square,20.317442,85.820819,Harassment,3,Night,Weekday,Good,High,340,Police,62
INC00203,Vani Vihar,20.29638,85.840436,Snatching,3,Evening,Weekend,Good,Medium,1428,Community,52
INC00204,Dumduma,20.263796,85.795817,Suspicious Activity,2,Night,Weekday,Poor,Medium,516,Community,66
INC00205,Mancheswar,20.323448,85.861097,Suspicious Activity,2,Evening,Weekday,Moderate,Low,704,Community,48
INC00206,Lingaraj,20.241474,85.834304,Assault on Woman,5,Night,Weekend,Moderate,Low,1100,Police,100
INC00207,Master Canteen,20.27077,85.839016,Harassment,3,Night,Weekday,Moderate,Low,1210,Police,65
INC00208,Infocity,20.345009,85.817586,Kidnapping Attempt,5,Evening,Weekend,Poor,High,409,Community,100
INC00209,Old Town,20.238826,85.836603,Harassment,3,Night,Weekday,Poor,High,1189,Community,75
INC00210,Dumduma,20.264214,85.79272,Snatching,3,Evening,Weekday,Poor,Medium,467,Community,69
INC00211,Rasulgarh,20.290459,85.872891,Harassment,3,Afternoon,Weekday,Moderate,Medium,931,Community,53
INC00212,Baramunda,20.272087,85.804922,Snatching,3,Night,Weekday,Poor,High,876,Community,82
INC00213,Patia,20.352596,85.821572,Snatching,3,Evening,Weekday,Moderate,Low,295,Police,58
INC00214,Saheed Nagar,20.297954,85.841601,Kidnapping Attempt,5,Afternoon,Weekday,Poor,Medium,674,Police,99
INC00215,Acharya Vihar,20.298887,85.837769,Kidnapping Attempt,5,Evening,Weekday,Poor,Low,915,Police,100
INC00216,Mancheswar,20.324008,85.863335,Harassment,3,Night,Weekend,Moderate,Low,386,Police,66
INC00217,KIIT Square,20.351393,85.815456,Harassment,3,Evening,Weekend,Moderate,Medium,768,Community,62
INC00218,CRP Square,20.315318,85.821253,Harassment,3,Afternoon,Weekday,Moderate,Medium,1366,Community,53
INC00219,Infocity,20.34328,85.817703,Harassment,3,Afternoon,Weekend,Moderate,Medium,287,Community,54
INC00220,Old Town,20.235613,85.831524,Sexual Harassment,5,Evening,Weekday,Moderate,Medium,311,Community,93
INC00221,Vani Vihar,20.295947,85.841311,Assault on Woman,5,Afternoon,Weekday,Moderate,High,1245,Police,83
INC00222,Lingaraj,20.241614,85.83261,Harassment,3,Afternoon,Weekend,Good,High,713,Community,41
INC00223,Khandagiri,20.258825,85.781775,Kidnapping Attempt,5,Evening,Weekend,Moderate,High,113,Police,93
INC00224,Nayapalli,20.295584,85.806941,Stalking,4,Night,Weekend,Moderate,Medium,1335,Police,83
INC00225,Nayapalli,20.295389,85.803915,Harassment,3,Night,Weekend,Moderate,Low,596,Community,69
INC00226,Old Town,20.238383,85.834553,Harassment,3,Evening,Weekend,Poor,Medium,1045,Police,71
INC00227,Baramunda,20.267415,85.806087,Suspicious Activity,2,Night,Weekday,Poor,High,720,Community,70
INC00228,Kalpana Square,20.257444,85.845944,Sexual Harassment,5,Evening,Weekday,Moderate,Medium,956,Community,93
INC00229,Chandrasekharpur,20.332946,85.82013,Sexual Harassment,5,Evening,Weekend,Good,Low,1487,Community,83
INC00230,Chandrasekharpur,20.330552,85.821064,Harassment,3,Evening,Weekday,Moderate,Medium,1012,Community,65
INC00231,Old Town,20.237897,85.832773,Eve-teasing,2,Night,Weekend,Good,Low,390,Community,45
INC00232,Saheed Nagar,20.29589,85.838786,Assault on Woman,5,Night,Weekday,Moderate,High,191,Police,96
INC00233,Nayapalli,20.297063,85.802986,Assault on Woman,5,Night,Weekend,Good,High,427,Community,91
INC00234,Rasulgarh,20.291079,85.869118,Sexual Harassment,5,Night,Weekend,Moderate,Low,504,Community,100
INC00235,Patia,20.353335,85.821014,Snatching,3,Night,Weekday,Good,High,1199,Community,60
INC00236,Master Canteen,20.270024,85.840937,Harassment,3,Night,Weekend,Moderate,Medium,903,Community,70
INC00237,Master Canteen,20.270882,85.842236,Assault on Woman,5,Afternoon,Weekend,Moderate,High,374,Community,83
INC00238,Chandrasekharpur,20.333161,85.821065,Harassment,3,Evening,Weekday,Good,Medium,480,Community,56
INC00239,Pokhariput,20.253733,85.802123,Harassment,3,Night,Weekend,Moderate,Low,119,Community,68
INC00240,Pokhariput,20.25497,85.805108,Assault on Woman,5,Evening,Weekend,Poor,Medium,269,Community,100
INC00241,KIIT Square,20.353226,85.816009,Harassment,3,Evening,Weekday,Poor,Low,1225,Community,77
INC00242,Khandagiri,20.25944,85.781001,Sexual Harassment,5,Night,Weekday,Good,Low,1218,Community,91
INC00243,Rasulgarh,20.293296,85.870698,Harassment,3,Evening,Weekday,Poor,Medium,340,Police,71
INC00244,Mancheswar,20.324166,85.864662,Snatching,3,Evening,Weekend,Moderate,Low,523,Police,67
INC00245,Pokhariput,20.255233,85.802942,Harassment,3,Night,Weekday,Good,High,1153,Police,65
INC00246,Jaydev Vihar,20.302714,85.822513,Eve-teasing,2,Night,Weekday,Poor,High,371,Community,65
INC00247,Lingaraj,20.243465,85.832612,Stalking,4,Evening,Weekend,Moderate,Medium,290,Community,77
INC00248,Master Canteen,20.267964,85.838015,Eve-teasing,2,Night,Weekday,Poor,Low,1038,Community,65
INC00249,Pokhariput,20.257809,85.805949,Stalking,4,Evening,Weekend,Moderate,High,1220,Community,82
INC00250,Nayapalli,20.297574,85.802276,Suspicious Activity,2,Evening,Weekend,Poor,High,423,Community,53
INC00251,Saheed Nagar,20.299256,85.843493,Eve-teasing,2,Evening,Weekday,Poor,Low,291,Community,57
INC00252,Old Town,20.238893,85.831311,Snatching,3,Evening,Weekday,Poor,Low,979,Community,69
INC00253,Saheed Nagar,20.294596,85.839557,Stalking,4,Night,Weekday,Good,Medium,346,Police,76
INC00254,CRP Square,20.314298,85.823385,Harassment,3,Afternoon,Weekday,Moderate,Low,380,Community,52
INC00255,Infocity,20.341051,85.8169,Assault on Woman,5,Evening,Weekend,Poor,Medium,410,Police,100
INC00256,Saheed Nagar,20.294403,85.842715,Harassment,3,Evening,Weekend,Moderate,Low,744,Police,61
INC00257,Infocity,20.344606,85.817327,Harassment,3,Afternoon,Weekday,Poor,High,1448,Police,63
INC00258,Lingaraj,20.240327,85.836387,Harassment,3,Night,Weekday,Moderate,High,1123,Community,66
INC00259,Old Town,20.235792,85.836165,Kidnapping Attempt,5,Evening,Weekday,Moderate,Medium,1064,Police,89
INC00260,Mancheswar,20.320573,85.861239,Harassment,3,Morning,Weekend,Poor,Medium,1387,Police,66
INC00261,Lingaraj,20.243219,85.834696,Harassment,3,Afternoon,Weekend,Moderate,Medium,516,Police,52
INC00262,Lingaraj,20.244579,85.834899,Assault on Woman,5,Evening,Weekend,Moderate,Medium,588,Community,89
INC00263,Chandrasekharpur,20.332653,85.819856,Stalking,4,Night,Weekend,Poor,High,381,Police,92
INC00264,Old Town,20.239698,85.835325,Assault on Woman,5,Afternoon,Weekday,Good,Low,650,Police,71
INC00265,Nayapalli,20.294632,85.802383,Sexual Harassment,5,Night,Weekend,Moderate,High,1032,Community,95
INC00266,Mancheswar,20.319944,85.86564,Harassment,3,Night,Weekday,Poor,High,1142,Community,75
INC00267,KIIT Square,20.352298,85.815901,Stalking,4,Night,Weekday,Poor,Medium,1442,Community,95
INC00268,Kalpana Square,20.25892,85.844956,Kidnapping Attempt,5,Evening,Weekday,Good,Medium,207,Community,86
INC00269,Lingaraj,20.242791,85.832694,Harassment,3,Night,Weekend,Moderate,Medium,116,Community,69
INC00270,Vani Vihar,20.29621,85.844831,Harassment,3,Night,Weekday,Poor,Low,1219,Police,78
INC00271,Patia,20.352243,85.819749,Kidnapping Attempt,5,Evening,Weekend,Poor,High,786,Community,100
INC00272,Baramunda,20.270179,85.802429,Harassment,3,Evening,Weekend,Good,Low,673,Community,51
INC00273,Old Town,20.239487,85.834485,Stalking,4,Evening,Weekday,Moderate,Medium,1312,Community,79
INC00274,Rasulgarh,20.292405,85.873556,Harassment,3,Evening,Weekday,Poor,Medium,1027,Community,69
INC00275,Jaydev Vihar,20.301508,85.817932,Sexual Harassment,5,Afternoon,Weekend,Moderate,Medium,1197,Community,83
INC00276,Baramunda,20.272115,85.801543,Stalking,4,Night,Weekday,Moderate,Low,1335,Community,85
INC00277,Infocity,20.34681,85.815377,Snatching,3,Morning,Weekend,Good,Low,456,Community,46
INC00278,Pokhariput,20.253499,85.803772,Snatching,3,Night,Weekend,Good,High,555,Community,61
INC00279,Infocity,20.342553,85.817876,Assault on Woman,5,Morning,Weekend,Good,Low,1008,Police,71
INC00280,Chandrasekharpur,20.331766,85.819008,Harassment,3,Evening,Weekday,Poor,Medium,160,Community,74
INC00281,Old Town,20.236123,85.832679,Harassment,3,Night,Weekend,Good,Medium,603,Community,62
INC00282,Pokhariput,20.252526,85.803298,Stalking,4,Evening,Weekday,Moderate,Low,610,Community,81
INC00283,Lingaraj,20.242155,85.834267,Sexual Harassment,5,Evening,Weekend,Poor,Medium,895,Community,98
INC00284,Vani Vihar,20.299375,85.843671,Harassment,3,Morning,Weekday,Poor,Medium,1296,Police,62
INC00285,Rasulgarh,20.288899,85.872898,Snatching,3,Night,Weekend,Good,Low,549,Community,61
INC00286,Acharya Vihar,20.300555,85.836837,Harassment,3,Night,Weekday,Poor,High,820,Police,84
INC00287,Mancheswar,20.32402,85.865862,Kidnapping Attempt,5,Night,Weekday,Moderate,High,177,Community,98
INC00288,Patia,20.352104,85.822007,Assault on Woman,5,Afternoon,Weekday,Good,Low,762,Community,72
INC00289,Chandrasekharpur,20.334164,85.823763,Suspicious Activity,2,Evening,Weekday,Poor,Medium,306,Community,58
INC00290,Acharya Vihar,20.299621,85.835836,Snatching,3,Evening,Weekend,Moderate,Low,1250,Community,67
INC00291,Rasulgarh,20.292187,85.87027,Snatching,3,Night,Weekend,Good,High,103,Police,64
INC00292,Mancheswar,20.322614,85.866526,Harassment,3,Night,Weekday,Good,Medium,1116,Community,56
INC00293,Old Town,20.236007,85.836312,Eve-teasing,2,Morning,Weekday,Poor,Medium,787,Community,49
INC00294,Rasulgarh,20.289403,85.872722,Snatching,3,Night,Weekend,Good,Medium,959,Police,61
INC00295,Lingaraj,20.242252,85.835973,Stalking,4,Night,Weekday,Moderate,Low,561,Community,81
INC00296,Baramunda,20.268567,85.801628,Harassment,3,Evening,Weekend,Poor,High,253,Community,69
INC00297,Vani Vihar,20.299359,85.843227,Eve-teasing,2,Evening,Weekend,Poor,Medium,989,Community,54
INC00298,Saheed Nagar,20.296256,85.841525,Eve-teasing,2,Night,Weekend,Moderate,Medium,709,Community,50
INC00299,Mancheswar,20.321946,85.861327,Assault on Woman,5,Morning,Weekday,Good,Low,1380,Community,73
INC00300,Patia,20.355929,85.822362,Harassment,3,Evening,Weekend,Good,Low,1064,Community,58
INC00301,Infocity,20.343325,85.815226,Assault on Woman,5,Evening,Weekend,Good,High,1000,Community,81
INC00302,Mancheswar,20.323513,85.865005,Harassment,3,Morning,Weekend,Moderate,Medium,1307,Community,50
INC00303,Dumduma,20.264213,85.796201,Stalking,4,Evening,Weekday,Poor,Medium,261,Community,83
INC00304,Chandrasekharpur,20.331694,85.823694,Kidnapping Attempt,5,Afternoon,Weekend,Good,High,187,Community,80
INC00305,Saheed Nagar,20.297563,85.843205,Eve-teasing,2,Afternoon,Weekend,Poor,Low,237,Community,53
INC00306,Pokhariput,20.253657,85.803749,Stalking,4,Night,Weekend,Poor,Medium,1170,Police,91
INC00307,Jaydev Vihar,20.301528,85.82155,Harassment,3,Night,Weekend,Poor,Medium,306,Police,83
INC00308,Kalpana Square,20.260929,85.843432,Harassment,3,Evening,Weekday,Good,Medium,1366,Community,54
INC00309,Lingaraj,20.241989,85.832425,Suspicious Activity,2,Night,Weekend,Poor,Low,141,Community,64
INC00310,Khandagiri,20.259649,85.782909,Suspicious Activity,2,Night,Weekend,Good,Medium,1007,Police,45
INC00311,Kalpana Square,20.257536,85.84265,Assault on Woman,5,Night,Weekday,Moderate,Medium,1157,Police,95
INC00312,Infocity,20.344041,85.813814,Stalking,4,Night,Weekday,Poor,High,494,Police,93
INC00313,Rasulgarh,20.287603,85.870162,Harassment,3,Afternoon,Weekday,Moderate,Medium,912,Community,51
INC00314,Rasulgarh,20.290864,85.869066,Stalking,4,Night,Weekday,Moderate,Medium,434,Police,84
INC00315,Baramunda,20.267298,85.806123,Harassment,3,Night,Weekend,Good,High,561,Community,59
INC00316,Dumduma,20.265682,85.795605,Harassment,3,Morning,Weekend,Poor,Medium,1331,Police,63
INC00317,Vani Vihar,20.295833,85.844802,Sexual Harassment,5,Evening,Weekend,Moderate,Medium,814,Community,91
INC00318,Baramunda,20.271946,85.803383,Snatching,3,Afternoon,Weekend,Moderate,Medium,866,Community,59
INC00319,Baramunda,20.26989,85.803018,Snatching,3,Afternoon,Weekend,Moderate,High,1443,Police,60
INC00320,Saheed Nagar,20.298393,85.843598,Harassment,3,Night,Weekday,Poor,Medium,1452,Community,77
INC00321,CRP Square,20.313557,85.821511,Eve-teasing,2,Evening,Weekday,Good,Low,1271,Police,38
INC00322,Pokhariput,20.254854,85.806644,Assault on Woman,5,Evening,Weekend,Moderate,High,1446,Police,90
INC00323,Chandrasekharpur,20.333446,85.822351,Stalking,4,Evening,Weekend,Poor,Low,787,Community,86
INC00324,Rasulgarh,20.289143,85.872729,Snatching,3,Evening,Weekday,Good,High,341,Community,58
INC00325,CRP Square,20.315003,85.824205,Suspicious Activity,2,Evening,Weekend,Good,High,408,Community,36
INC00326,Kalpana Square,20.262357,85.84592,Eve-teasing,2,Afternoon,Weekday,Poor,High,265,Community,55
INC00327,Nayapalli,20.293028,85.803641,Assault on Woman,5,Night,Weekday,Good,Low,1102,Police,86
INC00328,Vani Vihar,20.296576,85.841574,Stalking,4,Evening,Weekday,Good,Medium,864,Police,68
INC00329,Patia,20.35586,85.817993,Snatching,3,Night,Weekday,Moderate,High,885,Community,69
INC00330,Infocity,20.342789,85.814745,Sexual Harassment,5,Night,Weekend,Moderate,Medium,374,Community,100
INC00331,Saheed Nagar,20.299241,85.843072,Harassment,3,Morning,Weekday,Good,Low,532,Police,49
INC00332,Chandrasekharpur,20.332903,85.818224,Stalking,4,Night,Weekday,Good,Medium,199,Community,70
INC00333,Patia,20.352795,85.819166,Harassment,3,Afternoon,Weekday,Good,Low,520,Community,50
INC00334,Baramunda,20.267606,85.804122,Stalking,4,Evening,Weekday,Poor,Medium,314,Community,92
INC00335,Baramunda,20.267638,85.802192,Harassment,3,Afternoon,Weekend,Good,Medium,513,Community,46
INC00336,Acharya Vihar,20.299978,85.833246,Harassment,3,Night,Weekend,Moderate,High,1475,Community,66
INC00337,Jaydev Vihar,20.302677,85.81745,Kidnapping Attempt,5,Night,Weekend,Poor,Medium,1035,Police,100
INC00338,Master Canteen,20.270879,85.843245,Harassment,3,Night,Weekday,Moderate,Medium,972,Police,66
INC00339,Patia,20.35608,85.817523,Suspicious Activity,2,Evening,Weekday,Moderate,Medium,290,Community,48
INC00340,Chandrasekharpur,20.334774,85.819631,Stalking,4,Evening,Weekday,Poor,Low,1428,Police,85
INC00341,Jaydev Vihar,20.298352,85.822655,Snatching,3,Afternoon,Weekend,Moderate,Medium,1265,Community,52
INC00342,Old Town,20.240175,85.83628,Assault on Woman,5,Night,Weekend,Poor,Medium,1099,Community,100
INC00343,KIIT Square,20.35393,85.815074,Harassment,3,Night,Weekend,Moderate,Low,1257,Community,75
INC00344,Dumduma,20.265203,85.791571,Assault on Woman,5,Night,Weekday,Good,Medium,1485,Community,87
INC00345,Patia,20.353042,85.821593,Assault on Woman,5,Night,Weekend,Poor,High,1106,Community,100
INC00346,KIIT Square,20.353303,85.817272,Assault on Woman,5,Night,Weekend,Good,Medium,1273,Community,92
INC00347,Nayapalli,20.295984,85.80592,Harassment,3,Afternoon,Weekend,Moderate,Medium,100,Police,59
INC00348,Dumduma,20.264928,85.793737,Assault on Woman,5,Evening,Weekend,Poor,Low,1030,Community,100
INC00349,Old Town,20.235684,85.835556,Snatching,3,Afternoon,Weekday,Moderate,Low,697,Community,55
INC00350,KIIT Square,20.352955,85.819931,Suspicious Activity,2,Night,Weekday,Moderate,High,501,Community,56
INC00351,Master Canteen,20.267143,85.840028,Sexual Harassment,5,Night,Weekend,Good,Medium,1476,Community,92
INC00352,Mancheswar,20.319808,85.863993,Eve-teasing,2,Evening,Weekday,Good,Low,1298,Community,41
INC00353,Mancheswar,20.323891,85.861621,Harassment,3,Night,Weekday,Moderate,Medium,887,Community,74
INC00354,Khandagiri,20.256557,85.780565,Stalking,4,Night,Weekend,Good,Medium,1149,Community,78
INC00355,Pokhariput,20.253205,85.804745,Assault on Woman,5,Afternoon,Weekend,Moderate,Medium,1431,Police,82
INC00356,Chandrasekharpur,20.332374,85.821497,Sexual Harassment,5,Night,Weekday,Poor,Medium,1193,Community,100
INC00357,Dumduma,20.263285,85.791318,Harassment,3,Morning,Weekday,Good,Low,686,Community,42
INC00358,Baramunda,20.270247,85.803152,Harassment,3,Evening,Weekend,Moderate,Medium,1250,Police,68
INC00359,Rasulgarh,20.292081,85.872177,Assault on Woman,5,Night,Weekend,Good,Medium,953,Police,95
INC00360,Pokhariput,20.256462,85.802219,Harassment,3,Night,Weekend,Poor,Medium,561,Police,85
INC00361,Mancheswar,20.32262,85.865657,Assault on Woman,5,Night,Weekday,Good,High,1498,Community,87
INC00362,Lingaraj,20.241675,85.832585,Harassment,3,Afternoon,Weekday,Poor,High,1055,Police,62
INC00363,Jaydev Vihar,20.301581,85.821642,Kidnapping Attempt,5,Evening,Weekend,Poor,Medium,1272,Community,99
INC00364,Dumduma,20.262103,85.791409,Harassment,3,Evening,Weekend,Moderate,Medium,288,Community,61
INC00365,Nayapalli,20.294311,85.806516,Stalking,4,Evening,Weekend,Poor,Low,1429,Community,93
INC00366,Master Canteen,20.269854,85.843512,Harassment,3,Afternoon,Weekend,Good,Low,881,Police,41
INC00367,Khandagiri,20.256197,85.784268,Assault on Woman,5,Night,Weekday,Moderate,Low,1012,Community,99
INC00368,Nayapalli,20.298689,85.803004,Assault on Woman,5,Night,Weekday,Moderate,High,234,Community,100
INC00369,Kalpana Square,20.258233,85.844972,Suspicious Activity,2,Night,Weekday,Poor,Medium,247,Police,62
INC00370,Master Canteen,20.266227,85.838439,Snatching,3,Afternoon,Weekend,Good,High,566,Police,46
INC00371,Master Canteen,20.268598,85.838101,Assault on Woman,5,Night,Weekday,Moderate,Medium,1366,Community,100
INC00372,Infocity,20.344017,85.814739,Stalking,4,Night,Weekday,Moderate,High,996,Community,90
INC00373,CRP Square,20.313319,85.823481,Harassment,3,Night,Weekend,Poor,High,1398,Community,85
INC00374,Patia,20.35543,85.817239,Assault on Woman,5,Morning,Weekday,Moderate,Medium,274,Community,85
INC00375,Kalpana Square,20.262109,85.840855,Kidnapping Attempt,5,Afternoon,Weekday,Moderate,High,334,Community,89
INC00376,Pokhariput,20.255298,85.802744,Stalking,4,Morning,Weekday,Good,Low,1097,Police,60
INC00377,Rasulgarh,20.291017,85.873401,Harassment,3,Evening,Weekend,Moderate,Medium,726,Community,60
INC00378,Nayapalli,20.294012,85.803879,Eve-teasing,2,Night,Weekend,Poor,Medium,666,Police,62
INC00379,CRP Square,20.314152,85.820833,Stalking,4,Evening,Weekday,Good,Medium,674,Police,65
INC00380,Khandagiri,20.25826,85.783165,Snatching,3,Night,Weekday,Poor,Medium,1291,Community,84
INC00381,KIIT Square,20.353261,85.820992,Assault on Woman,5,Evening,Weekend,Poor,Medium,557,Police,100
INC00382,Jaydev Vihar,20.301062,85.819381,Stalking,4,Evening,Weekday,Poor,Low,1357,Community,91
INC00383,Master Canteen,20.269398,85.841395,Harassment,3,Night,Weekday,Good,Low,834,Community,62
INC00384,Infocity,20.342404,85.817012,Harassment,3,Evening,Weekend,Poor,Medium,1031,Police,68
INC00385,Chandrasekharpur,20.332128,85.822978,Snatching,3,Night,Weekend,Good,Medium,456,Community,61
INC00386,Mancheswar,20.324013,85.8641,Snatching,3,Evening,Weekend,Poor,Medium,822,Police,73
INC00387,CRP Square,20.31204,85.824292,Suspicious Activity,2,Evening,Weekday,Good,Medium,675,Community,35
INC00388,Old Town,20.239902,85.834967,Assault on Woman,5,Evening,Weekday,Moderate,High,1482,Community,91
INC00389,Kalpana Square,20.257259,85.843441,Harassment,3,Afternoon,Weekend,Moderate,High,1272,Community,52
INC00390,Acharya Vihar,20.299433,85.837815,Assault on Woman,5,Evening,Weekend,Poor,Low,680,Police,100
INC00391,Vani Vihar,20.299204,85.840023,Eve-teasing,2,Night,Weekend,Moderate,Low,472,Community,58
INC00392,Acharya Vihar,20.299056,85.834721,Snatching,3,Evening,Weekend,Good,Medium,322,Community,56
INC00393,Jaydev Vihar,20.299065,85.82241,Assault on Woman,5,Evening,Weekday,Poor,Medium,340,Community,100
INC00394,Vani Vihar,20.294007,85.844626,Assault on Woman,5,Night,Weekday,Moderate,Medium,188,Community,100
INC00395,CRP Square,20.314287,85.822534,Sexual Harassment,5,Night,Weekend,Poor,Medium,300,Community,100
INC00396,Rasulgarh,20.287803,85.87159,Kidnapping Attempt,5,Evening,Weekday,Good,High,114,Community,79
INC00397,Lingaraj,20.244127,85.832895,Snatching,3,Evening,Weekend,Good,Medium,619,Community,56
INC00398,Mancheswar,20.320653,85.865084,Stalking,4,Night,Weekend,Moderate,Low,1088,Community,88
INC00399,Khandagiri,20.257966,85.783445,Eve-teasing,2,Evening,Weekday,Good,Low,343,Police,40
INC00400,Chandrasekharpur,20.331403,85.820031,Harassment,3,Evening,Weekday,Poor,Low,429,Community,78
INC00401,Infocity,20.34383,85.816601,Sexual Harassment,5,Morning,Weekend,Good,Medium,1347,Community,76
INC00402,Vani Vihar,20.295719,85.844781,Snatching,3,Morning,Weekend,Poor,High,1112,Community,63
INC00403,Saheed Nagar,20.297397,85.841295,Harassment,3,Afternoon,Weekday,Good,High,589,Community,42
INC00404,Khandagiri,20.256619,85.781171,Sexual Harassment,5,Evening,Weekend,Moderate,Low,240,Police,96
INC00405,Pokhariput,20.254089,85.80678,Kidnapping Attempt,5,Afternoon,Weekday,Moderate,High,927,Community,84
INC00406,Kalpana Square,20.260352,85.843019,Assault on Woman,5,Evening,Weekend,Good,Medium,627,Police,87
INC00407,Master Canteen,20.269379,85.84262,Eve-teasing,2,Night,Weekend,Poor,Medium,1043,Police,60
INC00408,Chandrasekharpur,20.331296,85.822732,Harassment,3,Afternoon,Weekday,Poor,Low,944,Police,68
INC00409,Khandagiri,20.255058,85.782842,Harassment,3,Night,Weekend,Good,Low,1075,Community,58
INC00410,Acharya Vihar,20.301099,85.83746,Kidnapping Attempt,5,Evening,Weekday,Good,Low,643,Community,81
INC00411,Vani Vihar,20.298674,85.839719,Stalking,4,Morning,Weekday,Poor,Medium,113,Police,83
INC00412,CRP Square,20.313893,85.824389,Stalking,4,Night,Weekend,Moderate,High,474,Police,88
INC00413,Lingaraj,20.24346,85.831325,Harassment,3,Night,Weekday,Moderate,Medium,1129,Community,75
INC00414,Master Canteen,20.270189,85.84076,Eve-teasing,2,Night,Weekend,Good,High,1289,Community,45
INC00415,Acharya Vihar,20.298423,85.834828,Assault on Woman,5,Evening,Weekend,Moderate,Medium,531,Community,93
INC00416,Lingaraj,20.241079,85.831787,Harassment,3,Evening,Weekend,Good,High,652,Police,56
INC00417,Lingaraj,20.2448,85.835431,Harassment,3,Evening,Weekend,Good,Medium,375,Police,58
INC00418,CRP Square,20.315373,85.822407,Stalking,4,Evening,Weekday,Poor,High,620,Community,93
INC00419,Master Canteen,20.267559,85.840162,Snatching,3,Evening,Weekday,Poor,Medium,943,Community,78
INC00420,Mancheswar,20.322895,85.862047,Assault on Woman,5,Night,Weekday,Moderate,Medium,1098,Police,100
INC00421,Lingaraj,20.242783,85.83674,Assault on Woman,5,Night,Weekend,Moderate,Low,963,Community,100
INC00422,Infocity,20.343062,85.814881,Harassment,3,Night,Weekend,Poor,Medium,909,Community,82
INC00423,Mancheswar,20.321702,85.862004,Assault on Woman,5,Night,Weekday,Good,High,615,Police,86
INC00424,Acharya Vihar,20.297573,85.837621,Stalking,4,Evening,Weekday,Good,Low,1173,Police,64
INC00425,Khandagiri,20.255006,85.78439,Assault on Woman,5,Evening,Weekday,Good,Low,1007,Community,80
INC00426,Patia,20.354241,85.821992,Harassment,3,Night,Weekday,Moderate,Low,657,Community,67
INC00427,Mancheswar,20.322786,85.864815,Assault on Woman,5,Evening,Weekday,Moderate,Medium,734,Police,95
INC00428,Infocity,20.343195,85.814559,Stalking,4,Evening,Weekday,Good,Low,379,Community,70
INC00429,CRP Square,20.314862,85.819055,Kidnapping Attempt,5,Evening,Weekend,Good,High,114,Community,81
INC00430,Pokhariput,20.253499,85.80529,Stalking,4,Evening,Weekend,Poor,High,262,Community,86
INC00431,Baramunda,20.270192,85.802613,Assault on Woman,5,Afternoon,Weekend,Good,High,326,Community,79
INC00432,Khandagiri,20.257452,85.780724,Snatching,3,Afternoon,Weekend,Poor,High,309,Community,62
INC00433,Patia,20.353004,85.819461,Harassment,3,Evening,Weekend,Moderate,Low,860,Community,58
INC00434,Infocity,20.34671,85.813336,Suspicious Activity,2,Night,Weekend,Good,Medium,493,Police,44
INC00435,Patia,20.356709,85.817994,Harassment,3,Night,Weekday,Moderate,Low,168,Community,66
INC00436,CRP Square,20.317767,85.824617,Stalking,4,Afternoon,Weekend,Poor,Low,1225,Community,79
INC00437,Baramunda,20.272325,85.806182,Harassment,3,Afternoon,Weekday,Good,Medium,764,Community,44
INC00438,Lingaraj,20.240054,85.831252,Sexual Harassment,5,Night,Weekday,Moderate,Medium,860,Police,98
INC00439,CRP Square,20.315712,85.824585,Harassment,3,Night,Weekday,Moderate,High,1420,Community,73
INC00440,Jaydev Vihar,20.2999,85.82035,Stalking,4,Evening,Weekend,Moderate,Low,495,Community,79
INC00441,Jaydev Vihar,20.298237,85.82124,Harassment,3,Evening,Weekend,Moderate,Medium,1260,Community,63
INC00442,Master Canteen,20.270988,85.843487,Harassment,3,Evening,Weekend,Good,High,705,Police,56
INC00443,Master Canteen,20.269828,85.840274,Harassment,3,Afternoon,Weekend,Good,Low,1370,Community,41
INC00444,Saheed Nagar,20.296785,85.841509,Assault on Woman,5,Evening,Weekday,Moderate,Medium,326,Community,98
INC00445,KIIT Square,20.350779,85.820241,Suspicious Activity,2,Afternoon,Weekend,Moderate,High,1269,Community,41
INC00446,Dumduma,20.264542,85.791295,Assault on Woman,5,Afternoon,Weekend,Poor,High,527,Community,91
INC00447,KIIT Square,20.354461,85.820343,Stalking,4,Night,Weekday,Poor,High,1363,Community,90
INC00448,Baramunda,20.268295,85.804117,Harassment,3,Afternoon,Weekday,Good,Medium,495,Community,43
INC00449,Pokhariput,20.254491,85.801633,Snatching,3,Evening,Weekday,Moderate,Medium,1462,Community,59
INC00450,Acharya Vihar,20.300028,85.835945,Assault on Woman,5,Evening,Weekend,Moderate,Low,745,Community,93
INC00451,Kalpana Square,20.259584,85.844355,Sexual Harassment,5,Evening,Weekend,Moderate,High,1226,Police,92
INC00452,Master Canteen,20.268383,85.842358,Stalking,4,Night,Weekday,Moderate,Medium,718,Community,83
INC00453,Nayapalli,20.297932,85.806138,Harassment,3,Afternoon,Weekend,Moderate,Medium,1270,Community,50
INC00454,Old Town,20.23659,85.836338,Harassment,3,Afternoon,Weekday,Good,Medium,1268,Community,43
INC00455,Nayapalli,20.294037,85.806954,Sexual Harassment,5,Night,Weekend,Moderate,Low,1319,Community,95
INC00456,Infocity,20.346531,85.815006,Sexual Harassment,5,Night,Weekday,Moderate,Low,346,Police,98
INC00457,Lingaraj,20.243146,85.832916,Harassment,3,Evening,Weekend,Moderate,Medium,413,Community,64
INC00458,Vani Vihar,20.29454,85.841592,Assault on Woman,5,Night,Weekend,Good,Medium,1074,Community,85
INC00459,Khandagiri,20.257511,85.783443,Harassment,3,Afternoon,Weekday,Good,Medium,1099,Community,49
INC00460,Pokhariput,20.256414,85.802477,Assault on Woman,5,Morning,Weekend,Poor,Medium,1279,Community,100
INC00461,Kalpana Square,20.258143,85.842067,Stalking,4,Night,Weekday,Poor,High,816,Community,97
INC00462,Master Canteen,20.270909,85.839198,Harassment,3,Evening,Weekday,Poor,Low,330,Police,71
INC00463,Baramunda,20.271163,85.801668,Harassment,3,Evening,Weekend,Good,High,1201,Community,56
INC00464,Pokhariput,20.25638,85.801848,Stalking,4,Night,Weekday,Good,Medium,1458,Community,74
INC00465,KIIT Square,20.354735,85.818708,Harassment,3,Morning,Weekend,Poor,High,895,Community,70
INC00466,Chandrasekharpur,20.334204,85.821896,Harassment,3,Afternoon,Weekday,Moderate,Low,303,Police,57
INC00467,Acharya Vihar,20.302801,85.835364,Harassment,3,Night,Weekday,Good,Low,724,Community,61
INC00468,Patia,20.354211,85.820251,Stalking,4,Afternoon,Weekday,Poor,Medium,226,Community,81
INC00469,Pokhariput,20.253353,85.803051,Kidnapping Attempt,5,Evening,Weekday,Good,Low,1166,Police,87
INC00470,Kalpana Square,20.257916,85.845823,Harassment,3,Night,Weekday,Moderate,Medium,523,Community,74
INC00471,Jaydev Vihar,20.302231,85.820143,Stalking,4,Afternoon,Weekday,Poor,Low,397,Community,84
INC00472,Nayapalli,20.296198,85.806317,Harassment,3,Afternoon,Weekend,Poor,High,160,Police,66
INC00473,Baramunda,20.272603,85.806365,Stalking,4,Night,Weekend,Good,Low,318,Community,70
INC00474,Vani Vihar,20.295385,85.840393,Assault on Woman,5,Night,Weekend,Moderate,Medium,1076,Community,100
INC00475,Old Town,20.237325,85.833843,Harassment,3,Afternoon,Weekday,Good,Medium,130,Police,46
INC00476,Saheed Nagar,20.294197,85.843763,Sexual Harassment,5,Night,Weekend,Poor,Medium,765,Police,100
INC00477,Lingaraj,20.243648,85.835946,Sexual Harassment,5,Night,Weekday,Moderate,Low,1271,Community,100
INC00478,Dumduma,20.263741,85.796267,Harassment,3,Night,Weekday,Good,Medium,180,Community,63
INC00479,Saheed Nagar,20.296188,85.840027,Harassment,3,Night,Weekday,Moderate,Medium,1355,Police,73
INC00480,Master Canteen,20.26871,85.842336,Sexual Harassment,5,Afternoon,Weekend,Poor,Low,1219,Community,96
INC00481,Master Canteen,20.268722,85.84338,Harassment,3,Night,Weekday,Poor,High,763,Community,77
INC00482,Infocity,20.343696,85.815178,Harassment,3,Evening,Weekend,Moderate,Low,1147,Community,60
INC00483,Pokhariput,20.25661,85.806474,Stalking,4,Evening,Weekend,Poor,High,396,Community,83
INC00484,Baramunda,20.271612,85.803678,Stalking,4,Evening,Weekday,Good,High,515,Community,67
INC00485,Master Canteen,20.268992,85.842845,Stalking,4,Evening,Weekend,Moderate,High,1450,Community,79
INC00486,Infocity,20.341039,85.818293,Assault on Woman,5,Afternoon,Weekday,Moderate,Low,525,Community,82
INC00487,Old Town,20.240123,85.835002,Harassment,3,Night,Weekday,Good,Low,200,Community,57
INC00488,Baramunda,20.271149,85.80457,Assault on Woman,5,Night,Weekday,Good,Medium,1285,Community,85
INC00489,Baramunda,20.272385,85.805922,Stalking,4,Night,Weekend,Poor,High,1064,Community,94
INC00490,Dumduma,20.262259,85.792254,Stalking,4,Morning,Weekend,Moderate,Low,1183,Police,72
INC00491,Kalpana Square,20.258899,85.843152,Assault on Woman,5,Night,Weekend,Moderate,High,1252,Community,100
INC00492,CRP Square,20.317302,85.820396,Sexual Harassment,5,Afternoon,Weekday,Good,High,1052,Community,71
INC00493,Vani Vihar,20.296484,85.841003,Eve-teasing,2,Evening,Weekday,Moderate,High,512,Community,47
INC00494,Baramunda,20.2703,85.805602,Stalking,4,Afternoon,Weekday,Moderate,Medium,1265,Community,65
INC00495,Saheed Nagar,20.295828,85.842235,Stalking,4,Night,Weekend,Poor,Medium,1086,Community,97
INC00496,Master Canteen,20.268484,85.842456,Sexual Harassment,5,Night,Weekday,Good,Low,746,Community,85
INC00497,Mancheswar,20.323797,85.866328,Snatching,3,Evening,Weekday,Poor,High,163,Community,74
INC00498,Mancheswar,20.320124,85.861701,Assault on Woman,5,Night,Weekend,Moderate,Low,164,Community,96
INC00499,Rasulgarh,20.292277,85.869816,Stalking,4,Evening,Weekend,Good,Medium,176,Police,64
INC00500,Dumduma,20.263896,85.794,Harassment,3,Afternoon,Weekday,Poor,Low,1172,Community,65
INC00501,Chandrasekharpur,20.334628,85.82206,Sexual Harassment,5,Afternoon,Weekday,Poor,Medium,1169,Community,94
INC00502,Vani Vihar,20.296,85.844335,Suspicious Activity,2,Afternoon,Weekday,Poor,Low,146,Community,49
INC00503,Nayapalli,20.294719,85.805194,Harassment,3,Night,Weekday,Poor,High,422,Community,75
INC00504,Saheed Nagar,20.297096,85.839826,Assault on Woman,5,Night,Weekend,Poor,Medium,450,Community,100
INC00505,Pokhariput,20.25278,85.803824,Stalking,4,Night,Weekend,Good,High,973,Community,79
INC00506,Vani Vihar,20.295994,85.840189,Stalking,4,Night,Weekend,Poor,High,1053,Community,91
INC00507,Chandrasekharpur,20.333107,85.822261,Stalking,4,Evening,Weekend,Good,High,1363,Community,68
INC00508,Acharya Vihar,20.300991,85.836733,Snatching,3,Night,Weekend,Moderate,High,1073,Community,72
INC00509,Acharya Vihar,20.299092,85.835448,Harassment,3,Evening,Weekday,Moderate,Low,319,Community,68
INC00510,Baramunda,20.269405,85.803481,Assault on Woman,5,Evening,Weekend,Moderate,Low,886,Community,91
INC00511,Kalpana Square,20.259053,85.844165,Assault on Woman,5,Afternoon,Weekend,Poor,Low,1275,Police,91
INC00512,Nayapalli,20.297932,85.803057,Assault on Woman,5,Night,Weekend,Good,High,1321,Police,91
INC00513,CRP Square,20.312369,85.820306,Assault on Woman,5,Afternoon,Weekday,Moderate,Low,100,Police,90
INC00514,Master Canteen,20.26834,85.841468,Assault on Woman,5,Afternoon,Weekend,Poor,Medium,1267,Police,100
INC00515,Kalpana Square,20.262491,85.845942,Snatching,3,Evening,Weekend,Moderate,Medium,361,Police,58
INC00516,Pokhariput,20.252005,85.80436,Eve-teasing,2,Night,Weekend,Good,High,163,Community,49
INC00517,Nayapalli,20.295436,85.804611,Snatching,3,Afternoon,Weekend,Good,High,1237,Community,45
INC00518,Jaydev Vihar,20.303236,85.817753,Harassment,3,Morning,Weekday,Moderate,High,1096,Community,52
INC00519,Jaydev Vihar,20.300495,85.819736,Assault on Woman,5,Night,Weekend,Moderate,Medium,468,Community,100
INC00520,Lingaraj,20.241115,85.834627,Stalking,4,Evening,Weekend,Poor,High,1127,Community,91
INC00521,KIIT Square,20.353409,85.819229,Eve-teasing,2,Afternoon,Weekend,Moderate,Medium,390,Police,43
INC00522,Master Canteen,20.26914,85.84166,Assault on Woman,5,Afternoon,Weekend,Moderate,Medium,1469,Community,90
INC00523,Vani Vihar,20.296061,85.843671,Harassment,3,Evening,Weekend,Moderate,Medium,778,Community,62
INC00524,Acharya Vihar,20.302537,85.836497,Harassment,3,Night,Weekday,Moderate,High,1069,Community,74
INC00525,Baramunda,20.270746,85.802721,Sexual Harassment,5,Morning,Weekend,Moderate,Low,669,Community,89
INC00526,Khandagiri,20.254585,85.779469,Suspicious Activity,2,Afternoon,Weekend,Moderate,High,1014,Community,37
INC00527,Rasulgarh,20.292096,85.873172,Stalking,4,Evening,Weekend,Good,High,415,Police,69
INC00528,Rasulgarh,20.291656,85.869004,Snatching,3,Evening,Weekday,Poor,High,641,Police,69
INC00529,Acharya Vihar,20.299857,85.834858,Stalking,4,Night,Weekend,Poor,High,1499,Police,97
INC00530,Jaydev Vihar,20.300608,85.818733,Assault on Woman,5,Night,Weekday,Moderate,Medium,1185,Community,95
INC00531,Pokhariput,20.257737,85.803591,Assault on Woman,5,Night,Weekend,Poor,Medium,646,Police,100
INC00532,Master Canteen,20.270495,85.842406,Sexual Harassment,5,Evening,Weekday,Good,Medium,468,Community,78
INC00533,Infocity,20.341586,85.813623,Harassment,3,Evening,Weekday,Good,High,495,Community,57
INC00534,KIIT Square,20.35394,85.820013,Kidnapping Attempt,5,Night,Weekday,Moderate,Low,345,Community,100
INC00535,Lingaraj,20.245399,85.834396,Snatching,3,Night,Weekday,Poor,Medium,618,Community,85
INC00536,Master Canteen,20.267658,85.840562,Kidnapping Attempt,5,Night,Weekday,Poor,Medium,431,Police,100
INC00537,Lingaraj,20.245976,85.832549,Stalking,4,Night,Weekend,Good,High,510,Community,72
INC00538,Chandrasekharpur,20.333612,85.81931,Harassment,3,Evening,Weekend,Poor,Low,311,Community,69
INC00539,Master Canteen,20.268986,85.841917,Harassment,3,Morning,Weekday,Good,Medium,410,Police,46
INC00540,Dumduma,20.265626,85.793869,Snatching,3,Evening,Weekend,Poor,Low,243,Community,68
INC00541,CRP Square,20.315212,85.82495,Harassment,3,Evening,Weekend,Moderate,High,1425,Community,66
INC00542,Infocity,20.345563,85.81474,Suspicious Activity,2,Afternoon,Weekday,Moderate,Low,1453,Community,41
INC00543,Old Town,20.240311,85.833628,Stalking,4,Afternoon,Weekday,Good,High,1314,Community,61
INC00544,Pokhariput,20.254998,85.80679,Assault on Woman,5,Night,Weekend,Poor,High,794,Community,100
INC00545,Chandrasekharpur,20.332923,85.821139,Harassment,3,Night,Weekday,Poor,Medium,1286,Community,76
INC00546,Jaydev Vihar,20.298114,85.822443,Stalking,4,Evening,Weekend,Good,Medium,129,Community,63
INC00547,Chandrasekharpur,20.330024,85.821546,Stalking,4,Night,Weekend,Good,Medium,1360,Community,73
INC00548,Nayapalli,20.298893,85.80607,Sexual Harassment,5,Evening,Weekday,Poor,Medium,381,Community,100
INC00549,Mancheswar,20.319379,85.862643,Harassment,3,Night,Weekday,Good,Medium,437,Community,64
INC00550,Jaydev Vihar,20.303084,85.820675,Harassment,3,Night,Weekend,Good,Medium,113,Community,56
INC00551,Kalpana Square,20.261753,85.842856,Snatching,3,Afternoon,Weekday,Good,High,1022,Community,42
INC00552,Vani Vihar,20.296999,85.844702,Harassment,3,Evening,Weekday,Poor,Medium,109,Community,71
INC00553,Dumduma,20.264714,85.796176,Eve-teasing,2,Night,Weekday,Moderate,Medium,1382,Community,54
INC00554,Saheed Nagar,20.294695,85.843263,Harassment,3,Night,Weekend,Moderate,High,188,Community,70
INC00555,Saheed Nagar,20.295806,85.843031,Stalking,4,Night,Weekend,Good,Low,1200,Community,70
INC00556,Dumduma,20.26637,85.795328,Harassment,3,Evening,Weekday,Moderate,High,1486,Police,61
INC00557,Nayapalli,20.294423,85.804476,Harassment,3,Afternoon,Weekday,Poor,High,1298,Community,66
INC00558,Saheed Nagar,20.29653,85.840524,Kidnapping Attempt,5,Afternoon,Weekday,Poor,Medium,652,Community,92
INC00559,Mancheswar,20.319819,85.86611,Harassment,3,Evening,Weekday,Good,Medium,704,Community,58
INC00560,Mancheswar,20.32413,85.861519,Eve-teasing,2,Night,Weekend,Moderate,Low,1311,Community,57
INC00561,Patia,20.356517,85.81798,Snatching,3,Evening,Weekday,Moderate,Low,1311,Police,67
INC00562,Kalpana Square,20.25724,85.842824,Eve-teasing,2,Night,Weekend,Good,Medium,1081,Police,41
INC00563,CRP Square,20.315351,85.819075,Harassment,3,Night,Weekday,Poor,High,705,Community,76
INC00564,CRP Square,20.312971,85.821756,Snatching,3,Evening,Weekday,Moderate,Low,1049,Police,64
INC00565,Old Town,20.239223,85.831008,Assault on Woman,5,Evening,Weekend,Moderate,Medium,1187,Community,94
INC00566,Vani Vihar,20.298767,85.843726,Assault on Woman,5,Morning,Weekend,Poor,Low,212,Community,100
INC00567,KIIT Square,20.352194,85.818715,Harassment,3,Evening,Weekday,Good,Medium,237,Community,51
INC00568,Nayapalli,20.293681,85.804871,Harassment,3,Night,Weekend,Moderate,Low,529,Police,68
INC00569,Old Town,20.238021,85.833538,Suspicious Activity,2,Morning,Weekend,Moderate,Medium,1126,Community,36
INC00570,Pokhariput,20.255197,85.802754,Snatching,3,Evening,Weekday,Poor,Low,234,Community,75
INC00571,Infocity,20.342073,85.81875,Stalking,4,Morning,Weekday,Good,High,403,Community,58
INC00572,Baramunda,20.271094,85.80659,Stalking,4,Evening,Weekday,Moderate,Low,143,Community,74
INC00573,Rasulgarh,20.290418,85.870015,Suspicious Activity,2,Evening,Weekend,Poor,Low,1095,Community,61
INC00574,Master Canteen,20.266792,85.842736,Stalking,4,Afternoon,Weekday,Good,Medium,690,Police,55
INC00575,Old Town,20.240737,85.834712,Harassment,3,Afternoon,Weekday,Moderate,High,459,Police,60
INC00576,Acharya Vihar,20.297247,85.8339,Harassment,3,Afternoon,Weekend,Good,High,1251,Police,50
INC00577,Old Town,20.237691,85.836853,Harassment,3,Evening,Weekend,Good,High,1122,Police,55
INC00578,Jaydev Vihar,20.302431,85.822854,Harassment,3,Evening,Weekday,Poor,Medium,693,Police,77
INC00579,Mancheswar,20.324534,85.863032,Snatching,3,Afternoon,Weekday,Moderate,High,1488,Community,54
INC00580,Lingaraj,20.241322,85.833144,Assault on Woman,5,Evening,Weekday,Moderate,High,1178,Community,92
INC00581,Patia,20.357197,85.820562,Harassment,3,Night,Weekday,Poor,Medium,1104,Community,84
INC00582,Old Town,20.239296,85.833566,Stalking,4,Evening,Weekday,Good,Medium,730,Police,71
INC00583,Saheed Nagar,20.296465,85.844156,Snatching,3,Night,Weekday,Good,Low,968,Police,61
INC00584,Mancheswar,20.319862,85.862819,Assault on Woman,5,Night,Weekday,Moderate,Medium,1309,Police,96
INC00585,Kalpana Square,20.25864,85.841049,Assault on Woman,5,Evening,Weekend,Moderate,Low,508,Community,94
INC00586,Pokhariput,20.256937,85.802812,Stalking,4,Evening,Weekday,Moderate,Low,559,Community,73
INC00587,Khandagiri,20.258343,85.782619,Stalking,4,Afternoon,Weekday,Poor,High,467,Community,85
INC00588,Patia,20.353763,85.822466,Harassment,3,Morning,Weekend,Poor,Medium,1258,Community,64
INC00589,Chandrasekharpur,20.333398,85.818105,Stalking,4,Afternoon,Weekend,Moderate,High,1044,Police,67
INC00590,Acharya Vihar,20.299167,85.835817,Harassment,3,Night,Weekday,Good,High,1408,Police,63
INC00591,Acharya Vihar,20.300593,85.833003,Sexual Harassment,5,Evening,Weekday,Moderate,Low,716,Community,93
INC00592,Pokhariput,20.25694,85.801077,Assault on Woman,5,Evening,Weekday,Moderate,Medium,796,Police,90
INC00593,Saheed Nagar,20.295127,85.839331,Harassment,3,Night,Weekday,Moderate,Low,1176,Police,73
INC00594,Kalpana Square,20.257458,85.844913,Stalking,4,Night,Weekend,Moderate,Medium,842,Community,87
INC00595,Acharya Vihar,20.297173,85.836887,Snatching,3,Afternoon,Weekday,Poor,High,564,Community,63
INC00596,Infocity,20.345578,85.81367,Stalking,4,Morning,Weekday,Moderate,Medium,502,Community,75
INC00597,CRP Square,20.313518,85.819397,Harassment,3,Night,Weekday,Poor,Low,1332,Community,78
INC00598,Old Town,20.235873,85.835477,Harassment,3,Afternoon,Weekday,Moderate,Medium,1125,Police,59
INC00599,Dumduma,20.261595,85.794469,Assault on Woman,5,Morning,Weekday,Good,High,677,Community,78
INC00600,Chandrasekharpur,20.334523,85.823108,Kidnapping Attempt,5,Evening,Weekend,Poor,High,1479,Police,100
INC00601,Lingaraj,20.243086,85.833445,Stalking,4,Night,Weekend,Moderate,Medium,1164,Community,85
INC00602,Pokhariput,20.252493,85.803962,Snatching,3,Evening,Weekend,Moderate,Low,1009,Community,64
INC00603,Kalpana Square,20.257418,85.845046,Harassment,3,Evening,Weekend,Poor,High,1480,Community,69
INC00604,Master Canteen,20.270059,85.838715,Assault on Woman,5,Evening,Weekend,Poor,Low,445,Community,100
INC00605,Saheed Nagar,20.299744,85.838937,Assault on Woman,5,Night,Weekend,Poor,High,1291,Community,100
INC00606,Old Town,20.238619,85.833427,Stalking,4,Evening,Weekend,Good,Low,321,Community,70
INC00607,Rasulgarh,20.288108,85.868598,Assault on Woman,5,Morning,Weekend,Good,Medium,466,Community,80
INC00608,Jaydev Vihar,20.301739,85.821561,Stalking,4,Night,Weekend,Moderate,Medium,1054,Community,90
INC00609,CRP Square,20.315255,85.823857,Assault on Woman,5,Evening,Weekend,Good,Low,981,Police,79
INC00610,Master Canteen,20.268258,85.840758,Stalking,4,Morning,Weekend,Moderate,Low,720,Police,67
INC00611,Kalpana Square,20.261294,85.842925,Harassment,3,Afternoon,Weekday,Poor,Medium,1204,Community,67
INC00612,Dumduma,20.26258,85.794546,Harassment,3,Evening,Weekday,Poor,Low,682,Community,68
INC00613,Jaydev Vihar,20.300093,85.821452,Suspicious Activity,2,Morning,Weekend,Poor,Medium,299,Community,50
INC00614,Old Town,20.236465,85.832408,Harassment,3,Evening,Weekday,Good,Medium,724,Community,50
INC00615,Pokhariput,20.254765,85.80618,Stalking,4,Evening,Weekend,Poor,High,1061,Community,88
INC00616,Mancheswar,20.322435,85.86585,Stalking,4,Afternoon,Weekend,Poor,Medium,1129,Police,85
INC00617,Acharya Vihar,20.29918,85.834616,Assault on Woman,5,Evening,Weekday,Poor,Low,1197,Community,100
INC00618,Baramunda,20.269412,85.802355,Eve-teasing,2,Night,Weekday,Good,Low,294,Community,44
INC00619,Mancheswar,20.321852,85.862258,Sexual Harassment,5,Night,Weekend,Poor,Medium,714,Community,100
INC00620,Saheed Nagar,20.295308,85.841292,Stalking,4,Night,Weekend,Moderate,Low,1385,Police,82
INC00621,Saheed Nagar,20.298743,85.843829,Snatching,3,Afternoon,Weekday,Moderate,Low,988,Police,60
INC00622,Dumduma,20.263775,85.792442,Harassment,3,Night,Weekday,Poor,Low,940,Community,76
INC00623,Kalpana Square,20.258722,85.840964,Harassment,3,Night,Weekend,Good,High,407,Community,58
INC00624,Master Canteen,20.271948,85.840532,Stalking,4,Night,Weekday,Good,High,159,Community,74
INC00625,KIIT Square,20.352915,85.815119,Eve-teasing,2,Night,Weekend,Good,Medium,230,Police,46
INC00626,Infocity,20.346039,85.818057,Stalking,4,Afternoon,Weekend,Moderate,Medium,347,Community,74
INC00627,CRP Square,20.313428,85.819734,Suspicious Activity,2,Night,Weekend,Moderate,Medium,898,Police,53
INC00628,Saheed Nagar,20.294851,85.84402,Harassment,3,Evening,Weekend,Good,Medium,1104,Community,49
INC00629,Pokhariput,20.256096,85.80678,Stalking,4,Night,Weekday,Poor,Medium,853,Police,90
INC00630,KIIT Square,20.354733,85.816438,Snatching,3,Evening,Weekday,Moderate,Low,843,Police,68
INC00631,Pokhariput,20.257146,85.803331,Suspicious Activity,2,Night,Weekend,Moderate,Low,623,Community,53
INC00632,Saheed Nagar,20.294761,85.840833,Suspicious Activity,2,Evening,Weekend,Poor,Medium,169,Community,54
INC00633,CRP Square,20.317559,85.820996,Snatching,3,Evening,Weekday,Poor,High,428,Community,76
INC00634,Old Town,20.239375,85.834286,Stalking,4,Evening,Weekend,Poor,Low,1413,Community,93
INC00635,Jaydev Vihar,20.2992,85.818833,Harassment,3,Evening,Weekend,Good,High,1429,Police,57
INC00636,Nayapalli,20.298241,85.802801,Stalking,4,Afternoon,Weekend,Moderate,Medium,677,Community,71
INC00637,Acharya Vihar,20.299264,85.837008,Stalking,4,Evening,Weekday,Good,High,1243,Community,73
INC00638,Infocity,20.34219,85.817208,Eve-teasing,2,Afternoon,Weekday,Moderate,Medium,632,Community,40
INC00639,Mancheswar,20.323312,85.863611,Harassment,3,Night,Weekday,Moderate,Medium,342,Community,68
INC00640,Khandagiri,20.257465,85.779581,Harassment,3,Night,Weekend,Moderate,Low,679,Police,68
INC00641,Acharya Vihar,20.297876,85.833741,Stalking,4,Afternoon,Weekend,Moderate,Low,857,Community,75
INC00642,Infocity,20.341799,85.814939,Harassment,3,Night,Weekday,Poor,Low,966,Police,79
INC00643,Chandrasekharpur,20.329313,85.823586,Assault on Woman,5,Evening,Weekday,Moderate,Medium,1473,Police,97
INC00644,Patia,20.355818,85.818315,Harassment,3,Evening,Weekend,Moderate,Low,1245,Community,60
INC00645,Acharya Vihar,20.302582,85.837267,Assault on Woman,5,Afternoon,Weekday,Moderate,Medium,390,Community,85
INC00646,Jaydev Vihar,20.30384,85.818686,Stalking,4,Evening,Weekend,Moderate,Low,639,Community,77
INC00647,Kalpana Square,20.258893,85.845967,Suspicious Activity,2,Night,Weekday,Good,Low,1446,Community,47
INC00648,Saheed Nagar,20.295179,85.838415,Harassment,3,Afternoon,Weekend,Poor,Medium,1113,Community,65
INC00649,Master Canteen,20.271075,85.843201,Stalking,4,Afternoon,Weekend,Good,Low,469,Police,63
INC00650,Mancheswar,20.322514,85.864501,Suspicious Activity,2,Night,Weekend,Moderate,Medium,952,Police,53
INC00651,Chandrasekharpur,20.329156,85.822088,Suspicious Activity,2,Night,Weekday,Moderate,Medium,317,Police,52
INC00652,Infocity,20.345246,85.815879,Stalking,4,Evening,Weekend,Good,Medium,774,Police,73
INC00653,Nayapalli,20.298999,85.807441,Kidnapping Attempt,5,Night,Weekday,Good,Low,1418,Community,85
INC00654,Pokhariput,20.254288,85.803393,Eve-teasing,2,Afternoon,Weekday,Poor,Low,282,Community,48
INC00655,Lingaraj,20.24171,85.835515,Sexual Harassment,5,Night,Weekday,Good,Medium,985,Police,89
INC00656,Old Town,20.239992,85.834076,Snatching,3,Evening,Weekend,Poor,Medium,1253,Community,69
INC00657,Old Town,20.237605,85.833556,Assault on Woman,5,Morning,Weekend,Moderate,Medium,559,Community,82
INC00658,Dumduma,20.264148,85.792744,Assault on Woman,5,Evening,Weekend,Poor,Medium,404,Police,100
INC00659,Rasulgarh,20.289073,85.868286,Assault on Woman,5,Morning,Weekend,Good,High,970,Community,77
INC00660,Old Town,20.235491,85.834021,Harassment,3,Afternoon,Weekday,Poor,High,473,Police,60
INC00661,Kalpana Square,20.258786,85.843523,Suspicious Activity,2,Evening,Weekday,Poor,Medium,642,Community,55
INC00662,Acharya Vihar,20.302893,85.833556,Harassment,3,Night,Weekend,Moderate,High,908,Community,67
INC00663,Master Canteen,20.271213,85.843795,Snatching,3,Evening,Weekend,Moderate,Medium,1363,Community,68
INC00664,Baramunda,20.267811,85.802145,Harassment,3,Night,Weekday,Poor,High,154,Community,85
INC00665,Rasulgarh,20.291056,85.87274,Stalking,4,Afternoon,Weekday,Moderate,Medium,1070,Community,66
INC00666,Jaydev Vihar,20.300672,85.81991,Snatching,3,Morning,Weekday,Moderate,High,703,Community,56
INC00667,Nayapalli,20.296782,85.806279,Harassment,3,Night,Weekday,Poor,Low,1320,Police,79
INC00668,CRP Square,20.31508,85.823348,Stalking,4,Night,Weekday,Poor,Low,574,Police,98
INC00669,Kalpana Square,20.26032,85.841607,Assault on Woman,5,Evening,Weekend,Poor,High,1375,Police,100
INC00670,Kalpana Square,20.258728,85.841153,Harassment,3,Evening,Weekend,Good,High,794,Police,58
INC00671,Jaydev Vihar,20.302338,85.819342,Suspicious Activity,2,Evening,Weekday,Poor,Medium,837,Police,55
INC00672,Baramunda,20.267517,85.803897,Snatching,3,Afternoon,Weekend,Good,Medium,951,Police,47
INC00673,Rasulgarh,20.287582,85.868109,Harassment,3,Night,Weekend,Moderate,High,1131,Community,66
INC00674,Kalpana Square,20.25836,85.843372,Harassment,3,Evening,Weekend,Poor,Low,195,Police,76
INC00675,Jaydev Vihar,20.303242,85.820626,Suspicious Activity,2,Afternoon,Weekday,Good,Low,1036,Police,26
INC00676,Vani Vihar,20.29915,85.839611,Assault on Woman,5,Evening,Weekday,Moderate,High,341,Police,93
INC00677,Baramunda,20.271572,85.80399,Snatching,3,Night,Weekend,Good,Medium,382,Community,58
INC00678,Kalpana Square,20.25704,85.845009,Sexual Harassment,5,Evening,Weekend,Good,High,644,Community,84
INC00679,Rasulgarh,20.291821,85.87053,Harassment,3,Afternoon,Weekend,Poor,Medium,938,Police,68
INC00680,Patia,20.356721,85.820806,Stalking,4,Evening,Weekend,Good,Medium,922,Police,65
INC00681,KIIT Square,20.350223,85.820535,Stalking,4,Afternoon,Weekend,Moderate,Low,1452,Police,69
INC00682,Lingaraj,20.244205,85.836241,Suspicious Activity,2,Night,Weekday,Moderate,Medium,672,Police,59
INC00683,Lingaraj,20.241231,85.834267,Stalking,4,Night,Weekend,Poor,Medium,1428,Community,93
INC00684,Infocity,20.343007,85.817351,Harassment,3,Night,Weekend,Good,Low,681,Community,63
INC00685,Dumduma,20.264814,85.791141,Stalking,4,Night,Weekday,Moderate,High,722,Police,88
INC00686,KIIT Square,20.351559,85.818045,Suspicious Activity,2,Afternoon,Weekend,Poor,Low,1019,Community,45
INC00687,Nayapalli,20.297832,85.807934,Eve-teasing,2,Evening,Weekend,Poor,Medium,1192,Police,56
INC00688,Baramunda,20.271709,85.805289,Harassment,3,Night,Weekday,Poor,Medium,607,Community,83
INC00689,Old Town,20.235879,85.833554,Stalking,4,Evening,Weekday,Good,Medium,366,Community,70
INC00690,Old Town,20.237417,85.834354,Snatching,3,Night,Weekend,Poor,Medium,1403,Community,82
INC00691,Kalpana Square,20.257866,85.840763,Sexual Harassment,5,Night,Weekend,Good,Low,1183,Community,88
INC00692,CRP Square,20.312941,85.822354,Harassment,3,Night,Weekend,Good,Low,325,Community,64
INC00693,KIIT Square,20.350706,85.81683,Assault on Woman,5,Evening,Weekend,Good,High,392,Community,87
INC00694,KIIT Square,20.351831,85.816701,Kidnapping Attempt,5,Afternoon,Weekend,Poor,High,1221,Community,90
INC00695,CRP Square,20.315395,85.824402,Assault on Woman,5,Night,Weekend,Moderate,Low,1340,Community,97
INC00696,Master Canteen,20.266894,85.842367,Snatching,3,Morning,Weekend,Moderate,Medium,893,Community,56
INC00697,Pokhariput,20.256023,85.803659,Harassment,3,Afternoon,Weekday,Good,High,150,Community,44
INC00698,Pokhariput,20.257731,85.804251,Harassment,3,Night,Weekday,Poor,Medium,1074,Community,75
INC00699,Pokhariput,20.252114,85.805721,Harassment,3,Afternoon,Weekend,Poor,Low,1009,Community,68
INC00700,Lingaraj,20.242949,85.836603,Assault on Woman,5,Evening,Weekday,Good,High,1181,Community,82
INC00701,Chandrasekharpur,20.332251,85.819712,Eve-teasing,2,Afternoon,Weekend,Poor,High,934,Community,45
INC00702,Acharya Vihar,20.297351,85.83434,Harassment,3,Evening,Weekday,Moderate,Medium,869,Police,59
INC00703,Saheed Nagar,20.297382,85.839619,Harassment,3,Evening,Weekend,Moderate,Low,651,Community,65
INC00704,Infocity,20.343445,85.814402,Stalking,4,Night,Weekday,Good,Low,1482,Community,78
INC00705,Baramunda,20.269676,85.806078,Assault on Woman,5,Evening,Weekend,Poor,High,1206,Police,100
INC00706,Pokhariput,20.252006,85.803788,Stalking,4,Night,Weekend,Good,Low,101,Community,77
INC00707,Vani Vihar,20.29808,85.844995,Harassment,3,Night,Weekday,Good,Low,676,Community,63
INC00708,Baramunda,20.271191,85.805983,Harassment,3,Night,Weekend,Poor,Low,531,Community,80
INC00709,Khandagiri,20.258747,85.780438,Eve-teasing,2,Night,Weekday,Moderate,High,1327,Community,52
INC00710,Vani Vihar,20.299409,85.843036,Stalking,4,Evening,Weekday,Poor,Low,904,Community,93
INC00711,Pokhariput,20.256993,85.80503,Harassment,3,Night,Weekday,Moderate,Low,1331,Community,67
INC00712,Chandrasekharpur,20.334617,85.820667,Stalking,4,Afternoon,Weekend,Good,High,832,Community,64
INC00713,Rasulgarh,20.290263,85.870178,Harassment,3,Afternoon,Weekend,Poor,Low,528,Community,70
INC00714,Chandrasekharpur,20.332415,85.820964,Suspicious Activity,2,Evening,Weekday,Poor,Medium,1497,Community,55
INC00715,Mancheswar,20.31939,85.862558,Harassment,3,Evening,Weekday,Good,Medium,661,Community,58
INC00716,Pokhariput,20.256084,85.806299,Assault on Woman,5,Morning,Weekend,Moderate,Medium,1431,Community,85
INC00717,Kalpana Square,20.261081,85.8428,Harassment,3,Evening,Weekend,Poor,Low,559,Community,74
INC00718,Nayapalli,20.294168,85.802491,Harassment,3,Evening,Weekday,Good,Low,967,Police,51
INC00719,Acharya Vihar,20.297377,85.835752,Stalking,4,Morning,Weekday,Moderate,High,1382,Police,69
INC00720,Chandrasekharpur,20.334753,85.822995,Stalking,4,Night,Weekend,Moderate,High,249,Police,89
INC00721,Chandrasekharpur,20.332474,85.818513,Assault on Woman,5,Morning,Weekend,Good,Medium,233,Police,70
INC00722,KIIT Square,20.353757,85.815395,Stalking,4,Night,Weekend,Moderate,High,881,Community,89
INC00723,Rasulgarh,20.292025,85.871744,Suspicious Activity,2,Evening,Weekday,Moderate,Medium,1370,Community,48
INC00724,Master Canteen,20.269527,85.838648,Assault on Woman,5,Morning,Weekend,Poor,Medium,496,Police,92
INC00725,Old Town,20.239348,85.833668,Stalking,4,Afternoon,Weekend,Poor,High,738,Community,83
INC00726,Baramunda,20.270247,85.801874,Assault on Woman,5,Evening,Weekday,Moderate,High,116,Community,98
INC00727,KIIT Square,20.354915,85.818357,Harassment,3,Morning,Weekend,Moderate,Low,1411,Police,51
INC00728,Saheed Nagar,20.297969,85.844092,Snatching,3,Evening,Weekend,Moderate,Medium,787,Community,64
INC00729,Acharya Vihar,20.302257,85.837463,Harassment,3,Evening,Weekday,Poor,Medium,571,Community,71
INC00730,CRP Square,20.317716,85.820989,Snatching,3,Night,Weekend,Good,High,113,Community,56
INC00731,Patia,20.352954,85.819142,Assault on Woman,5,Evening,Weekday,Poor,Medium,160,Community,100
INC00732,Rasulgarh,20.291613,85.870039,Suspicious Activity,2,Evening,Weekday,Good,High,636,Police,33
INC00733,Lingaraj,20.24531,85.83303,Snatching,3,Afternoon,Weekend,Moderate,Medium,862,Community,58
INC00734,Infocity,20.346296,85.813785,Harassment,3,Afternoon,Weekday,Moderate,Medium,751,Community,60
INC00735,KIIT Square,20.353524,85.820127,Sexual Harassment,5,Afternoon,Weekend,Good,High,1389,Police,72
INC00736,Saheed Nagar,20.298508,85.842946,Snatching,3,Evening,Weekend,Good,Medium,1421,Police,53
INC00737,Dumduma,20.262931,85.793243,Stalking,4,Night,Weekday,Poor,Medium,649,Community,100
INC00738,Saheed Nagar,20.295018,85.843379,Harassment,3,Evening,Weekend,Moderate,Low,1270,Community,63
INC00739,Pokhariput,20.25651,85.80277,Harassment,3,Evening,Weekend,Good,High,1149,Community,54
INC00740,Master Canteen,20.268205,85.840985,Stalking,4,Afternoon,Weekday,Good,Medium,643,Community,60
INC00741,Baramunda,20.270077,85.804862,Suspicious Activity,2,Night,Weekday,Poor,High,246,Community,68
INC00742,Nayapalli,20.294975,85.803816,Harassment,3,Night,Weekend,Poor,High,1337,Police,83
INC00743,Patia,20.353791,85.81858,Sexual Harassment,5,Night,Weekday,Poor,Low,1442,Community,100
INC00744,Lingaraj,20.24434,85.832259,Harassment,3,Afternoon,Weekend,Moderate,Medium,1059,Police,57
INC00745,Infocity,20.342127,85.817621,Stalking,4,Night,Weekday,Good,Medium,1243,Community,72
INC00746,Baramunda,20.267058,85.805862,Kidnapping Attempt,5,Night,Weekend,Moderate,Medium,926,Police,100
INC00747,Nayapalli,20.296405,85.802193,Assault on Woman,5,Afternoon,Weekend,Poor,Low,1263,Community,99
INC00748,Lingaraj,20.242344,85.834207,Harassment,3,Afternoon,Weekday,Good,Medium,1024,Community,44
INC00749,Acharya Vihar,20.300317,85.832192,Harassment,3,Night,Weekend,Moderate,High,242,Police,71
INC00750,Saheed Nagar,20.297757,85.83862,Harassment,3,Morning,Weekday,Moderate,High,941,Community,51
INC00751,Pokhariput,20.256459,85.803334,Stalking,4,Night,Weekend,Good,Low,734,Community,80
INC00752,Acharya Vihar,20.302635,85.835525,Assault on Woman,5,Evening,Weekday,Poor,High,115,Police,100
INC00753,Lingaraj,20.241481,85.832973,Assault on Woman,5,Evening,Weekend,Moderate,Medium,180,Police,92
INC00754,Old Town,20.23927,85.832785,Snatching,3,Evening,Weekend,Poor,High,610,Community,77
INC00755,Master Canteen,20.269954,85.842191,Stalking,4,Morning,Weekend,Poor,High,423,Community,85
INC00756,Infocity,20.345334,85.814304,Snatching,3,Evening,Weekend,Poor,Medium,855,Community,69
INC00757,Kalpana Square,20.258517,85.843036,Stalking,4,Evening,Weekday,Good,Medium,1045,Community,69
INC00758,Lingaraj,20.241504,85.835255,Harassment,3,Afternoon,Weekday,Poor,Medium,1044,Community,68
INC00759,Master Canteen,20.270923,85.843049,Harassment,3,Afternoon,Weekday,Good,High,702,Community,46
INC00760,Infocity,20.341067,85.81464,Snatching,3,Evening,Weekday,Good,Low,1482,Community,55
INC00761,Dumduma,20.265298,85.796382,Assault on Woman,5,Evening,Weekday,Moderate,High,109,Community,94
INC00762,Rasulgarh,20.288731,85.868548,Stalking,4,Evening,Weekday,Poor,Medium,493,Community,84
INC00763,Chandrasekharpur,20.333983,85.819007,Sexual Harassment,5,Afternoon,Weekday,Moderate,High,769,Community,90
INC00764,Vani Vihar,20.29725,85.844634,Harassment,3,Afternoon,Weekend,Good,Medium,455,Community,50
INC00765,Patia,20.354853,85.816896,Stalking,4,Night,Weekend,Moderate,Medium,237,Police,86
INC00766,Vani Vihar,20.299943,85.843275,Stalking,4,Night,Weekend,Poor,Medium,615,Police,99
INC00767,Lingaraj,20.245834,85.835162,Snatching,3,Evening,Weekend,Moderate,Low,751,Police,68
INC00768,Infocity,20.344651,85.81651,Stalking,4,Evening,Weekday,Moderate,High,1303,Police,73
INC00769,Patia,20.357481,85.818353,Assault on Woman,5,Night,Weekend,Poor,Medium,222,Community,100
INC00770,Saheed Nagar,20.295026,85.838427,Harassment,3,Night,Weekday,Moderate,Low,773,Community,70
INC00771,Dumduma,20.263489,85.795876,Sexual Harassment,5,Night,Weekday,Good,Low,801,Community,93
INC00772,Rasulgarh,20.291478,85.869335,Sexual Harassment,5,Night,Weekday,Moderate,High,1389,Community,100
INC00773,Saheed Nagar,20.299752,85.84383,Harassment,3,Afternoon,Weekend,Good,Medium,518,Community,41
INC00774,Master Canteen,20.27033,85.83947,Stalking,4,Afternoon,Weekend,Good,High,1018,Police,58
INC00775,CRP Square,20.317835,85.821389,Harassment,3,Afternoon,Weekday,Moderate,Medium,987,Police,57
INC00776,Lingaraj,20.240499,85.836439,Stalking,4,Evening,Weekend,Moderate,Medium,459,Community,80
INC00777,Master Canteen,20.269373,85.840885,Harassment,3,Evening,Weekend,Poor,High,488,Community,76
INC00778,CRP Square,20.314495,85.821368,Stalking,4,Night,Weekday,Moderate,Medium,1304,Community,80
INC00779,Lingaraj,20.240974,85.835578,Kidnapping Attempt,5,Night,Weekend,Poor,Low,813,Community,100
INC00780,KIIT Square,20.355559,85.819414,Snatching,3,Afternoon,Weekday,Good,Low,1392,Police,40
INC00781,Khandagiri,20.260166,85.779684,Assault on Woman,5,Afternoon,Weekend,Moderate,Medium,430,Community,81
INC00782,Lingaraj,20.245845,85.831482,Snatching,3,Night,Weekend,Poor,High,974,Community,79
INC00783,Mancheswar,20.32147,85.866258,Stalking,4,Night,Weekday,Good,Medium,805,Police,74
INC00784,Lingaraj,20.240039,85.83201,Snatching,3,Evening,Weekend,Good,Low,955,Community,58
INC00785,Kalpana Square,20.259248,85.844224,Harassment,3,Afternoon,Weekday,Good,Low,1022,Community,43
INC00786,Saheed Nagar,20.294896,85.842755,Harassment,3,Afternoon,Weekday,Poor,Medium,1383,Police,61
INC00787,Infocity,20.343266,85.814661,Harassment,3,Evening,Weekday,Moderate,Medium,1477,Police,58
INC00788,Khandagiri,20.254543,85.782295,Sexual Harassment,5,Night,Weekend,Good,Medium,114,Community,93
INC00789,CRP Square,20.314022,85.821577,Stalking,4,Evening,Weekend,Poor,Low,590,Police,93
INC00790,Lingaraj,20.245852,85.836238,Assault on Woman,5,Night,Weekday,Good,Low,922,Police,87
INC00791,Vani Vihar,20.297184,85.844706,Harassment,3,Night,Weekend,Good,Medium,1449,Police,63
INC00792,Saheed Nagar,20.297628,85.843852,Harassment,3,Evening,Weekend,Moderate,Low,766,Community,61
INC00793,Lingaraj,20.244764,85.83309,Snatching,3,Night,Weekend,Poor,Medium,1448,Police,76
INC00794,Baramunda,20.271272,85.806219,Assault on Woman,5,Night,Weekend,Poor,Low,165,Community,100
INC00795,Pokhariput,20.254801,85.806378,Eve-teasing,2,Night,Weekday,Moderate,Medium,598,Community,60
INC00796,Chandrasekharpur,20.333295,85.818961,Stalking,4,Night,Weekend,Poor,Low,551,Police,100
INC00797,Chandrasekharpur,20.334536,85.821801,Snatching,3,Evening,Weekday,Poor,Medium,558,Police,77
INC00798,Nayapalli,20.297305,85.806416,Stalking,4,Evening,Weekend,Moderate,Medium,994,Police,76
INC00799,Chandrasekharpur,20.329668,85.820041,Harassment,3,Evening,Weekend,Good,Low,1273,Community,53
INC00800,Mancheswar,20.320865,85.86454,Snatching,3,Afternoon,Weekday,Moderate,Medium,847,Police,52
INC00801,Chandrasekharpur,20.33223,85.820764,Stalking,4,Afternoon,Weekend,Poor,Low,1123,Community,77
INC00802,Jaydev Vihar,20.303095,85.821967,Snatching,3,Morning,Weekend,Moderate,Medium,352,Community,59
INC00803,Saheed Nagar,20.298025,85.84046,Stalking,4,Night,Weekday,Moderate,Low,531,Police,83
INC00804,Acharya Vihar,20.301364,85.833795,Suspicious Activity,2,Night,Weekend,Poor,High,144,Community,65
INC00805,CRP Square,20.316546,85.821346,Eve-teasing,2,Evening,Weekend,Good,Medium,499,Police,41
INC00806,Chandrasekharpur,20.333514,85.821482,Harassment,3,Night,Weekday,Poor,Low,1037,Community,84
INC00807,Master Canteen,20.267746,85.838869,Snatching,3,Afternoon,Weekday,Poor,Low,118,Community,69
INC00808,Jaydev Vihar,20.303896,85.821077,Stalking,4,Afternoon,Weekday,Good,Medium,1070,Community,55
INC00809,Dumduma,20.26456,85.796818,Snatching,3,Evening,Weekday,Moderate,High,593,Community,62
INC00810,Lingaraj,20.245947,85.835024,Sexual Harassment,5,Morning,Weekend,Moderate,Low,882,Community,90
INC00811,Old Town,20.2357,85.831732,Harassment,3,Evening,Weekend,Poor,High,1301,Community,77
INC00812,Khandagiri,20.255067,85.782357,Snatching,3,Evening,Weekend,Poor,Low,711,Community,69
INC00813,Infocity,20.346173,85.816225,Snatching,3,Evening,Weekend,Poor,Medium,1198,Police,76
INC00814,Infocity,20.344508,85.817282,Assault on Woman,5,Night,Weekday,Good,Low,1448,Police,87
INC00815,Patia,20.356903,85.817238,Assault on Woman,5,Afternoon,Weekday,Good,High,1251,Community,70
INC00816,Chandrasekharpur,20.331181,85.821267,Assault on Woman,5,Evening,Weekend,Poor,High,715,Community,100
INC00817,Pokhariput,20.255462,85.805171,Stalking,4,Evening,Weekday,Poor,Medium,1202,Community,84
INC00818,Rasulgarh,20.28815,85.873137,Harassment,3,Afternoon,Weekend,Good,Medium,1311,Community,42
INC00819,Infocity,20.342564,85.816899,Assault on Woman,5,Afternoon,Weekday,Moderate,Low,1485,Community,82
INC00820,Infocity,20.342616,85.816799,Assault on Woman,5,Evening,Weekday,Poor,Medium,1426,Police,100
INC00821,Kalpana Square,20.258898,85.844727,Sexual Harassment,5,Evening,Weekend,Poor,High,653,Community,99
INC00822,Infocity,20.341534,85.818455,Stalking,4,Night,Weekday,Good,Low,660,Community,76
INC00823,Lingaraj,20.244696,85.831741,Eve-teasing,2,Evening,Weekend,Poor,Medium,1102,Community,58
INC00824,Pokhariput,20.252594,85.801288,Harassment,3,Evening,Weekend,Poor,High,1488,Police,76
INC00825,CRP Square,20.313554,85.82312,Assault on Woman,5,Night,Weekend,Poor,High,1262,Police,100
INC00826,Rasulgarh,20.289809,85.870747,Snatching,3,Evening,Weekday,Moderate,Medium,687,Community,64
INC00827,Baramunda,20.267522,85.802834,Assault on Woman,5,Night,Weekday,Poor,Medium,257,Police,100
INC00828,Mancheswar,20.32346,85.864325,Harassment,3,Evening,Weekend,Poor,Low,968,Community,70
INC00829,CRP Square,20.317988,85.824328,Assault on Woman,5,Night,Weekend,Moderate,Medium,114,Police,100
INC00830,Rasulgarh,20.291267,85.873523,Eve-teasing,2,Night,Weekday,Poor,Medium,186,Community,62
INC00831,Acharya Vihar,20.302036,85.835082,Harassment,3,Night,Weekday,Moderate,Medium,864,Police,70
INC00832,Pokhariput,20.257147,85.80274,Suspicious Activity,2,Evening,Weekend,Good,High,1392,Community,36
INC00833,Dumduma,20.261213,85.793778,Sexual Harassment,5,Evening,Weekend,Moderate,Medium,1360,Community,92
INC00834,Chandrasekharpur,20.334341,85.819117,Harassment,3,Evening,Weekend,Good,Medium,273,Community,50
INC00835,Chandrasekharpur,20.329041,85.822617,Kidnapping Attempt,5,Afternoon,Weekend,Moderate,Medium,846,Community,82
INC00836,Chandrasekharpur,20.332938,85.820636,Eve-teasing,2,Afternoon,Weekday,Poor,High,506,Community,49
INC00837,Jaydev Vihar,20.302464,85.822406,Stalking,4,Afternoon,Weekend,Good,Medium,1462,Police,56
INC00838,CRP Square,20.316799,85.823286,Assault on Woman,5,Evening,Weekday,Poor,Low,1127,Police,100
INC00839,Chandrasekharpur,20.333756,85.818757,Eve-teasing,2,Evening,Weekend,Good,Medium,206,Community,38
INC00840,Vani Vihar,20.296606,85.840737,Snatching,3,Evening,Weekday,Poor,High,412,Police,70
INC00841,Khandagiri,20.259685,85.784766,Sexual Harassment,5,Afternoon,Weekday,Poor,High,311,Police,98
INC00842,Saheed Nagar,20.297347,85.842007,Eve-teasing,2,Afternoon,Weekday,Good,High,493,Police,31
INC00843,Vani Vihar,20.299186,85.841282,Harassment,3,Evening,Weekday,Poor,Low,554,Community,75
INC00844,Dumduma,20.26131,85.79166,Stalking,4,Evening,Weekday,Poor,Low,605,Community,83
INC00845,KIIT Square,20.353963,85.81693,Harassment,3,Afternoon,Weekend,Good,Medium,982,Community,47
INC00846,Nayapalli,20.293581,85.802082,Stalking,4,Evening,Weekend,Poor,Medium,840,Police,92
INC00847,Rasulgarh,20.28856,85.870304,Snatching,3,Night,Weekday,Good,Low,346,Community,65
INC00848,Saheed Nagar,20.299353,85.838649,Snatching,3,Evening,Weekday,Moderate,Low,513,Community,60
INC00849,Jaydev Vihar,20.301303,85.818515,Harassment,3,Night,Weekday,Poor,Low,811,Police,82
INC00850,Kalpana Square,20.259514,85.845588,Harassment,3,Evening,Weekday,Good,Medium,364,Community,57
INC00851,Saheed Nagar,20.296185,85.842308,Snatching,3,Night,Weekend,Poor,High,1143,Community,81
INC00852,Vani Vihar,20.295104,85.83996,Harassment,3,Afternoon,Weekend,Poor,Low,1150,Community,68
INC00853,Baramunda,20.268778,85.802611,Suspicious Activity,2,Afternoon,Weekend,Good,Medium,697,Community,27
INC00854,Jaydev Vihar,20.302744,85.820854,Harassment,3,Afternoon,Weekend,Poor,Medium,102,Community,70
INC00855,Nayapalli,20.297233,85.805296,Harassment,3,Night,Weekday,Moderate,Medium,764,Police,75
INC00856,Old Town,20.240791,85.83206,Harassment,3,Night,Weekend,Moderate,Low,1294,Community,71
INC00857,Vani Vihar,20.298901,85.840324,Assault on Woman,5,Afternoon,Weekend,Moderate,Low,909,Community,83
INC00858,Old Town,20.237874,85.833976,Harassment,3,Evening,Weekend,Poor,High,1266,Community,70
INC00859,Patia,20.357412,85.821405,Stalking,4,Night,Weekend,Good,High,973,Community,80
INC00860,Chandrasekharpur,20.329824,85.822503,Snatching,3,Morning,Weekday,Good,Medium,325,Police,50
INC00861,Jaydev Vihar,20.298502,85.817856,Harassment,3,Evening,Weekday,Good,Low,317,Community,53
INC00862,Saheed Nagar,20.298358,85.843554,Harassment,3,Night,Weekday,Moderate,Medium,599,Community,69
INC00863,Patia,20.352717,85.81828,Sexual Harassment,5,Evening,Weekend,Poor,High,559,Community,100
INC00864,Jaydev Vihar,20.299721,85.82253,Stalking,4,Night,Weekday,Poor,Low,330,Community,91
INC00865,Chandrasekharpur,20.330691,85.818458,Eve-teasing,2,Evening,Weekday,Moderate,Low,273,Police,52
INC00866,Acharya Vihar,20.299009,85.833088,Stalking,4,Evening,Weekday,Poor,Medium,1379,Police,88
INC00867,Khandagiri,20.25847,85.784397,Kidnapping Attempt,5,Night,Weekday,Poor,High,104,Police,100
INC00868,Nayapalli,20.29568,85.806781,Harassment,3,Night,Weekday,Poor,High,975,Police,79
INC00869,Infocity,20.341765,85.817605,Stalking,4,Evening,Weekend,Moderate,Medium,947,Community,83
INC00870,Jaydev Vihar,20.301924,85.818475,Sexual Harassment,5,Evening,Weekend,Moderate,Medium,1190,Community,91
INC00871,Infocity,20.343531,85.816467,Assault on Woman,5,Night,Weekday,Poor,Low,581,Community,100
INC00872,Old Town,20.240746,85.836525,Assault on Woman,5,Morning,Weekend,Moderate,Low,385,Community,82
INC00873,Rasulgarh,20.288648,85.872482,Harassment,3,Afternoon,Weekend,Poor,High,153,Community,66
INC00874,KIIT Square,20.353976,85.815443,Snatching,3,Night,Weekday,Poor,High,848,Community,78
INC00875,Patia,20.356982,85.817398,Assault on Woman,5,Afternoon,Weekend,Poor,Low,713,Community,95
INC00876,Patia,20.353035,85.821787,Harassment,3,Morning,Weekend,Poor,Medium,122,Community,66
INC00877,Pokhariput,20.253548,85.804432,Snatching,3,Evening,Weekend,Good,Low,656,Police,56
INC00878,Jaydev Vihar,20.300402,85.817336,Snatching,3,Evening,Weekend,Poor,Low,1339,Police,75
INC00879,Nayapalli,20.295431,85.804283,Snatching,3,Morning,Weekend,Moderate,Medium,652,Community,51
INC00880,Vani Vihar,20.296013,85.840437,Sexual Harassment,5,Afternoon,Weekday,Good,High,122,Police,74
INC00881,Pokhariput,20.257575,85.802442,Harassment,3,Morning,Weekday,Moderate,High,1090,Community,55
INC00882,Baramunda,20.26914,85.802694,Harassment,3,Evening,Weekday,Good,Low,828,Police,58
INC00883,Nayapalli,20.297449,85.802606,Stalking,4,Night,Weekend,Good,Medium,882,Community,70
INC00884,Acharya Vihar,20.299779,85.837311,Harassment,3,Morning,Weekend,Poor,Low,1495,Community,62
INC00885,Master Canteen,20.268034,85.840162,Sexual Harassment,5,Night,Weekday,Moderate,Low,1498,Community,98
INC00886,Jaydev Vihar,20.303966,85.817584,Assault on Woman,5,Morning,Weekend,Poor,Medium,278,Community,97
INC00887,Acharya Vihar,20.297969,85.833681,Kidnapping Attempt,5,Evening,Weekend,Good,High,1043,Community,85
INC00888,Master Canteen,20.266843,85.838744,Snatching,3,Evening,Weekday,Good,Low,921,Community,57
INC00889,Master Canteen,20.271069,85.843712,Stalking,4,Evening,Weekday,Poor,Medium,638,Police,93
INC00890,Vani Vihar,20.294342,85.843744,Eve-teasing,2,Night,Weekend,Moderate,High,315,Community,52
INC00891,Infocity,20.346245,85.817015,Harassment,3,Evening,Weekday,Moderate,Medium,1052,Community,60
INC00892,Lingaraj,20.241197,85.832972,Sexual Harassment,5,Evening,Weekday,Poor,Medium,1075,Community,100
INC00893,Pokhariput,20.25482,85.804841,Harassment,3,Evening,Weekend,Good,Medium,878,Community,53
INC00894,CRP Square,20.313269,85.819138,Harassment,3,Night,Weekend,Moderate,High,460,Community,66
INC00895,Lingaraj,20.245243,85.833709,Harassment,3,Evening,Weekend,Good,Low,476,Police,49
INC00896,Nayapalli,20.294781,85.803192,Eve-teasing,2,Night,Weekend,Moderate,Medium,429,Police,56
INC00897,Mancheswar,20.31906,85.865698,Stalking,4,Evening,Weekend,Good,Medium,1362,Community,73
INC00898,Patia,20.354852,85.817385,Harassment,3,Night,Weekend,Good,Low,932,Community,55
INC00899,Jaydev Vihar,20.301833,85.82047,Assault on Woman,5,Morning,Weekend,Poor,High,1218,Police,99
INC00900,Saheed Nagar,20.299514,85.84403,Stalking,4,Evening,Weekday,Good,Low,133,Community,67
INC00901,CRP Square,20.314736,85.821462,Assault on Woman,5,Evening,Weekend,Moderate,Medium,787,Community,90
INC00902,Kalpana Square,20.260317,85.840976,Stalking,4,Evening,Weekday,Good,Medium,1493,Community,67
INC00903,Infocity,20.341623,85.816898,Sexual Harassment,5,Evening,Weekend,Moderate,Medium,1377,Police,89
INC00904,Dumduma,20.261196,85.792739,Assault on Woman,5,Evening,Weekday,Good,Medium,880,Community,85
INC00905,Old Town,20.240484,85.833478,Eve-teasing,2,Night,Weekend,Poor,Low,115,Police,63
INC00906,Khandagiri,20.256087,85.783831,Suspicious Activity,2,Night,Weekday,Moderate,High,949,Community,50
INC00907,Old Town,20.238114,85.835447,Suspicious Activity,2,Evening,Weekday,Good,Medium,980,Community,39
INC00908,Vani Vihar,20.298971,85.843808,Assault on Woman,5,Evening,Weekday,Good,Medium,455,Community,83
INC00909,Kalpana Square,20.26126,85.840758,Harassment,3,Afternoon,Weekday,Moderate,Medium,1384,Police,58
INC00910,Nayapalli,20.29356,85.804625,Harassment,3,Evening,Weekend,Moderate,High,1213,Police,59
INC00911,Patia,20.352883,85.819222,Snatching,3,Evening,Weekday,Moderate,High,554,Community,66
INC00912,Lingaraj,20.243956,85.83265,Sexual Harassment,5,Night,Weekend,Moderate,Medium,1286,Police,96
INC00913,Vani Vihar,20.294851,85.840572,Harassment,3,Afternoon,Weekday,Good,Low,525,Community,47
INC00914,Kalpana Square,20.262755,85.840458,Harassment,3,Night,Weekend,Moderate,Medium,1023,Police,67
INC00915,Patia,20.356058,85.820287,Kidnapping Attempt,5,Night,Weekday,Good,Medium,810,Community,94
INC00916,Acharya Vihar,20.298527,85.83273,Assault on Woman,5,Evening,Weekday,Moderate,Medium,412,Community,93
INC00917,Saheed Nagar,20.294631,85.838701,Harassment,3,Night,Weekend,Good,High,508,Police,60
INC00918,Master Canteen,20.268975,85.841076,Snatching,3,Evening,Weekend,Good,High,675,Police,49
INC00919,Acharya Vihar,20.302723,85.834927,Sexual Harassment,5,Night,Weekend,Moderate,Low,752,Community,100
INC00920,Kalpana Square,20.259117,85.845387,Harassment,3,Night,Weekend,Moderate,Low,1147,Community,71
INC00921,Vani Vihar,20.297871,85.844791,Sexual Harassment,5,Evening,Weekend,Good,High,760,Community,80
INC00922,Rasulgarh,20.291242,85.870232,Harassment,3,Night,Weekend,Good,Medium,122,Police,58
INC00923,Mancheswar,20.324392,85.86437,Sexual Harassment,5,Evening,Weekday,Moderate,Medium,310,Community,97
INC00924,Mancheswar,20.321531,85.865537,Suspicious Activity,2,Evening,Weekend,Moderate,High,1111,Community,47
INC00925,Chandrasekharpur,20.330027,85.819961,Harassment,3,Evening,Weekday,Moderate,High,1418,Police,67
INC00926,Master Canteen,20.27105,85.840417,Harassment,3,Night,Weekday,Poor,High,1420,Community,82
INC00927,Kalpana Square,20.258648,85.844522,Snatching,3,Evening,Weekend,Moderate,Medium,1354,Community,62
INC00928,CRP Square,20.317803,85.819728,Suspicious Activity,2,Evening,Weekday,Moderate,High,197,Police,45
INC00929,Nayapalli,20.297346,85.803358,Suspicious Activity,2,Morning,Weekend,Poor,Low,1200,Police,45
INC00930,KIIT Square,20.355683,85.81545,Harassment,3,Evening,Weekend,Moderate,Low,652,Community,60
INC00931,Chandrasekharpur,20.334171,85.822518,Harassment,3,Night,Weekday,Poor,Medium,1015,Community,83
INC00932,Mancheswar,20.321941,85.862683,Stalking,4,Night,Weekday,Moderate,High,706,Police,85
INC00933,Saheed Nagar,20.294251,85.841168,Snatching,3,Afternoon,Weekend,Poor,Medium,888,Community,61
INC00934,Saheed Nagar,20.29837,85.841284,Sexual Harassment,5,Evening,Weekday,Poor,Low,1442,Community,100
INC00935,Jaydev Vihar,20.300182,85.82285,Harassment,3,Night,Weekday,Moderate,Low,484,Community,71
INC00936,Baramunda,20.270463,85.801612,Eve-teasing,2,Evening,Weekend,Good,High,133,Police,35
INC00937,Patia,20.355285,85.818612,Stalking,4,Afternoon,Weekend,Moderate,Medium,534,Community,73
INC00938,Dumduma,20.263648,85.793219,Stalking,4,Morning,Weekday,Moderate,Low,497,Community,71
INC00939,Vani Vihar,20.297645,85.842112,Harassment,3,Afternoon,Weekday,Good,High,327,Community,40
INC00940,Mancheswar,20.319395,85.861606,Harassment,3,Afternoon,Weekend,Moderate,Low,902,Community,53
INC00941,CRP Square,20.316714,85.821086,Harassment,3,Afternoon,Weekend,Moderate,Low,293,Community,59
INC00942,Baramunda,20.271128,85.802021,Suspicious Activity,2,Night,Weekend,Good,Medium,1032,Community,40
INC00943,Kalpana Square,20.258065,85.841583,Stalking,4,Morning,Weekday,Poor,Low,1316,Community,82
INC00944,CRP Square,20.314835,85.819271,Suspicious Activity,2,Morning,Weekday,Poor,High,567,Community,47
INC00945,Chandrasekharpur,20.333823,85.820014,Harassment,3,Evening,Weekend,Moderate,Medium,1458,Community,63
INC00946,Patia,20.353907,85.818502,Sexual Harassment,5,Evening,Weekday,Poor,Low,1320,Community,100
INC00947,Jaydev Vihar,20.303138,85.820956,Eve-teasing,2,Afternoon,Weekday,Moderate,High,982,Community,36
INC00948,Lingaraj,20.245793,85.836263,Assault on Woman,5,Night,Weekend,Poor,Medium,1179,Community,100
INC00949,Nayapalli,20.295504,85.807964,Stalking,4,Evening,Weekend,Good,Medium,803,Police,64
INC00950,Master Canteen,20.270755,85.840082,Assault on Woman,5,Afternoon,Weekend,Good,Low,401,Community,72
INC00951,Vani Vihar,20.294976,85.841921,Assault on Woman,5,Morning,Weekday,Good,Medium,545,Community,79
INC00952,KIIT Square,20.350031,85.817114,Stalking,4,Night,Weekday,Good,High,680,Police,78
INC00953,Infocity,20.341856,85.817398,Snatching,3,Evening,Weekday,Poor,High,165,Community,73
INC00954,Lingaraj,20.245801,85.831589,Stalking,4,Afternoon,Weekday,Moderate,Medium,1254,Community,70
INC00955,Saheed Nagar,20.296298,85.839397,Harassment,3,Evening,Weekend,Good,Low,1044,Community,54
INC00956,Chandrasekharpur,20.331651,85.81988,Harassment,3,Night,Weekend,Poor,Medium,975,Community,81
INC00957,Patia,20.352259,85.821101,Kidnapping Attempt,5,Morning,Weekday,Good,Low,596,Community,75
INC00958,Vani Vihar,20.297393,85.84076,Assault on Woman,5,Night,Weekend,Moderate,Medium,112,Community,100
INC00959,KIIT Square,20.351621,85.820917,Harassment,3,Afternoon,Weekday,Moderate,Low,1258,Community,55
INC00960,Chandrasekharpur,20.333046,85.822436,Snatching,3,Morning,Weekday,Good,High,1114,Community,50
INC00961,Baramunda,20.271315,85.806619,Assault on Woman,5,Night,Weekday,Moderate,High,237,Community,100
INC00962,Dumduma,20.262226,85.793842,Harassment,3,Night,Weekday,Moderate,High,349,Community,72
INC00963,Rasulgarh,20.29058,85.87293,Suspicious Activity,2,Night,Weekday,Poor,Medium,985,Community,60
INC00964,Jaydev Vihar,20.301945,85.818025,Sexual Harassment,5,Night,Weekend,Moderate,Medium,693,Community,96
INC00965,Old Town,20.237347,85.835186,Snatching,3,Afternoon,Weekend,Moderate,Medium,157,Community,51
INC00966,Patia,20.352305,85.820403,Assault on Woman,5,Night,Weekend,Moderate,Low,826,Police,100
INC00967,Khandagiri,20.25545,85.781804,Harassment,3,Night,Weekday,Good,Low,1175,Community,56
INC00968,Jaydev Vihar,20.302315,85.819036,Stalking,4,Night,Weekday,Poor,High,1448,Community,96
INC00969,CRP Square,20.314831,85.822954,Stalking,4,Evening,Weekend,Poor,Low,1176,Community,88
INC00970,Mancheswar,20.321423,85.86127,Assault on Woman,5,Night,Weekend,Good,High,317,Community,95
INC00971,Nayapalli,20.298888,85.806851,Sexual Harassment,5,Night,Weekend,Good,Low,456,Police,91
INC00972,Infocity,20.342503,85.813225,Harassment,3,Night,Weekend,Moderate,Medium,1392,Police,67
INC00973,Chandrasekharpur,20.331266,85.823933,Snatching,3,Evening,Weekday,Good,High,996,Community,51
INC00974,Acharya Vihar,20.300171,85.83674,Stalking,4,Morning,Weekday,Good,Low,297,Community,57
INC00975,Old Town,20.23841,85.836187,Sexual Harassment,5,Evening,Weekday,Poor,Low,1415,Community,100
INC00976,Mancheswar,20.322005,85.863139,Sexual Harassment,5,Night,Weekday,Poor,Low,998,Community,100
INC00977,Mancheswar,20.323694,85.862789,Harassment,3,Afternoon,Weekend,Good,Medium,777,Community,44
INC00978,Lingaraj,20.240408,85.836229,Snatching,3,Night,Weekend,Good,Medium,1160,Police,63
INC00979,Lingaraj,20.243276,85.836351,Assault on Woman,5,Evening,Weekend,Poor,Low,1437,Community,100
INC00980,Khandagiri,20.259828,85.779156,Harassment,3,Afternoon,Weekday,Poor,Medium,1458,Police,60
INC00981,CRP Square,20.317688,85.824426,Harassment,3,Night,Weekday,Poor,High,244,Police,84
INC00982,Pokhariput,20.252777,85.80534,Stalking,4,Afternoon,Weekday,Moderate,High,817,Community,69
INC00983,Patia,20.352258,85.821191,Kidnapping Attempt,5,Afternoon,Weekend,Moderate,Medium,1500,Police,88
INC00984,KIIT Square,20.352263,85.815751,Stalking,4,Night,Weekend,Moderate,High,341,Police,85
INC00985,Saheed Nagar,20.299308,85.839629,Stalking,4,Morning,Weekday,Good,Medium,1198,Community,55
INC00986,KIIT Square,20.35076,85.816084,Harassment,3,Morning,Weekend,Moderate,Medium,600,Police,52
INC00987,CRP Square,20.31594,85.819458,Snatching,3,Night,Weekend,Good,Low,831,Police,58
INC00988,Baramunda,20.271681,85.802756,Kidnapping Attempt,5,Night,Weekend,Moderate,High,1208,Community,95
INC00989,Kalpana Square,20.260731,85.841679,Snatching,3,Afternoon,Weekday,Good,Low,572,Community,48
INC00990,Chandrasekharpur,20.333898,85.818852,Stalking,4,Night,Weekend,Poor,Medium,1029,Police,90
INC00991,KIIT Square,20.353529,85.816802,Harassment,3,Night,Weekend,Good,Low,886,Community,61
INC00992,Master Canteen,20.267234,85.839107,Harassment,3,Evening,Weekend,Good,Medium,1209,Police,48
INC00993,Khandagiri,20.258046,85.783344,Sexual Harassment,5,Evening,Weekday,Poor,Medium,975,Police,98
INC00994,Pokhariput,20.256328,85.805068,Stalking,4,Night,Weekend,Poor,Medium,1272,Police,98
INC00995,Acharya Vihar,20.299804,85.837956,Eve-teasing,2,Afternoon,Weekday,Poor,High,1497,Police,46
INC00996,Pokhariput,20.255426,85.801232,Harassment,3,Afternoon,Weekday,Good,High,1437,Police,49
INC00997,Chandrasekharpur,20.332965,85.823016,Stalking,4,Night,Weekend,Moderate,High,118,Community,85
INC00998,Pokhariput,20.252352,85.806633,Harassment,3,Afternoon,Weekend,Moderate,Medium,231,Community,54
INC00999,Khandagiri,20.255263,85.782582,Suspicious Activity,2,Afternoon,Weekend,Moderate,High,334,Community,37
INC01000,Mancheswar,20.32232,85.862368,Stalking,4,Night,Weekday,Poor,Low,133,Community,95
INC01001,Vani Vihar,20.294655,85.842042,Harassment,3,Afternoon,Weekend,Good,High,1268,Community,50
INC01002,Infocity,20.346255,85.813858,Assault on Woman,5,Evening,Weekend,Poor,Medium,935,Police,100
INC01003,Baramunda,20.267962,85.801268,Assault on Woman,5,Night,Weekend,Poor,High,1347,Community,100
INC01004,Saheed Nagar,20.297296,85.842142,Stalking,4,Afternoon,Weekend,Poor,Medium,258,Police,78
INC01005,Pokhariput,20.257086,85.804167,Snatching,3,Morning,Weekend,Moderate,Medium,1003,Community,53
INC01006,Rasulgarh,20.292094,85.873865,Stalking,4,Afternoon,Weekend,Moderate,Low,593,Community,71
INC01007,Infocity,20.344034,85.818488,Stalking,4,Night,Weekday,Moderate,Medium,957,Community,82
INC01008,Kalpana Square,20.260995,85.843633,Snatching,3,Night,Weekend,Moderate,High,936,Community,67
INC01009,Saheed Nagar,20.299058,85.838293,Suspicious Activity,2,Afternoon,Weekday,Good,Medium,1062,Police,27
INC01010,Kalpana Square,20.258002,85.840438,Harassment,3,Evening,Weekday,Moderate,Medium,964,Community,64
INC01011,Baramunda,20.272385,85.80639,Harassment,3,Evening,Weekend,Moderate,Low,192,Community,63
INC01012,Kalpana Square,20.261444,85.842614,Assault on Woman,5,Night,Weekday,Poor,Low,1307,Police,100
INC01013,Jaydev Vihar,20.301561,85.819219,Suspicious Activity,2,Evening,Weekday,Moderate,Medium,1141,Police,47
INC01014,Rasulgarh,20.289347,85.871385,Harassment,3,Night,Weekend,Moderate,Low,973,Community,71
INC01015,Acharya Vihar,20.297252,85.83767,Eve-teasing,2,Night,Weekend,Poor,Medium,669,Community,69
INC01016,Chandrasekharpur,20.329994,85.819727,Stalking,4,Evening,Weekday,Good,High,631,Police,64
INC01017,Khandagiri,20.255741,85.783833,Harassment,3,Night,Weekday,Good,Low,1205,Community,58
INC01018,CRP Square,20.312155,85.820219,Suspicious Activity,2,Night,Weekend,Moderate,Low,1166,Community,57
INC01019,Chandrasekharpur,20.334515,85.81872,Snatching,3,Night,Weekday,Moderate,High,380,Police,75
INC01020,Old Town,20.239466,85.832335,Sexual Harassment,5,Morning,Weekday,Good,Medium,1028,Community,78
INC01021,Nayapalli,20.29323,85.802603,Suspicious Activity,2,Night,Weekday,Moderate,High,1243,Community,60
INC01022,Patia,20.355618,85.821733,Harassment,3,Afternoon,Weekend,Good,Medium,1092,Police,47
INC01023,Jaydev Vihar,20.303255,85.822705,Harassment,3,Night,Weekday,Poor,High,237,Community,84
INC01024,Acharya Vihar,20.301128,85.83568,Harassment,3,Evening,Weekend,Good,Medium,1186,Community,50
INC01025,Rasulgarh,20.291308,85.870941,Suspicious Activity,2,Evening,Weekend,Moderate,Medium,705,Community,44
INC01026,Kalpana Square,20.258952,85.843975,Eve-teasing,2,Afternoon,Weekday,Moderate,Medium,332,Community,41
INC01027,CRP Square,20.317184,85.822606,Suspicious Activity,2,Night,Weekday,Good,High,540,Police,46
INC01028,Pokhariput,20.25357,85.802906,Sexual Harassment,5,Evening,Weekend,Moderate,Medium,211,Community,91
INC01029,KIIT Square,20.352459,85.818435,Stalking,4,Afternoon,Weekday,Good,Medium,1356,Community,57
INC01030,Patia,20.352642,85.820728,Sexual Harassment,5,Night,Weekend,Poor,Medium,1441,Community,100
INC01031,Pokhariput,20.252942,85.804214,Harassment,3,Night,Weekday,Good,Low,865,Community,58
INC01032,Patia,20.35222,85.822142,Harassment,3,Afternoon,Weekday,Moderate,Medium,421,Community,50
INC01033,Rasulgarh,20.291799,85.872878,Harassment,3,Evening,Weekday,Moderate,Low,652,Police,59
INC01034,Dumduma,20.265574,85.793492,Snatching,3,Morning,Weekend,Poor,Medium,410,Community,69
INC01035,Saheed Nagar,20.298956,85.842909,Suspicious Activity,2,Evening,Weekend,Poor,Medium,1039,Community,57
INC01036,Lingaraj,20.240558,85.836801,Harassment,3,Evening,Weekday,Moderate,Low,1192,Community,64
INC01037,CRP Square,20.317709,85.823576,Snatching,3,Night,Weekend,Moderate,Medium,150,Community,68
INC01038,Old Town,20.235654,85.832864,Stalking,4,Afternoon,Weekday,Moderate,High,1248,Community,72
INC01039,Infocity,20.344699,85.815841,Harassment,3,Night,Weekend,Moderate,High,1110,Community,69
INC01040,Jaydev Vihar,20.302134,85.820592,Harassment,3,Night,Weekend,Good,High,1251,Police,63
INC01041,Nayapalli,20.294414,85.804768,Eve-teasing,2,Evening,Weekday,Moderate,Low,266,Police,49
INC01042,Lingaraj,20.240082,85.83412,Harassment,3,Afternoon,Weekend,Good,Low,332,Community,46
INC01043,Acharya Vihar,20.300148,85.832839,Assault on Woman,5,Night,Weekend,Moderate,High,340,Community,99
INC01044,Dumduma,20.266337,85.794383,Stalking,4,Afternoon,Weekend,Good,Medium,1357,Police,60
INC01045,CRP Square,20.317617,85.824562,Stalking,4,Night,Weekday,Poor,High,1173,Police,97
INC01046,Nayapalli,20.293902,85.802402,Stalking,4,Night,Weekday,Moderate,High,292,Community,85
INC01047,KIIT Square,20.353567,85.815401,Assault on Woman,5,Evening,Weekend,Poor,Medium,128,Police,100
INC01048,Kalpana Square,20.258835,85.843747,Assault on Woman,5,Evening,Weekday,Good,Medium,1450,Community,87
INC01049,Chandrasekharpur,20.33068,85.819578,Snatching,3,Afternoon,Weekend,Poor,Medium,884,Community,69
INC01050,Vani Vihar,20.29684,85.840009,Snatching,3,Night,Weekend,Poor,High,1359,Community,77
INC01051,Patia,20.357476,85.816813,Stalking,4,Evening,Weekday,Moderate,Medium,769,Community,74
INC01052,Pokhariput,20.256644,85.805237,Stalking,4,Evening,Weekday,Poor,Medium,260,Police,86
INC01053,Khandagiri,20.259539,85.782163,Snatching,3,Evening,Weekend,Poor,Medium,1242,Police,78
INC01054,Acharya Vihar,20.299194,85.834796,Harassment,3,Night,Weekend,Poor,High,1246,Police,78
INC01055,Old Town,20.239486,85.831064,Harassment,3,Evening,Weekend,Moderate,High,735,Community,63
INC01056,Dumduma,20.264641,85.791201,Kidnapping Attempt,5,Afternoon,Weekday,Moderate,High,618,Community,80
INC01057,CRP Square,20.315793,85.821942,Eve-teasing,2,Evening,Weekday,Poor,Low,312,Community,53
INC01058,Acharya Vihar,20.29779,85.834517,Suspicious Activity,2,Night,Weekend,Good,Medium,227,Community,48
INC01059,Saheed Nagar,20.298225,85.840196,Snatching,3,Night,Weekend,Poor,Low,446,Police,84
INC01060,Dumduma,20.264987,85.793498,Harassment,3,Night,Weekday,Good,High,1127,Community,59
INC01061,Acharya Vihar,20.298653,85.833192,Stalking,4,Evening,Weekend,Good,Low,106,Community,71
INC01062,Chandrasekharpur,20.332409,85.822178,Stalking,4,Evening,Weekday,Moderate,High,285,Community,74
INC01063,Nayapalli,20.298795,85.8066,Assault on Woman,5,Night,Weekend,Good,Medium,266,Police,88
INC01064,Saheed Nagar,20.298229,85.840063,Snatching,3,Evening,Weekday,Good,High,1257,Community,51
INC01065,Khandagiri,20.255563,85.78057,Suspicious Activity,2,Night,Weekend,Good,Medium,1285,Community,50
INC01066,Acharya Vihar,20.302008,85.834314,Harassment,3,Evening,Weekend,Good,Low,810,Community,58
INC01067,Saheed Nagar,20.299611,85.84151,Stalking,4,Night,Weekend,Good,Medium,531,Community,77
INC01068,KIIT Square,20.353102,85.818787,Kidnapping Attempt,5,Evening,Weekday,Moderate,Medium,1254,Community,97
INC01069,Nayapalli,20.296777,85.807216,Snatching,3,Morning,Weekend,Moderate,Medium,1426,Police,52
INC01070,Baramunda,20.270281,85.805512,Harassment,3,Evening,Weekday,Moderate,Medium,990,Police,65
INC01071,Khandagiri,20.258106,85.781695,Snatching,3,Evening,Weekday,Good,Low,579,Police,56
INC01072,Kalpana Square,20.258616,85.843465,Stalking,4,Evening,Weekday,Good,High,715,Police,71
INC01073,Mancheswar,20.319779,85.862999,Sexual Harassment,5,Night,Weekend,Poor,Medium,389,Police,100
INC01074,Acharya Vihar,20.300952,85.833202,Stalking,4,Afternoon,Weekday,Moderate,High,516,Community,68
INC01075,Pokhariput,20.254246,85.803864,Suspicious Activity,2,Evening,Weekend,Moderate,Medium,535,Police,53
INC01076,Master Canteen,20.270578,85.838575,Snatching,3,Afternoon,Weekend,Poor,High,769,Police,70
INC01077,Vani Vihar,20.29443,85.84193,Stalking,4,Night,Weekend,Moderate,High,1346,Community,83
INC01078,Old Town,20.239939,85.834663,Stalking,4,Night,Weekday,Poor,Medium,382,Community,90
INC01079,Baramunda,20.269038,85.804924,Stalking,4,Evening,Weekday,Good,Medium,1084,Community,69
INC01080,Acharya Vihar,20.300104,85.832639,Stalking,4,Night,Weekday,Moderate,Low,1443,Police,80
INC01081,Nayapalli,20.296042,85.806118,Harassment,3,Morning,Weekend,Poor,Medium,965,Police,64
INC01082,Khandagiri,20.255196,85.783643,Snatching,3,Night,Weekday,Moderate,Low,786,Police,70
INC01083,Acharya Vihar,20.30019,85.834301,Eve-teasing,2,Night,Weekend,Good,Medium,1308,Community,48
INC01084,Kalpana Square,20.25869,85.840729,Harassment,3,Evening,Weekend,Moderate,Low,856,Community,63
INC01085,Patia,20.353172,85.818641,Assault on Woman,5,Morning,Weekend,Moderate,Medium,1320,Community,80
INC01086,Rasulgarh,20.29051,85.868756,Harassment,3,Afternoon,Weekday,Moderate,Low,807,Police,59
INC01087,Dumduma,20.261244,85.79296,Assault on Woman,5,Morning,Weekend,Moderate,Low,307,Community,81
INC01088,Baramunda,20.267134,85.806702,Stalking,4,Afternoon,Weekend,Poor,Low,987,Police,78
INC01089,Baramunda,20.270235,85.805762,Assault on Woman,5,Night,Weekend,Good,Medium,540,Police,91
INC01090,Acharya Vihar,20.301029,85.835628,Harassment,3,Night,Weekday,Poor,High,933,Community,81
INC01091,Khandagiri,20.258094,85.784655,Harassment,3,Evening,Weekend,Good,High,764,Community,57
INC01092,Vani Vihar,20.297527,85.842809,Sexual Harassment,5,Evening,Weekend,Moderate,Low,125,Community,93
INC01093,Master Canteen,20.271126,85.840994,Harassment,3,Evening,Weekday,Good,Medium,925,Community,57
INC01094,CRP Square,20.314072,85.820245,Assault on Woman,5,Night,Weekday,Moderate,High,745,Community,100
INC01095,Jaydev Vihar,20.299,85.81911,Assault on Woman,5,Evening,Weekday,Poor,High,681,Community,100
INC01096,Lingaraj,20.24079,85.834643,Kidnapping Attempt,5,Night,Weekday,Good,High,326,Community,87
INC01097,Lingaraj,20.242112,85.832307,Assault on Woman,5,Night,Weekend,Good,Low,1390,Community,95
INC01098,Dumduma,20.263353,85.796154,Assault on Woman,5,Evening,Weekend,Moderate,Low,1020,Community,90
INC01099,Baramunda,20.271979,85.805578,Harassment,3,Night,Weekend,Poor,High,1288,Community,81
INC01100,Saheed Nagar,20.297513,85.839031,Assault on Woman,5,Evening,Weekday,Poor,Medium,937,Police,100
INC01101,Acharya Vihar,20.299831,85.832546,Assault on Woman,5,Evening,Weekday,Poor,Low,1439,Community,100
INC01102,Acharya Vihar,20.301338,85.833436,Stalking,4,Evening,Weekday,Poor,High,371,Community,83
INC01103,Mancheswar,20.32047,85.864619,Stalking,4,Night,Weekend,Poor,Low,1124,Community,99
INC01104,Acharya Vihar,20.301332,85.832419,Harassment,3,Night,Weekday,Poor,Medium,1164,Police,81
INC01105,Kalpana Square,20.2623,85.843224,Eve-teasing,2,Night,Weekend,Moderate,Low,148,Community,50
INC01106,Lingaraj,20.244351,85.831239,Sexual Harassment,5,Evening,Weekday,Poor,Medium,1001,Community,99
INC01107,Jaydev Vihar,20.302548,85.820479,Suspicious Activity,2,Night,Weekend,Poor,Medium,1444,Community,63
INC01108,Saheed Nagar,20.29578,85.842362,Harassment,3,Evening,Weekend,Poor,Low,632,Community,75
INC01109,Master Canteen,20.269409,85.841567,Snatching,3,Night,Weekend,Good,High,552,Police,64
INC01110,Baramunda,20.271295,85.804406,Stalking,4,Evening,Weekday,Poor,Medium,416,Police,85
INC01111,Vani Vihar,20.296305,85.842821,Harassment,3,Morning,Weekend,Good,Medium,1296,Community,45
INC01112,CRP Square,20.313022,85.821065,Assault on Woman,5,Afternoon,Weekday,Poor,Medium,866,Community,97
INC01113,Dumduma,20.263904,85.793279,Stalking,4,Night,Weekday,Good,High,522,Community,74
INC01114,Saheed Nagar,20.296556,85.843676,Stalking,4,Night,Weekend,Poor,Low,1173,Police,93
INC01115,KIIT Square,20.350593,85.816977,Stalking,4,Morning,Weekend,Moderate,Medium,1201,Police,65
INC01116,Mancheswar,20.320468,85.865784,Assault on Woman,5,Afternoon,Weekday,Poor,Low,567,Community,97
INC01117,KIIT Square,20.351595,85.816665,Eve-teasing,2,Night,Weekday,Poor,Low,371,Community,60
INC01118,Rasulgarh,20.29187,85.870864,Harassment,3,Morning,Weekday,Poor,High,1398,Community,67
INC01119,Master Canteen,20.267184,85.841254,Harassment,3,Afternoon,Weekend,Moderate,Medium,1291,Community,51
INC01120,Saheed Nagar,20.29761,85.842733,Assault on Woman,5,Night,Weekend,Good,Medium,654,Community,87
INC01121,Dumduma,20.262703,85.794872,Stalking,4,Afternoon,Weekend,Moderate,Medium,1488,Community,69
INC01122,Chandrasekharpur,20.334674,85.820925,Eve-teasing,2,Evening,Weekend,Poor,Medium,434,Community,59
INC01123,Chandrasekharpur,20.331659,85.821827,Kidnapping Attempt,5,Evening,Weekend,Good,Low,574,Community,86
INC01124,Nayapalli,20.295831,85.806108,Sexual Harassment,5,Night,Weekday,Good,Medium,763,Community,91
INC01125,Acharya Vihar,20.297943,85.83774,Assault on Woman,5,Night,Weekend,Poor,Low,651,Community,100
INC01126,Baramunda,20.268837,85.80536,Stalking,4,Night,Weekday,Moderate,Medium,1253,Community,86
INC01127,Lingaraj,20.242453,85.834875,Harassment,3,Afternoon,Weekend,Moderate,High,514,Community,54
INC01128,Old Town,20.237565,85.833294,Harassment,3,Evening,Weekday,Poor,Low,1364,Community,72
INC01129,Infocity,20.342953,85.815878,Harassment,3,Night,Weekend,Moderate,Low,194,Police,71
INC01130,Rasulgarh,20.29094,85.87025,Harassment,3,Afternoon,Weekday,Moderate,High,856,Community,54
INC01131,CRP Square,20.316499,85.820947,Harassment,3,Night,Weekday,Moderate,High,408,Community,74
INC01132,Pokhariput,20.253471,85.804436,Harassment,3,Night,Weekday,Good,Medium,696,Community,57
INC01133,Nayapalli,20.295167,85.806636,Eve-teasing,2,Night,Weekday,Good,Medium,566,Community,45
INC01134,Khandagiri,20.258986,85.778939,Harassment,3,Afternoon,Weekday,Moderate,Medium,1096,Police,58
INC01135,Dumduma,20.264394,85.796974,Stalking,4,Night,Weekend,Poor,Medium,1203,Community,99
INC01136,Infocity,20.344392,85.818845,Snatching,3,Night,Weekday,Moderate,Low,279,Community,72
INC01137,Infocity,20.343586,85.814661,Sexual Harassment,5,Evening,Weekend,Poor,Low,1432,Community,100
INC01138,Master Canteen,20.270156,85.842921,Assault on Woman,5,Evening,Weekday,Good,Medium,113,Community,84
INC01139,Patia,20.354663,85.818053,Harassment,3,Afternoon,Weekend,Poor,Medium,1037,Community,63
INC01140,Mancheswar,20.323638,85.862237,Harassment,3,Afternoon,Weekend,Good,Medium,180,Police,48
INC01141,Infocity,20.342892,85.814381,Stalking,4,Afternoon,Weekend,Moderate,Medium,655,Community,68
INC01142,Patia,20.357493,85.819138,Harassment,3,Night,Weekend,Moderate,Medium,527,Community,72
INC01143,Lingaraj,20.244626,85.834541,Harassment,3,Afternoon,Weekday,Poor,Medium,1284,Police,61
INC01144,Saheed Nagar,20.296735,85.841829,Harassment,3,Night,Weekend,Moderate,High,285,Police,70
INC01145,Khandagiri,20.260169,85.778897,Assault on Woman,5,Evening,Weekday,Moderate,Low,304,Community,92
INC01146,Kalpana Square,20.260912,85.841376,Kidnapping Attempt,5,Night,Weekend,Poor,Low,1065,Community,100
INC01147,KIIT Square,20.351494,85.818387,Harassment,3,Afternoon,Weekend,Good,Medium,179,Community,43
INC01148,Old Town,20.23994,85.833515,Assault on Woman,5,Afternoon,Weekday,Moderate,High,1469,Community,81
INC01149,Patia,20.353936,85.820252,Stalking,4,Night,Weekday,Good,Medium,152,Community,77
INC01150,Jaydev Vihar,20.298279,85.819262,Kidnapping Attempt,5,Evening,Weekday,Moderate,High,130,Community,91
INC01151,Kalpana Square,20.257674,85.842854,Eve-teasing,2,Night,Weekday,Poor,Medium,375,Police,70
INC01152,Baramunda,20.272397,85.802541,Stalking,4,Evening,Weekend,Moderate,Low,1468,Police,80
INC01153,Mancheswar,20.320316,85.861779,Harassment,3,Night,Weekday,Good,High,294,Police,59
INC01154,Rasulgarh,20.288408,85.871956,Harassment,3,Evening,Weekday,Poor,Medium,1164,Community,72
INC01155,Nayapalli,20.296967,85.805476,Stalking,4,Night,Weekday,Good,Low,888,Community,73
INC01156,Patia,20.352305,85.821269,Harassment,3,Afternoon,Weekend,Moderate,Medium,1090,Police,53
INC01157,Master Canteen,20.268719,85.839577,Eve-teasing,2,Evening,Weekday,Poor,Medium,1153,Police,58
INC01158,Khandagiri,20.259732,85.783432,Stalking,4,Evening,Weekend,Good,Low,1163,Community,68
INC01159,Patia,20.352857,85.817863,Eve-teasing,2,Evening,Weekend,Good,Medium,705,Community,38
INC01160,Master Canteen,20.271906,85.838498,Stalking,4,Night,Weekday,Moderate,Medium,1146,Community,90
INC01161,Patia,20.356568,85.819653,Harassment,3,Night,Weekday,Moderate,Medium,196,Police,70
INC01162,Dumduma,20.261952,85.795082,Harassment,3,Evening,Weekend,Poor,High,411,Community,77
INC01163,Saheed Nagar,20.299554,85.843893,Harassment,3,Afternoon,Weekend,Poor,Low,1075,Community,62
INC01164,Patia,20.35635,85.820509,Harassment,3,Afternoon,Weekday,Poor,Medium,236,Community,66
INC01165,Jaydev Vihar,20.298962,85.822833,Stalking,4,Night,Weekday,Poor,Medium,426,Community,96
INC01166,Rasulgarh,20.287723,85.87378,Suspicious Activity,2,Afternoon,Weekday,Poor,High,1299,Police,47
INC01167,Master Canteen,20.267653,85.839965,Harassment,3,Evening,Weekend,Moderate,Medium,1387,Community,61
INC01168,Baramunda,20.270248,85.80466,Sexual Harassment,5,Afternoon,Weekend,Poor,Low,799,Police,90
INC01169,Khandagiri,20.257299,85.78231,Harassment,3,Night,Weekday,Poor,Low,696,Community,76
INC01170,Vani Vihar,20.299191,85.840448,Eve-teasing,2,Night,Weekday,Moderate,Low,985,Community,60
INC01171,Khandagiri,20.258895,85.784228,Suspicious Activity,2,Evening,Weekday,Moderate,Medium,614,Police,44
INC01172,Chandrasekharpur,20.331913,85.821515,Snatching,3,Afternoon,Weekend,Moderate,High,1099,Community,59
INC01173,Vani Vihar,20.299551,85.841296,Assault on Woman,5,Evening,Weekday,Moderate,Low,301,Community,89
INC01174,Old Town,20.239256,85.834623,Assault on Woman,5,Night,Weekday,Poor,High,1425,Police,100
INC01175,Lingaraj,20.243769,85.835666,Sexual Harassment,5,Night,Weekday,Good,Medium,149,Community,90
INC01176,Baramunda,20.271811,85.805374,Kidnapping Attempt,5,Night,Weekend,Good,Low,804,Community,88
INC01177,Master Canteen,20.267947,85.842195,Sexual Harassment,5,Evening,Weekend,Poor,High,1243,Police,100
INC01178,Lingaraj,20.244686,85.832032,Sexual Harassment,5,Evening,Weekend,Good,Medium,1202,Police,81
INC01179,Baramunda,20.271332,85.804837,Harassment,3,Evening,Weekend,Moderate,High,883,Community,65
INC01180,Nayapalli,20.298375,85.806529,Sexual Harassment,5,Night,Weekend,Moderate,High,1291,Community,100
INC01181,Pokhariput,20.254388,85.805174,Assault on Woman,5,Afternoon,Weekday,Good,Medium,1458,Community,74
INC01182,Nayapalli,20.295381,85.807528,Assault on Woman,5,Afternoon,Weekend,Poor,Low,701,Community,91
INC01183,Rasulgarh,20.287545,85.871288,Stalking,4,Night,Weekend,Good,Medium,548,Community,73
INC01184,Saheed Nagar,20.295581,85.843988,Harassment,3,Night,Weekday,Moderate,Medium,1239,Community,74
INC01185,Kalpana Square,20.260111,85.842398,Harassment,3,Evening,Weekend,Poor,Medium,635,Police,73
INC01186,Kalpana Square,20.2624,85.845622,Stalking,4,Evening,Weekday,Moderate,Low,375,Community,76
INC01187,Chandrasekharpur,20.333705,85.821045,Eve-teasing,2,Evening,Weekday,Moderate,Low,1337,Community,48
INC01188,Master Canteen,20.27102,85.840761,Harassment,3,Evening,Weekday,Moderate,High,450,Community,65
INC01189,Old Town,20.239238,85.831383,Stalking,4,Evening,Weekend,Poor,High,616,Police,83
INC01190,Kalpana Square,20.262656,85.845917,Snatching,3,Afternoon,Weekend,Moderate,Medium,1481,Community,53
INC01191,Jaydev Vihar,20.303881,85.820521,Sexual Harassment,5,Night,Weekday,Poor,High,833,Community,100
INC01192,Dumduma,20.261967,85.792168,Stalking,4,Night,Weekday,Poor,Low,471,Community,97
INC01193,Nayapalli,20.298677,85.805444,Harassment,3,Night,Weekday,Moderate,Medium,1071,Community,70
INC01194,Chandrasekharpur,20.330064,85.820582,Stalking,4,Afternoon,Weekday,Good,High,510,Community,65
INC01195,Nayapalli,20.293564,85.803547,Stalking,4,Night,Weekday,Good,Medium,1498,Community,72
INC01196,Dumduma,20.262961,85.792838,Harassment,3,Night,Weekend,Moderate,Medium,242,Police,68
INC01197,Acharya Vihar,20.302855,85.832582,Assault on Woman,5,Night,Weekday,Good,Medium,462,Police,87
INC01198,Master Canteen,20.266233,85.841226,Harassment,3,Night,Weekend,Poor,Low,738,Police,76
INC01199,Acharya Vihar,20.298004,85.832598,Assault on Woman,5,Afternoon,Weekend,Good,Medium,790,Police,80
INC01200,Master Canteen,20.270012,85.838393,Kidnapping Attempt,5,Afternoon,Weekday,Good,Low,1105,Community,76
INC01201,Old Town,20.240894,85.833883,Harassment,3,Night,Weekday,Poor,Low,1310,Community,83
INC01202,Nayapalli,20.296378,85.806213,Kidnapping Attempt,5,Evening,Weekday,Poor,Medium,678,Community,100
INC01203,Baramunda,20.269558,85.803611,Kidnapping Attempt,5,Morning,Weekend,Good,High,1249,Community,76
INC01204,CRP Square,20.316624,85.823625,Eve-teasing,2,Night,Weekday,Moderate,High,282,Community,59
INC01205,Nayapalli,20.296206,85.802283,Snatching,3,Evening,Weekend,Good,Low,207,Police,58
INC01206,Dumduma,20.26207,85.793225,Assault on Woman,5,Night,Weekday,Poor,High,480,Police,100
INC01207,Saheed Nagar,20.297227,85.841878,Stalking,4,Morning,Weekday,Moderate,Low,338,Police,65
INC01208,Nayapalli,20.298923,85.806959,Eve-teasing,2,Evening,Weekend,Poor,High,390,Community,62
INC01209,Kalpana Square,20.261261,85.845413,Snatching,3,Evening,Weekend,Poor,Medium,658,Community,68
INC01210,Kalpana Square,20.262056,85.841137,Stalking,4,Night,Weekday,Good,High,909,Community,77
INC01211,Rasulgarh,20.287986,85.868954,Harassment,3,Night,Weekend,Good,Medium,442,Police,59
INC01212,Baramunda,20.268708,85.804421,Assault on Woman,5,Afternoon,Weekend,Good,Low,513,Police,78
INC01213,Saheed Nagar,20.299773,85.841014,Harassment,3,Afternoon,Weekday,Good,Low,477,Community,41
INC01214,Kalpana Square,20.259629,85.840857,Assault on Woman,5,Evening,Weekday,Good,Low,487,Police,83
INC01215,Mancheswar,20.319916,85.866157,Harassment,3,Afternoon,Weekday,Good,Medium,1419,Community,46
INC01216,Baramunda,20.268351,85.804763,Assault on Woman,5,Evening,Weekend,Poor,High,1002,Community,100
INC01217,Pokhariput,20.255283,85.802905,Harassment,3,Afternoon,Weekend,Good,Medium,135,Community,42
INC01218,Old Town,20.240409,85.835106,Harassment,3,Morning,Weekday,Good,High,893,Police,41
INC01219,KIIT Square,20.350444,85.818893,Assault on Woman,5,Night,Weekend,Poor,Medium,678,Community,100
INC01220,Rasulgarh,20.290976,85.870071,Snatching,3,Night,Weekday,Moderate,Low,413,Community,70
INC01221,Jaydev Vihar,20.302386,85.822778,Harassment,3,Evening,Weekday,Good,High,142,Community,52
INC01222,KIIT Square,20.354264,85.818249,Stalking,4,Afternoon,Weekend,Moderate,Low,822,Community,71
INC01223,Kalpana Square,20.259714,85.845714,Stalking,4,Evening,Weekday,Moderate,Medium,372,Police,76
INC01224,Saheed Nagar,20.29721,85.843888,Snatching,3,Night,Weekend,Poor,Medium,1048,Community,81
INC01225,Baramunda,20.267848,85.801652,Harassment,3,Night,Weekday,Moderate,Low,1377,Community,68
INC01226,Nayapalli,20.29394,85.804306,Assault on Woman,5,Evening,Weekday,Good,Medium,522,Community,88
INC01227,Khandagiri,20.258584,85.783415,Eve-teasing,2,Evening,Weekday,Moderate,Low,408,Community,50
INC01228,Jaydev Vihar,20.30092,85.820662,Sexual Harassment,5,Night,Weekday,Moderate,Medium,172,Community,96
INC01229,Patia,20.357273,85.816817,Harassment,3,Night,Weekend,Moderate,Low,515,Police,68
INC01230,Infocity,20.346455,85.816501,Stalking,4,Night,Weekday,Moderate,Low,693,Community,88
INC01231,Jaydev Vihar,20.298711,85.822461,Harassment,3,Evening,Weekday,Moderate,Medium,675,Community,61
INC01232,Jaydev Vihar,20.298582,85.817236,Kidnapping Attempt,5,Night,Weekend,Moderate,Medium,140,Community,100
INC01233,Mancheswar,20.321684,85.861119,Assault on Woman,5,Evening,Weekday,Poor,Medium,795,Police,100
INC01234,Acharya Vihar,20.298801,85.834362,Harassment,3,Afternoon,Weekend,Poor,Low,1469,Community,70
INC01235,Baramunda,20.272693,85.801498,Snatching,3,Evening,Weekend,Poor,High,1308,Community,70
INC01236,Khandagiri,20.256181,85.781923,Harassment,3,Night,Weekend,Moderate,Low,206,Community,69
INC01237,Master Canteen,20.268025,85.839637,Eve-teasing,2,Night,Weekday,Poor,Medium,781,Community,62
INC01238,Mancheswar,20.321284,85.866427,Harassment,3,Evening,Weekend,Good,Medium,868,Community,56
INC01239,Kalpana Square,20.257794,85.842077,Snatching,3,Afternoon,Weekday,Good,High,270,Police,50
INC01240,Nayapalli,20.298375,85.802138,Suspicious Activity,2,Afternoon,Weekday,Poor,High,462,Community,47
INC01241,Infocity,20.341058,85.813081,Suspicious Activity,2,Night,Weekend,Poor,Medium,419,Community,67
INC01242,Chandrasekharpur,20.329337,85.818832,Assault on Woman,5,Night,Weekday,Poor,High,287,Community,100
INC01243,Saheed Nagar,20.294276,85.840122,Harassment,3,Evening,Weekend,Moderate,High,1114,Community,60
INC01244,Baramunda,20.270551,85.806165,Snatching,3,Evening,Weekday,Moderate,High,504,Community,66
INC01245,Chandrasekharpur,20.329455,85.819122,Snatching,3,Evening,Weekend,Poor,High,1401,Police,72
INC01246,Dumduma,20.26231,85.792506,Assault on Woman,5,Evening,Weekday,Good,High,1499,Community,80
INC01247,KIIT Square,20.352065,85.819397,Harassment,3,Evening,Weekday,Poor,High,1013,Community,78
INC01248,Nayapalli,20.298498,85.804169,Assault on Woman,5,Night,Weekend,Poor,High,637,Police,100
INC01249,Old Town,20.237883,85.833998,Snatching,3,Night,Weekday,Moderate,Low,489,Community,67
INC01250,Old Town,20.24028,85.832946,Stalking,4,Night,Weekend,Poor,Medium,1051,Community,92
INC01251,Kalpana Square,20.26224,85.84473,Kidnapping Attempt,5,Evening,Weekday,Poor,High,848,Community,100
INC01252,Jaydev Vihar,20.299103,85.817569,Assault on Woman,5,Evening,Weekend,Good,Medium,144,Community,80
INC01253,Pokhariput,20.25314,85.804641,Harassment,3,Evening,Weekend,Moderate,Low,1098,Police,58
INC01254,Chandrasekharpur,20.33094,85.82086,Harassment,3,Afternoon,Weekend,Good,Low,543,Community,40
INC01255,Acharya Vihar,20.298864,85.835711,Stalking,4,Evening,Weekend,Moderate,Medium,798,Police,75
INC01256,Mancheswar,20.319379,85.863682,Eve-teasing,2,Evening,Weekend,Good,Medium,578,Police,38
INC01257,Khandagiri,20.257963,85.780786,Assault on Woman,5,Afternoon,Weekday,Good,Medium,1395,Community,73
INC01258,Rasulgarh,20.290119,85.868116,Stalking,4,Evening,Weekend,Good,Low,1377,Community,71
INC01259,Master Canteen,20.271345,85.84375,Assault on Woman,5,Afternoon,Weekday,Moderate,Low,665,Police,85
INC01260,CRP Square,20.315798,85.820963,Harassment,3,Night,Weekend,Moderate,High,658,Police,72
INC01261,Vani Vihar,20.2952,85.843864,Suspicious Activity,2,Afternoon,Weekend,Poor,Medium,705,Police,48
INC01262,Rasulgarh,20.289838,85.872912,Sexual Harassment,5,Morning,Weekend,Good,High,151,Community,80
INC01263,Infocity,20.345655,85.818958,Stalking,4,Evening,Weekend,Moderate,High,1009,Police,74
INC01264,Master Canteen,20.270238,85.84072,Harassment,3,Afternoon,Weekend,Good,Low,353,Community,45
INC01265,Old Town,20.239991,85.83325,Harassment,3,Morning,Weekend,Moderate,Medium,464,Community,50
INC01266,Nayapalli,20.296411,85.8073,Assault on Woman,5,Morning,Weekday,Poor,High,230,Police,92
INC01267,Chandrasekharpur,20.334641,85.81941,Assault on Woman,5,Night,Weekend,Poor,Medium,945,Community,100
INC01268,Lingaraj,20.243148,85.834851,Assault on Woman,5,Evening,Weekend,Good,Low,524,Community,79
INC01269,Rasulgarh,20.291169,85.871346,Harassment,3,Morning,Weekday,Poor,High,186,Community,63
INC01270,Jaydev Vihar,20.299938,85.821536,Assault on Woman,5,Night,Weekday,Good,Low,1108,Community,91
INC01271,KIIT Square,20.350216,85.816377,Harassment,3,Evening,Weekend,Moderate,High,853,Community,60
INC01272,Saheed Nagar,20.293844,85.841966,Harassment,3,Evening,Weekend,Good,Medium,895,Community,51
INC01273,Nayapalli,20.298388,85.804356,Harassment,3,Night,Weekday,Moderate,Medium,1434,Community,71
INC01274,Acharya Vihar,20.299325,85.83264,Harassment,3,Night,Weekday,Good,Low,711,Police,65
INC01275,Mancheswar,20.321166,85.861326,Sexual Harassment,5,Evening,Weekend,Moderate,Low,616,Community,88
INC01276,Patia,20.353186,85.818504,Harassment,3,Evening,Weekday,Poor,Low,1037,Police,77
INC01277,CRP Square,20.31558,85.82377,Stalking,4,Night,Weekday,Poor,High,319,Police,90
INC01278,Patia,20.357681,85.818321,Kidnapping Attempt,5,Evening,Weekday,Moderate,High,209,Community,98
INC01279,Kalpana Square,20.259237,85.84168,Snatching,3,Night,Weekend,Good,High,345,Community,59
INC01280,Saheed Nagar,20.29762,85.843915,Harassment,3,Night,Weekday,Poor,Low,457,Community,76
INC01281,Master Canteen,20.269479,85.841345,Suspicious Activity,2,Afternoon,Weekend,Poor,Medium,413,Community,51
INC01282,Patia,20.354695,85.819294,Harassment,3,Afternoon,Weekend,Good,Low,1444,Community,44
INC01283,CRP Square,20.313604,85.823027,Harassment,3,Night,Weekend,Good,Medium,103,Police,55
INC01284,Pokhariput,20.254931,85.802389,Eve-teasing,2,Night,Weekday,Good,Medium,1324,Community,47
INC01285,Old Town,20.237228,85.834306,Snatching,3,Afternoon,Weekend,Poor,Medium,456,Community,65
INC01286,Old Town,20.235886,85.835036,Sexual Harassment,5,Night,Weekday,Poor,Medium,984,Community,100
INC01287,Nayapalli,20.296873,85.804705,Kidnapping Attempt,5,Evening,Weekday,Poor,Low,803,Community,100
INC01288,Vani Vihar,20.297796,85.843469,Stalking,4,Night,Weekday,Moderate,Low,521,Police,86
INC01289,Kalpana Square,20.262943,85.843264,Suspicious Activity,2,Evening,Weekday,Moderate,High,1227,Community,45
INC01290,Nayapalli,20.294953,85.807019,Stalking,4,Evening,Weekend,Poor,Medium,904,Community,88
INC01291,Chandrasekharpur,20.332863,85.818934,Harassment,3,Night,Weekday,Poor,Low,1133,Police,82
INC01292,Infocity,20.342839,85.817535,Snatching,3,Evening,Weekend,Good,Medium,491,Community,48
INC01293,Chandrasekharpur,20.333966,85.822083,Harassment,3,Morning,Weekend,Moderate,High,832,Community,50
INC01294,Nayapalli,20.294251,85.804571,Stalking,4,Evening,Weekend,Moderate,Medium,185,Community,73
INC01295,Nayapalli,20.294535,85.804842,Stalking,4,Night,Weekend,Poor,Low,965,Community,99
INC01296,CRP Square,20.31428,85.824777,Eve-teasing,2,Night,Weekday,Good,High,288,Community,50
INC01297,Master Canteen,20.268024,85.841622,Stalking,4,Evening,Weekday,Moderate,Medium,1024,Community,79
INC01298,Patia,20.355661,85.820551,Snatching,3,Morning,Weekend,Moderate,High,471,Community,59
INC01299,Pokhariput,20.252292,85.804514,Snatching,3,Night,Weekend,Moderate,Low,700,Police,65
INC01300,Vani Vihar,20.294658,85.839929,Stalking,4,Night,Weekday,Good,Medium,111,Community,80
INC01301,Lingaraj,20.241096,85.83304,Harassment,3,Night,Weekday,Poor,High,1010,Police,76
INC01302,Acharya Vihar,20.301442,85.83768,Harassment,3,Evening,Weekend,Moderate,Medium,980,Community,66
INC01303,Pokhariput,20.254842,85.802673,Harassment,3,Evening,Weekend,Moderate,High,638,Police,68
INC01304,CRP Square,20.317516,85.82444,Stalking,4,Night,Weekend,Good,High,1268,Community,73
INC01305,Pokhariput,20.253578,85.801401,Stalking,4,Night,Weekday,Good,Medium,1246,Community,73
INC01306,Baramunda,20.271209,85.801067,Harassment,3,Morning,Weekday,Poor,High,1463,Community,68
INC01307,Baramunda,20.267822,85.806524,Suspicious Activity,2,Night,Weekday,Poor,High,1072,Community,63
INC01308,Acharya Vihar,20.3008,85.835248,Stalking,4,Night,Weekend,Good,High,1144,Community,71
INC01309,Dumduma,20.261436,85.791988,Eve-teasing,2,Evening,Weekday,Moderate,Medium,561,Police,49
INC01310,Kalpana Square,20.258923,85.842368,Harassment,3,Afternoon,Weekday,Poor,Medium,1021,Community,63
INC01311,CRP Square,20.316743,85.824332,Assault on Woman,5,Evening,Weekday,Poor,High,1326,Community,100
INC01312,Kalpana Square,20.259504,85.84337,Assault on Woman,5,Night,Weekend,Poor,Low,181,Community,100
INC01313,Master Canteen,20.27192,85.840049,Snatching,3,Night,Weekday,Moderate,Low,1062,Community,71
INC01314,CRP Square,20.316149,85.824851,Stalking,4,Evening,Weekend,Moderate,High,1388,Community,77
INC01315,Vani Vihar,20.295878,85.844435,Assault on Woman,5,Night,Weekend,Moderate,Medium,727,Community,100
INC01316,Khandagiri,20.257043,85.782755,Harassment,3,Night,Weekend,Poor,High,704,Community,85
INC01317,Pokhariput,20.253227,85.803776,Assault on Woman,5,Evening,Weekend,Good,Low,696,Community,81
INC01318,Acharya Vihar,20.301857,85.83425,Suspicious Activity,2,Evening,Weekend,Poor,Low,1040,Community,55
INC01319,Vani Vihar,20.294747,85.841259,Harassment,3,Evening,Weekend,Moderate,High,621,Police,65
INC01320,Dumduma,20.262195,85.791306,Assault on Woman,5,Evening,Weekday,Poor,Medium,1075,Community,100
INC01321,Jaydev Vihar,20.300168,85.821808,Harassment,3,Morning,Weekday,Poor,High,1223,Community,62
INC01322,Kalpana Square,20.262348,85.843399,Harassment,3,Morning,Weekday,Moderate,Medium,667,Community,53
INC01323,Rasulgarh,20.290724,85.8696,Assault on Woman,5,Evening,Weekday,Poor,High,1233,Community,100
INC01324,Lingaraj,20.243698,85.836727,Harassment,3,Morning,Weekday,Poor,Low,652,Police,61
INC01325,Rasulgarh,20.288626,85.870757,Suspicious Activity,2,Afternoon,Weekend,Good,High,319,Community,35
INC01326,Kalpana Square,20.260598,85.84232,Assault on Woman,5,Afternoon,Weekend,Good,High,1009,Community,76
INC01327,Patia,20.35373,85.821791,Assault on Woman,5,Evening,Weekend,Poor,Medium,759,Community,100
INC01328,Master Canteen,20.268238,85.842221,Assault on Woman,5,Evening,Weekend,Poor,Medium,927,Community,100
INC01329,Lingaraj,20.24429,85.836391,Harassment,3,Evening,Weekend,Poor,Low,1253,Community,69
INC01330,Patia,20.354171,85.818786,Stalking,4,Evening,Weekday,Poor,Low,283,Community,88
INC01331,Khandagiri,20.260483,85.781671,Stalking,4,Afternoon,Weekday,Poor,Medium,1326,Community,78
INC01332,Lingaraj,20.244564,85.83154,Stalking,4,Night,Weekend,Good,Medium,202,Community,78
INC01333,Master Canteen,20.26685,85.840615,Harassment,3,Night,Weekday,Good,Medium,441,Community,58
INC01334,Vani Vihar,20.297928,85.843706,Harassment,3,Night,Weekday,Poor,High,1222,Community,81
INC01335,Rasulgarh,20.293068,85.871616,Harassment,3,Morning,Weekend,Poor,High,466,Community,67
INC01336,Acharya Vihar,20.302593,85.833474,Harassment,3,Morning,Weekday,Poor,Low,1151,Police,68
INC01337,Lingaraj,20.24029,85.831935,Harassment,3,Afternoon,Weekday,Poor,Low,1275,Police,67
INC01338,Master Canteen,20.266659,85.839489,Harassment,3,Evening,Weekend,Poor,High,872,Community,72
INC01339,Dumduma,20.265065,85.79337,Sexual Harassment,5,Evening,Weekend,Moderate,Medium,1425,Police,93
INC01340,Khandagiri,20.256946,85.781819,Assault on Woman,5,Evening,Weekday,Poor,High,1328,Police,100
INC01341,Vani Vihar,20.296295,85.840797,Kidnapping Attempt,5,Morning,Weekday,Moderate,Low,541,Community,90
INC01342,Master Canteen,20.270743,85.842495,Suspicious Activity,2,Evening,Weekend,Moderate,High,133,Police,50
INC01343,CRP Square,20.316277,85.821229,Stalking,4,Afternoon,Weekday,Good,Low,602,Police,65
INC01344,Baramunda,20.269103,85.806456,Stalking,4,Night,Weekend,Poor,High,702,Community,98
INC01345,KIIT Square,20.355212,85.817877,Kidnapping Attempt,5,Evening,Weekday,Good,Low,439,Community,79
INC01346,Pokhariput,20.252148,85.802312,Harassment,3,Evening,Weekend,Good,Medium,1355,Community,57
INC01347,Baramunda,20.271807,85.804514,Stalking,4,Night,Weekday,Poor,Medium,1152,Community,98
INC01348,Jaydev Vihar,20.300268,85.820964,Kidnapping Attempt,5,Evening,Weekday,Poor,High,391,Police,100
INC01349,Vani Vihar,20.296366,85.839251,Stalking,4,Evening,Weekend,Poor,High,1265,Community,85
INC01350,Pokhariput,20.257943,85.802264,Assault on Woman,5,Night,Weekend,Good,High,1088,Police,88
INC01351,Acharya Vihar,20.299961,85.83248,Kidnapping Attempt,5,Evening,Weekend,Poor,Medium,862,Police,100
INC01352,Nayapalli,20.297007,85.807012,Assault on Woman,5,Evening,Weekend,Poor,Low,602,Community,98
INC01353,CRP Square,20.31764,85.820803,Harassment,3,Night,Weekday,Poor,High,1311,Community,79
INC01354,Jaydev Vihar,20.303067,85.818314,Assault on Woman,5,Night,Weekend,Moderate,High,301,Community,100
INC01355,Kalpana Square,20.259516,85.841987,Snatching,3,Morning,Weekday,Good,Medium,1457,Community,45
INC01356,Kalpana Square,20.259593,85.842485,Stalking,4,Night,Weekend,Moderate,Medium,730,Community,87
INC01357,Mancheswar,20.321581,85.862411,Harassment,3,Afternoon,Weekday,Poor,Medium,1324,Community,66
INC01358,Chandrasekharpur,20.333777,85.818051,Harassment,3,Evening,Weekday,Moderate,High,1427,Community,58
INC01359,CRP Square,20.312801,85.824902,Harassment,3,Evening,Weekday,Poor,Low,831,Community,69
INC01360,Acharya Vihar,20.298981,85.832234,Suspicious Activity,2,Evening,Weekend,Poor,Medium,493,Police,59
INC01361,Chandrasekharpur,20.330749,85.823021,Harassment,3,Morning,Weekday,Moderate,High,1046,Community,54
INC01362,Dumduma,20.264639,85.795134,Harassment,3,Morning,Weekend,Poor,Medium,1068,Police,65
INC01363,Baramunda,20.271888,85.803508,Snatching,3,Night,Weekend,Poor,Low,1464,Community,78
INC01364,Jaydev Vihar,20.298221,85.817352,Snatching,3,Night,Weekend,Good,Low,358,Community,56
INC01365,Nayapalli,20.296476,85.806312,Snatching,3,Evening,Weekend,Good,Medium,1475,Community,57
INC01366,Saheed Nagar,20.297737,85.840385,Suspicious Activity,2,Evening,Weekend,Moderate,High,616,Community,50
INC01367,Lingaraj,20.245175,85.833698,Sexual Harassment,5,Night,Weekday,Poor,Low,1448,Community,100
INC01368,Patia,20.353085,85.818004,Suspicious Activity,2,Morning,Weekend,Poor,Medium,186,Police,48
INC01369,Khandagiri,20.258825,85.781307,Kidnapping Attempt,5,Night,Weekday,Moderate,Low,1359,Community,95
INC01370,CRP Square,20.317816,85.82021,Sexual Harassment,5,Afternoon,Weekday,Poor,Low,1134,Community,96
INC01371,Kalpana Square,20.261388,85.840237,Sexual Harassment,5,Night,Weekday,Moderate,High,1034,Community,100
INC01372,Kalpana Square,20.262791,85.840377,Assault on Woman,5,Night,Weekday,Moderate,Medium,1346,Community,100
INC01373,Master Canteen,20.271349,85.843113,Harassment,3,Night,Weekday,Poor,Medium,908,Community,83
INC01374,KIIT Square,20.354929,85.816434,Harassment,3,Morning,Weekend,Good,High,660,Community,48
INC01375,Patia,20.357816,85.821268,Assault on Woman,5,Evening,Weekday,Moderate,Medium,204,Community,97
INC01376,Pokhariput,20.253725,85.801695,Snatching,3,Afternoon,Weekday,Poor,Medium,772,Community,70
INC01377,Patia,20.352578,85.820381,Snatching,3,Night,Weekend,Good,High,628,Community,59
INC01378,Kalpana Square,20.259559,85.844375,Harassment,3,Evening,Weekday,Poor,High,1210,Community,78
INC01379,Infocity,20.346239,85.818118,Eve-teasing,2,Morning,Weekend,Good,Low,653,Police,26
INC01380,Nayapalli,20.297596,85.806677,Harassment,3,Evening,Weekday,Good,Medium,669,Police,53
INC01381,Old Town,20.23984,85.834272,Harassment,3,Afternoon,Weekday,Good,Low,276,Police,42
INC01382,Nayapalli,20.297891,85.805209,Harassment,3,Evening,Weekend,Poor,Medium,161,Community,74
INC01383,Chandrasekharpur,20.333655,85.820415,Sexual Harassment,5,Afternoon,Weekday,Moderate,Medium,1300,Police,81
INC01384,CRP Square,20.314747,85.820933,Assault on Woman,5,Evening,Weekday,Poor,High,485,Community,100
INC01385,Old Town,20.237493,85.836025,Assault on Woman,5,Night,Weekday,Poor,High,296,Community,100
INC01386,Mancheswar,20.321966,85.866977,Harassment,3,Night,Weekend,Moderate,Medium,166,Police,75
INC01387,Rasulgarh,20.292233,85.869761,Stalking,4,Night,Weekday,Good,Medium,380,Community,76
INC01388,Khandagiri,20.256972,85.779246,Stalking,4,Evening,Weekend,Good,Medium,714,Community,63
INC01389,Nayapalli,20.293558,85.802825,Harassment,3,Evening,Weekend,Moderate,High,332,Community,62
INC01390,Nayapalli,20.294096,85.803274,Suspicious Activity,2,Night,Weekend,Good,High,1226,Police,41
INC01391,Pokhariput,20.252603,85.803422,Snatching,3,Night,Weekday,Moderate,Low,290,Community,69
INC01392,Jaydev Vihar,20.303694,85.82053,Harassment,3,Afternoon,Weekend,Moderate,Medium,839,Community,51
INC01393,Acharya Vihar,20.300367,85.836765,Assault on Woman,5,Morning,Weekday,Good,Medium,1265,Police,71
INC01394,CRP Square,20.316249,85.820016,Harassment,3,Night,Weekend,Poor,Medium,935,Community,83
INC01395,Mancheswar,20.323658,85.862125,Sexual Harassment,5,Evening,Weekend,Good,High,1465,Community,86
INC01396,Old Town,20.240842,85.833469,Harassment,3,Evening,Weekend,Good,Medium,355,Police,52
INC01397,Patia,20.354533,85.817647,Eve-teasing,2,Afternoon,Weekday,Good,High,1412,Community,35
INC01398,Jaydev Vihar,20.299385,85.8185,Snatching,3,Morning,Weekday,Good,Medium,546,Community,41
INC01399,Saheed Nagar,20.29878,85.838283,Snatching,3,Afternoon,Weekend,Good,High,1427,Police,45
INC01400,Kalpana Square,20.260113,85.84165,Stalking,4,Night,Weekday,Poor,High,897,Community,100
INC01401,CRP Square,20.313643,85.819294,Stalking,4,Morning,Weekend,Moderate,High,222,Police,73
INC01402,Saheed Nagar,20.299088,85.839044,Stalking,4,Afternoon,Weekend,Moderate,High,1184,Community,72
INC01403,Baramunda,20.269696,85.805131,Assault on Woman,5,Afternoon,Weekday,Moderate,Medium,428,Community,87
INC01404,Patia,20.355971,85.818807,Sexual Harassment,5,Night,Weekend,Moderate,Medium,396,Community,100
INC01405,Chandrasekharpur,20.33295,85.822797,Harassment,3,Night,Weekend,Good,Medium,319,Community,59
INC01406,Rasulgarh,20.291311,85.871336,Sexual Harassment,5,Evening,Weekday,Poor,Medium,474,Community,100
INC01407,Jaydev Vihar,20.299964,85.821138,Eve-teasing,2,Evening,Weekend,Moderate,High,496,Community,47
INC01408,Khandagiri,20.256132,85.779997,Snatching,3,Evening,Weekend,Poor,Medium,1255,Community,74
INC01409,Vani Vihar,20.295469,85.839275,Harassment,3,Evening,Weekday,Moderate,High,782,Community,64
INC01410,Infocity,20.346376,85.814388,Harassment,3,Night,Weekend,Good,Medium,248,Community,63
INC01411,Jaydev Vihar,20.299287,85.819225,Harassment,3,Morning,Weekend,Good,Medium,346,Police,50
INC01412,Saheed Nagar,20.299341,85.841871,Harassment,3,Morning,Weekday,Good,Medium,1388,Police,43
INC01413,CRP Square,20.315246,85.822944,Snatching,3,Night,Weekday,Good,Low,543,Police,60
INC01414,Infocity,20.342376,85.816454,Assault on Woman,5,Morning,Weekday,Poor,Low,1026,Community,92
INC01415,Chandrasekharpur,20.33243,85.822004,Eve-teasing,2,Afternoon,Weekday,Poor,High,192,Police,48
INC01416,Saheed Nagar,20.296565,85.84217,Harassment,3,Afternoon,Weekend,Good,High,518,Community,44
INC01417,Jaydev Vihar,20.303002,85.817954,Snatching,3,Evening,Weekday,Good,High,458,Community,54
INC01418,Infocity,20.342271,85.813922,Sexual Harassment,5,Afternoon,Weekend,Good,Low,645,Police,78
INC01419,Master Canteen,20.271983,85.841197,Harassment,3,Evening,Weekend,Poor,Medium,1351,Police,75
INC01420,Nayapalli,20.294285,85.8064,Harassment,3,Night,Weekday,Good,Medium,869,Police,62
INC01421,Mancheswar,20.323167,85.866405,Harassment,3,Afternoon,Weekday,Poor,Low,331,Community,66
INC01422,KIIT Square,20.353234,85.816391,Assault on Woman,5,Afternoon,Weekday,Poor,Medium,1342,Community,91
INC01423,Pokhariput,20.254035,85.804225,Assault on Woman,5,Afternoon,Weekday,Moderate,High,465,Community,87
INC01424,Jaydev Vihar,20.299323,85.820817,Sexual Harassment,5,Evening,Weekend,Moderate,High,1398,Community,93
INC01425,Acharya Vihar,20.302957,85.834026,Snatching,3,Morning,Weekday,Good,High,1461,Community,40
INC01426,Nayapalli,20.297453,85.805822,Harassment,3,Morning,Weekend,Poor,Medium,301,Community,68
INC01427,KIIT Square,20.354491,85.818629,Sexual Harassment,5,Night,Weekend,Poor,Medium,1476,Community,100
INC01428,Baramunda,20.26751,85.805877,Harassment,3,Evening,Weekday,Moderate,Medium,1105,Community,59
INC01429,Acharya Vihar,20.298734,85.83573,Sexual Harassment,5,Morning,Weekday,Moderate,High,990,Community,80
INC01430,Patia,20.357415,85.818767,Snatching,3,Evening,Weekend,Good,Low,663,Community,54
INC01431,Mancheswar,20.321478,85.865786,Harassment,3,Evening,Weekend,Poor,Medium,200,Community,70
INC01432,KIIT Square,20.350236,85.817819,Assault on Woman,5,Evening,Weekend,Good,Medium,1357,Community,87
INC01433,Patia,20.356772,85.822219,Sexual Harassment,5,Night,Weekday,Moderate,High,224,Community,95
INC01434,Lingaraj,20.243171,85.836341,Harassment,3,Night,Weekday,Poor,High,629,Police,85
INC01435,Pokhariput,20.254991,85.806585,Kidnapping Attempt,5,Evening,Weekend,Moderate,Low,1182,Community,94
INC01436,Rasulgarh,20.287693,85.87218,Harassment,3,Evening,Weekend,Good,High,1270,Community,58
INC01437,Kalpana Square,20.257124,85.845277,Harassment,3,Night,Weekend,Good,Low,1182,Community,56
INC01438,Khandagiri,20.259741,85.783732,Harassment,3,Afternoon,Weekend,Poor,Medium,826,Police,65
INC01439,KIIT Square,20.354732,85.819327,Harassment,3,Evening,Weekday,Moderate,High,492,Police,58
INC01440,CRP Square,20.314467,85.820679,Stalking,4,Afternoon,Weekday,Moderate,Low,1134,Police,65
INC01441,Chandrasekharpur,20.332337,85.821006,Stalking,4,Afternoon,Weekend,Poor,Medium,374,Community,75
INC01442,KIIT Square,20.353834,85.820959,Harassment,3,Afternoon,Weekend,Good,High,827,Community,48
INC01443,Mancheswar,20.323253,85.863368,Stalking,4,Afternoon,Weekend,Good,High,293,Police,62
INC01444,Chandrasekharpur,20.332639,85.819192,Assault on Woman,5,Evening,Weekend,Moderate,High,543,Community,98
INC01445,Rasulgarh,20.28974,85.868209,Harassment,3,Morning,Weekend,Good,Low,1134,Community,45
INC01446,Chandrasekharpur,20.332004,85.820443,Stalking,4,Evening,Weekday,Poor,Low,121,Police,86
INC01447,Patia,20.354108,85.81899,Assault on Woman,5,Evening,Weekend,Poor,Medium,126,Community,100
INC01448,CRP Square,20.314984,85.823376,Assault on Woman,5,Night,Weekday,Moderate,Low,950,Police,100
INC01449,Lingaraj,20.244752,85.831804,Stalking,4,Morning,Weekend,Moderate,High,352,Police,75
INC01450,Chandrasekharpur,20.330355,85.820382,Assault on Woman,5,Evening,Weekday,Poor,Medium,934,Community,100
INC01451,Vani Vihar,20.294887,85.840441,Assault on Woman,5,Afternoon,Weekday,Moderate,High,622,Police,84
INC01452,Dumduma,20.266644,85.791257,Assault on Woman,5,Evening,Weekend,Good,Low,586,Community,84
INC01453,Kalpana Square,20.261463,85.843116,Eve-teasing,2,Morning,Weekday,Poor,Medium,136,Police,48
INC01454,Dumduma,20.263168,85.793387,Suspicious Activity,2,Evening,Weekday,Poor,Low,891,Community,60
INC01455,Nayapalli,20.294277,85.807717,Kidnapping Attempt,5,Night,Weekday,Good,Medium,206,Police,93
INC01456,Kalpana Square,20.259912,85.845085,Assault on Woman,5,Evening,Weekend,Moderate,Low,1372,Community,96
INC01457,Baramunda,20.267242,85.802453,Snatching,3,Night,Weekend,Good,Medium,1016,Police,60
INC01458,Rasulgarh,20.291303,85.871302,Stalking,4,Night,Weekday,Good,High,578,Community,79
INC01459,KIIT Square,20.352223,85.819147,Harassment,3,Morning,Weekend,Poor,Medium,1256,Community,61
INC01460,Baramunda,20.27261,85.805288,Assault on Woman,5,Evening,Weekend,Good,Low,925,Police,87
INC01461,Vani Vihar,20.296255,85.843683,Assault on Woman,5,Afternoon,Weekend,Moderate,Medium,1329,Police,90
INC01462,Infocity,20.342773,85.816212,Suspicious Activity,2,Evening,Weekday,Moderate,Low,608,Community,52
INC01463,Baramunda,20.270003,85.802858,Harassment,3,Evening,Weekday,Poor,High,458,Police,69
INC01464,Rasulgarh,20.288148,85.873815,Harassment,3,Evening,Weekend,Moderate,Low,935,Community,58
INC01465,Jaydev Vihar,20.298706,85.821583,Stalking,4,Night,Weekday,Good,Medium,542,Community,73
INC01466,Nayapalli,20.296614,85.804171,Snatching,3,Afternoon,Weekday,Poor,High,1249,Police,64
INC01467,Old Town,20.240324,85.831707,Eve-teasing,2,Afternoon,Weekend,Poor,Medium,799,Community,47
INC01468,Mancheswar,20.322267,85.86188,Sexual Harassment,5,Night,Weekday,Good,Medium,1273,Community,91
INC01469,Saheed Nagar,20.296692,85.840756,Harassment,3,Night,Weekend,Poor,High,489,Police,80
INC01470,Chandrasekharpur,20.330152,85.819602,Harassment,3,Evening,Weekday,Good,Low,736,Police,52
INC01471,Patia,20.353085,85.821014,Suspicious Activity,2,Morning,Weekday,Poor,Medium,1329,Community,51
INC01472,KIIT Square,20.355878,85.817323,Harassment,3,Afternoon,Weekday,Good,High,1353,Community,40
INC01473,Infocity,20.341336,85.81689,Stalking,4,Morning,Weekday,Moderate,High,758,Community,71
INC01474,Dumduma,20.264495,85.79366,Harassment,3,Evening,Weekday,Good,Low,551,Community,52
INC01475,CRP Square,20.315593,85.821344,Stalking,4,Morning,Weekday,Poor,Low,925,Police,81
INC01476,Vani Vihar,20.294117,85.843792,Harassment,3,Night,Weekday,Moderate,Medium,1071,Police,65
INC01477,Mancheswar,20.322611,85.865615,Snatching,3,Afternoon,Weekday,Moderate,Medium,1192,Community,53
INC01478,Saheed Nagar,20.294335,85.838996,Stalking,4,Night,Weekday,Moderate,Low,514,Community,86
INC01479,Master Canteen,20.266475,85.838064,Assault on Woman,5,Night,Weekday,Poor,High,308,Community,100
INC01480,Lingaraj,20.244502,85.832428,Harassment,3,Evening,Weekend,Poor,High,1115,Community,73
INC01481,Chandrasekharpur,20.331685,85.823348,Harassment,3,Evening,Weekday,Moderate,Medium,445,Police,63
INC01482,Jaydev Vihar,20.299764,85.817258,Suspicious Activity,2,Night,Weekend,Moderate,High,208,Community,53
INC01483,Chandrasekharpur,20.332205,85.823566,Stalking,4,Night,Weekday,Poor,Medium,1151,Community,92
INC01484,Patia,20.355934,85.821769,Suspicious Activity,2,Night,Weekend,Moderate,Low,309,Community,54
INC01485,Acharya Vihar,20.299041,85.836978,Assault on Woman,5,Night,Weekday,Poor,Medium,972,Police,100
INC01486,Chandrasekharpur,20.330063,85.822089,Suspicious Activity,2,Evening,Weekend,Good,High,1020,Police,33
INC01487,Mancheswar,20.32282,85.863417,Assault on Woman,5,Night,Weekday,Good,Medium,225,Community,92
INC01488,Lingaraj,20.244846,85.836161,Assault on Woman,5,Morning,Weekday,Poor,Medium,394,Community,92
INC01489,Rasulgarh,20.289267,85.868955,Assault on Woman,5,Night,Weekend,Poor,Medium,130,Police,100
INC01490,Chandrasekharpur,20.33143,85.818902,Snatching,3,Morning,Weekend,Poor,Low,248,Police,62
INC01491,Mancheswar,20.32174,85.864565,Stalking,4,Morning,Weekend,Moderate,Low,649,Community,74
INC01492,Pokhariput,20.257719,85.801761,Suspicious Activity,2,Night,Weekend,Poor,Low,1339,Community,63
INC01493,Vani Vihar,20.295505,85.844814,Snatching,3,Evening,Weekday,Good,Medium,1348,Community,58
INC01494,Infocity,20.343711,85.816274,Harassment,3,Evening,Weekday,Poor,Low,1441,Community,73
INC01495,Rasulgarh,20.28971,85.870343,Suspicious Activity,2,Afternoon,Weekend,Poor,Medium,153,Police,52
INC01496,Lingaraj,20.245781,85.831381,Sexual Harassment,5,Evening,Weekday,Poor,Medium,1189,Community,100
INC01497,Vani Vihar,20.296619,85.841983,Assault on Woman,5,Night,Weekday,Poor,High,1157,Community,100
INC01498,Pokhariput,20.255146,85.803392,Stalking,4,Afternoon,Weekend,Moderate,High,206,Community,65
INC01499,Lingaraj,20.243717,85.835114,Stalking,4,Evening,Weekend,Good,High,672,Police,65
INC01500,Old Town,20.236095,85.834142,Harassment,3,Evening,Weekday,Moderate,High,1352,Community,68
INC01501,Jaydev Vihar,20.302436,85.82208,Snatching,3,Night,Weekday,Poor,High,498,Community,84
INC01502,Nayapalli,20.294564,85.806107,Stalking,4,Night,Weekend,Good,Low,1089,Community,75
INC01503,Acharya Vihar,20.298031,85.837676,Eve-teasing,2,Afternoon,Weekday,Poor,Medium,1345,Police,50
INC01504,Rasulgarh,20.292937,85.868637,Suspicious Activity,2,Night,Weekend,Moderate,High,1422,Community,54
INC01505,Pokhariput,20.255659,85.805536,Stalking,4,Night,Weekday,Good,High,115,Community,80
INC01506,Dumduma,20.261447,85.795994,Sexual Harassment,5,Night,Weekday,Moderate,High,507,Community,100
INC01507,Khandagiri,20.255016,85.780985,Sexual Harassment,5,Evening,Weekday,Good,High,320,Community,83
INC01508,Chandrasekharpur,20.330041,85.821716,Harassment,3,Afternoon,Weekend,Moderate,Low,1174,Community,56
INC01509,Nayapalli,20.298759,85.803595,Harassment,3,Night,Weekday,Poor,Medium,323,Community,76
INC01510,Old Town,20.237298,85.834175,Harassment,3,Night,Weekend,Poor,Medium,1249,Community,77
INC01511,Patia,20.352879,85.821568,Harassment,3,Evening,Weekend,Poor,Medium,433,Police,73
INC01512,Kalpana Square,20.258947,85.844638,Harassment,3,Evening,Weekday,Poor,Medium,1005,Community,70
INC01513,CRP Square,20.315061,85.824899,Snatching,3,Night,Weekend,Good,Medium,1304,Community,60
INC01514,Vani Vihar,20.297012,85.840827,Harassment,3,Evening,Weekday,Good,High,976,Police,48
INC01515,Patia,20.352357,85.82131,Suspicious Activity,2,Evening,Weekday,Good,Medium,575,Community,36
INC01516,Chandrasekharpur,20.334211,85.818415,Sexual Harassment,5,Morning,Weekday,Moderate,High,517,Community,86
INC01517,Chandrasekharpur,20.330706,85.821119,Harassment,3,Evening,Weekend,Moderate,Medium,1104,Community,61
INC01518,Master Canteen,20.270733,85.842316,Suspicious Activity,2,Afternoon,Weekday,Moderate,Low,365,Community,43
INC01519,Old Town,20.240698,85.831418,Harassment,3,Afternoon,Weekday,Poor,Low,316,Police,63
INC01520,Jaydev Vihar,20.298859,85.822047,Harassment,3,Morning,Weekday,Moderate,High,872,Police,51
INC01521,Kalpana Square,20.257961,85.844305,Harassment,3,Evening,Weekend,Good,High,1065,Community,49
INC01522,Acharya Vihar,20.302399,85.83488,Sexual Harassment,5,Evening,Weekend,Poor,Medium,1385,Community,100
INC01523,Jaydev Vihar,20.303653,85.818953,Suspicious Activity,2,Evening,Weekday,Moderate,Low,1471,Police,49
INC01524,Chandrasekharpur,20.332296,85.81909,Stalking,4,Evening,Weekday,Good,Medium,229,Community,66
INC01525,Master Canteen,20.27037,85.843555,Sexual Harassment,5,Night,Weekday,Poor,Low,159,Community,100
INC01526,Mancheswar,20.324458,85.862285,Eve-teasing,2,Evening,Weekday,Good,High,974,Police,43
INC01527,Baramunda,20.270304,85.802419,Harassment,3,Afternoon,Weekday,Poor,Low,600,Police,68
INC01528,Nayapalli,20.294848,85.804507,Assault on Woman,5,Evening,Weekend,Moderate,Low,1109,Community,94
INC01529,Rasulgarh,20.290726,85.869566,Kidnapping Attempt,5,Afternoon,Weekday,Poor,Low,1351,Police,91
INC01530,Master Canteen,20.271088,85.841494,Assault on Woman,5,Morning,Weekend,Moderate,Medium,431,Community,83
INC01531,Dumduma,20.265313,85.792285,Kidnapping Attempt,5,Night,Weekday,Poor,High,1243,Police,100
INC01532,Jaydev Vihar,20.302874,85.821516,Harassment,3,Morning,Weekday,Poor,Medium,211,Community,62
INC01533,KIIT Square,20.353325,85.818639,Harassment,3,Night,Weekend,Poor,Medium,1136,Police,82
INC01534,Saheed Nagar,20.298132,85.843471,Snatching,3,Night,Weekday,Moderate,High,1195,Community,65
INC01535,Saheed Nagar,20.299668,85.839618,Harassment,3,Evening,Weekday,Good,Medium,1275,Community,55
INC01536,Old Town,20.235978,85.83226,Suspicious Activity,2,Night,Weekday,Poor,Low,146,Police,70
INC01537,Mancheswar,20.322984,85.861555,Snatching,3,Afternoon,Weekday,Good,Low,1147,Community,49
INC01538,Patia,20.358053,85.816996,Assault on Woman,5,Night,Weekday,Moderate,Medium,335,Community,95
INC01539,Jaydev Vihar,20.298944,85.8222,Harassment,3,Night,Weekday,Poor,Medium,1452,Community,76
INC01540,Chandrasekharpur,20.331416,85.818777,Harassment,3,Afternoon,Weekend,Good,Low,1014,Community,45
INC01541,Rasulgarh,20.291038,85.872378,Harassment,3,Morning,Weekday,Moderate,Medium,790,Community,50
INC01542,Master Canteen,20.269991,85.839809,Snatching,3,Evening,Weekday,Good,Low,460,Community,52
INC01543,Pokhariput,20.255752,85.801844,Snatching,3,Evening,Weekend,Good,Medium,375,Community,52
INC01544,Jaydev Vihar,20.302939,85.818162,Harassment,3,Night,Weekday,Poor,Medium,879,Police,76
INC01545,Saheed Nagar,20.297213,85.840271,Snatching,3,Night,Weekday,Moderate,Low,299,Community,72
INC01546,Jaydev Vihar,20.300543,85.819154,Harassment,3,Evening,Weekend,Moderate,Medium,366,Community,58
INC01547,Infocity,20.345671,85.813154,Suspicious Activity,2,Night,Weekday,Poor,Medium,841,Community,67
INC01548,Pokhariput,20.252362,85.804594,Stalking,4,Morning,Weekday,Poor,Low,983,Community,84
INC01549,Kalpana Square,20.257759,85.841688,Harassment,3,Night,Weekday,Poor,Medium,634,Police,77
INC01550,Rasulgarh,20.292499,85.868194,Snatching,3,Morning,Weekend,Good,Medium,930,Police,49
INC01551,Old Town,20.239721,85.834737,Stalking,4,Evening,Weekday,Moderate,Low,812,Community,79
INC01552,Rasulgarh,20.292349,85.868821,Harassment,3,Night,Weekday,Moderate,High,190,Community,66
INC01553,KIIT Square,20.354837,85.81942,Harassment,3,Evening,Weekend,Good,Medium,665,Police,49
INC01554,Acharya Vihar,20.297256,85.832079,Stalking,4,Morning,Weekday,Poor,Medium,319,Community,75
INC01555,Nayapalli,20.295781,85.803173,Snatching,3,Morning,Weekday,Moderate,High,1046,Police,55
INC01556,KIIT Square,20.351726,85.82082,Sexual Harassment,5,Night,Weekday,Moderate,High,920,Community,98
INC01557,Patia,20.35319,85.81969,Assault on Woman,5,Evening,Weekday,Moderate,Medium,979,Community,95
INC01558,Saheed Nagar,20.293833,85.839394,Harassment,3,Night,Weekend,Poor,High,924,Community,82
INC01559,Kalpana Square,20.259621,85.840893,Suspicious Activity,2,Evening,Weekday,Good,High,383,Community,40
INC01560,KIIT Square,20.351596,85.817489,Harassment,3,Afternoon,Weekday,Poor,Medium,151,Police,61
INC01561,Master Canteen,20.269999,85.838746,Assault on Woman,5,Afternoon,Weekday,Good,Medium,1299,Community,78
INC01562,Mancheswar,20.324148,85.864786,Sexual Harassment,5,Afternoon,Weekday,Good,High,234,Community,72
INC01563,Khandagiri,20.257511,85.783647,Assault on Woman,5,Afternoon,Weekend,Poor,Low,908,Police,98
INC01564,Rasulgarh,20.288492,85.871542,Assault on Woman,5,Night,Weekend,Poor,Medium,1239,Police,100
INC01565,Lingaraj,20.240891,85.83391,Eve-teasing,2,Night,Weekend,Moderate,Medium,608,Community,52
INC01566,Kalpana Square,20.261422,85.845802,Harassment,3,Night,Weekday,Moderate,Medium,333,Police,72
INC01567,Infocity,20.346466,85.813991,Snatching,3,Evening,Weekend,Poor,Medium,153,Community,68
INC01568,Pokhariput,20.252634,85.803464,Suspicious Activity,2,Night,Weekend,Poor,Medium,1391,Police,70
INC01569,Chandrasekharpur,20.334412,85.821274,Suspicious Activity,2,Night,Weekend,Good,Medium,1359,Community,49
INC01570,Jaydev Vihar,20.298501,85.819667,Suspicious Activity,2,Morning,Weekday,Poor,Medium,1303,Police,55
INC01571,Infocity,20.346568,85.818365,Eve-teasing,2,Evening,Weekday,Good,Low,1024,Police,38
INC01572,Mancheswar,20.324835,85.863243,Eve-teasing,2,Night,Weekend,Moderate,High,152,Community,50
INC01573,CRP Square,20.316,85.823973,Stalking,4,Afternoon,Weekday,Good,Medium,713,Community,56
INC01574,Acharya Vihar,20.299998,85.836903,Assault on Woman,5,Afternoon,Weekend,Good,Medium,1246,Police,72
INC01575,Lingaraj,20.245994,85.836581,Assault on Woman,5,Evening,Weekend,Moderate,High,1305,Community,89
INC01576,Infocity,20.343541,85.815128,Sexual Harassment,5,Morning,Weekday,Poor,Medium,462,Community,100
INC01577,Nayapalli,20.295124,85.806674,Snatching,3,Evening,Weekend,Poor,Low,1472,Community,70
INC01578,KIIT Square,20.355557,85.819212,Suspicious Activity,2,Afternoon,Weekend,Moderate,Medium,609,Police,44
INC01579,Patia,20.35517,85.81741,Harassment,3,Evening,Weekday,Good,Medium,890,Community,53
INC01580,Kalpana Square,20.26028,85.840002,Harassment,3,Night,Weekday,Poor,Low,644,Community,83
INC01581,Vani Vihar,20.296615,85.84491,Harassment,3,Evening,Weekday,Good,Low,1179,Community,57
INC01582,Kalpana Square,20.261998,85.840535,Harassment,3,Morning,Weekday,Poor,High,608,Community,69
INC01583,Saheed Nagar,20.294448,85.83948,Snatching,3,Night,Weekend,Poor,Medium,609,Community,79
INC01584,Pokhariput,20.254404,85.805679,Assault on Woman,5,Night,Weekday,Poor,Medium,670,Police,100
INC01585,Khandagiri,20.255084,85.780707,Harassment,3,Morning,Weekend,Good,High,157,Police,46
INC01586,Infocity,20.345442,85.818379,Stalking,4,Night,Weekday,Good,Medium,629,Community,79
INC01587,Pokhariput,20.257445,85.801017,Assault on Woman,5,Evening,Weekend,Poor,High,656,Community,100
INC01588,Dumduma,20.261628,85.792359,Suspicious Activity,2,Evening,Weekend,Good,Medium,871,Police,41
INC01589,Vani Vihar,20.297704,85.844491,Snatching,3,Night,Weekend,Moderate,Medium,1225,Community,73
INC01590,Mancheswar,20.324355,85.861542,Stalking,4,Evening,Weekday,Good,Medium,1451,Community,64
INC01591,Vani Vihar,20.294352,85.843125,Snatching,3,Evening,Weekend,Moderate,Medium,881,Police,58
INC01592,Chandrasekharpur,20.329472,85.822097,Harassment,3,Morning,Weekend,Poor,Medium,1237,Police,63
INC01593,Nayapalli,20.298855,85.805886,Harassment,3,Afternoon,Weekday,Moderate,Medium,1327,Community,57
INC01594,KIIT Square,20.353936,85.818434,Harassment,3,Night,Weekend,Good,Low,612,Community,59
INC01595,Lingaraj,20.241644,85.836418,Snatching,3,Night,Weekend,Moderate,Medium,940,Community,71
INC01596,Acharya Vihar,20.301743,85.833864,Harassment,3,Evening,Weekend,Moderate,Low,796,Community,58
INC01597,Baramunda,20.272789,85.802154,Sexual Harassment,5,Evening,Weekend,Moderate,Medium,596,Police,93
INC01598,Lingaraj,20.2447,85.836126,Suspicious Activity,2,Afternoon,Weekend,Moderate,Low,210,Community,45
INC01599,Vani Vihar,20.295373,85.839322,Assault on Woman,5,Night,Weekend,Poor,High,482,Community,100
INC01600,Acharya Vihar,20.301789,85.834569,Eve-teasing,2,Night,Weekday,Poor,Medium,921,Community,65
INC01601,Lingaraj,20.240474,85.832686,Harassment,3,Night,Weekend,Good,Low,1130,Police,59
INC01602,KIIT Square,20.355427,85.818221,Harassment,3,Afternoon,Weekday,Moderate,Low,1085,Police,58
INC01603,Saheed Nagar,20.294837,85.841773,Suspicious Activity,2,Night,Weekend,Moderate,Low,127,Police,54
INC01604,Jaydev Vihar,20.300451,85.818579,Eve-teasing,2,Afternoon,Weekday,Poor,High,327,Police,45
INC01605,Dumduma,20.265412,85.796307,Harassment,3,Evening,Weekday,Moderate,Medium,890,Police,66
INC01606,Master Canteen,20.271842,85.841813,Assault on Woman,5,Evening,Weekday,Good,Medium,734,Community,88
INC01607,Dumduma,20.262519,85.795781,Stalking,4,Night,Weekend,Good,High,979,Community,80
INC01608,Baramunda,20.269031,85.801874,Snatching,3,Afternoon,Weekend,Poor,High,496,Community,67
INC01609,Pokhariput,20.256419,85.806863,Assault on Woman,5,Night,Weekday,Moderate,Low,273,Community,100
INC01610,Rasulgarh,20.29117,85.872071,Snatching,3,Afternoon,Weekday,Good,High,1236,Community,50
INC01611,Infocity,20.343122,85.813076,Suspicious Activity,2,Evening,Weekend,Poor,High,892,Police,53
INC01612,Nayapalli,20.294166,85.80432,Snatching,3,Night,Weekend,Poor,Medium,1216,Community,77
INC01613,Vani Vihar,20.295986,85.840377,Suspicious Activity,2,Evening,Weekday,Good,Low,1399,Police,41
INC01614,Lingaraj,20.243031,85.834085,Stalking,4,Morning,Weekend,Moderate,Low,671,Community,75
INC01615,Khandagiri,20.254821,85.78199,Harassment,3,Night,Weekend,Poor,Medium,1073,Community,78
INC01616,Pokhariput,20.255851,85.804905,Harassment,3,Night,Weekend,Poor,Medium,1418,Community,77
INC01617,Dumduma,20.262533,85.794233,Assault on Woman,5,Evening,Weekday,Moderate,Medium,1300,Community,90
INC01618,Baramunda,20.268887,85.804473,Eve-teasing,2,Afternoon,Weekend,Moderate,High,1020,Community,39
INC01619,Rasulgarh,20.287837,85.872373,Harassment,3,Evening,Weekday,Poor,Medium,617,Community,70
INC01620,Pokhariput,20.255554,85.801976,Assault on Woman,5,Afternoon,Weekend,Moderate,High,330,Police,90
INC01621,Patia,20.357001,85.822162,Stalking,4,Evening,Weekday,Poor,Medium,1154,Police,92
INC01622,Acharya Vihar,20.297269,85.832702,Harassment,3,Afternoon,Weekend,Good,High,229,Community,46
INC01623,Kalpana Square,20.257272,85.840179,Stalking,4,Night,Weekday,Moderate,Low,1485,Community,86
INC01624,Patia,20.357007,85.817636,Assault on Woman,5,Evening,Weekend,Good,High,581,Police,82
INC01625,Rasulgarh,20.28781,85.871062,Assault on Woman,5,Morning,Weekend,Moderate,Medium,1227,Community,83
INC01626,Baramunda,20.272895,85.802898,Stalking,4,Night,Weekday,Good,High,134,Community,76
INC01627,Patia,20.356993,85.822161,Stalking,4,Night,Weekend,Moderate,Medium,252,Community,80
INC01628,Kalpana Square,20.261011,85.842532,Eve-teasing,2,Morning,Weekday,Good,Medium,859,Community,26
INC01629,Rasulgarh,20.28731,85.870682,Eve-teasing,2,Evening,Weekend,Moderate,Low,1311,Community,52
INC01630,KIIT Square,20.35009,85.819638,Assault on Woman,5,Night,Weekend,Moderate,Medium,702,Community,100
INC01631,Acharya Vihar,20.299755,85.832093,Stalking,4,Afternoon,Weekend,Moderate,Medium,1401,Community,72
INC01632,Vani Vihar,20.294184,85.843817,Harassment,3,Evening,Weekday,Moderate,Low,1266,Community,64
INC01633,Vani Vihar,20.294134,85.839522,Harassment,3,Evening,Weekday,Poor,Low,1030,Police,78
INC01634,Lingaraj,20.245867,85.83432,Harassment,3,Morning,Weekend,Poor,Low,854,Police,61
INC01635,Old Town,20.236886,85.836744,Stalking,4,Evening,Weekend,Moderate,Low,1474,Police,80
INC01636,Lingaraj,20.244704,85.831579,Assault on Woman,5,Night,Weekend,Poor,Medium,674,Community,100
INC01637,Jaydev Vihar,20.299062,85.817845,Stalking,4,Night,Weekend,Moderate,Medium,1020,Community,84
INC01638,Khandagiri,20.255131,85.782121,Kidnapping Attempt,5,Night,Weekday,Moderate,Low,192,Community,100
INC01639,Patia,20.352949,85.821567,Suspicious Activity,2,Evening,Weekday,Poor,Low,136,Police,53
INC01640,Lingaraj,20.244225,85.833053,Harassment,3,Afternoon,Weekday,Good,High,378,Community,47
INC01641,Dumduma,20.26436,85.792969,Harassment,3,Night,Weekday,Poor,High,282,Community,85
INC01642,Acharya Vihar,20.301302,85.833442,Snatching,3,Afternoon,Weekday,Moderate,Medium,1210,Police,55
INC01643,CRP Square,20.316718,85.824658,Harassment,3,Evening,Weekday,Poor,High,337,Community,68
INC01644,Master Canteen,20.266655,85.842898,Suspicious Activity,2,Morning,Weekend,Good,High,189,Police,28
INC01645,KIIT Square,20.350817,85.815263,Sexual Harassment,5,Evening,Weekend,Poor,Medium,1493,Community,100
INC01646,Infocity,20.344444,85.814874,Suspicious Activity,2,Night,Weekend,Poor,High,1422,Community,69
INC01647,Kalpana Square,20.260439,85.845191,Assault on Woman,5,Evening,Weekday,Good,High,1067,Police,84
INC01648,Vani Vihar,20.297088,85.839848,Sexual Harassment,5,Evening,Weekday,Poor,Low,269,Community,99
INC01649,Khandagiri,20.255422,85.783448,Stalking,4,Night,Weekday,Moderate,Medium,240,Community,84
INC01650,Old Town,20.238144,85.836288,Stalking,4,Afternoon,Weekend,Poor,High,1185,Community,79
INC01651,KIIT Square,20.352687,85.81853,Snatching,3,Afternoon,Weekday,Poor,High,713,Police,68
INC01652,Pokhariput,20.253061,85.805801,Stalking,4,Evening,Weekday,Poor,Low,710,Community,85
INC01653,Nayapalli,20.295673,85.804666,Stalking,4,Afternoon,Weekend,Good,Medium,1369,Community,56
INC01654,Lingaraj,20.243387,85.835375,Harassment,3,Morning,Weekend,Good,Low,764,Community,47
INC01655,Patia,20.355701,85.821837,Snatching,3,Morning,Weekday,Good,High,1139,Police,41
INC01656,Jaydev Vihar,20.29977,85.822655,Stalking,4,Night,Weekend,Good,Low,444,Community,76
INC01657,Rasulgarh,20.29282,85.869608,Stalking,4,Night,Weekend,Poor,Low,269,Community,92
INC01658,Nayapalli,20.298401,85.804144,Sexual Harassment,5,Night,Weekend,Good,Low,203,Community,86
INC01659,Saheed Nagar,20.299383,85.843639,Suspicious Activity,2,Evening,Weekend,Poor,Medium,1304,Community,63
INC01660,KIIT Square,20.350263,85.820009,Stalking,4,Morning,Weekday,Moderate,High,364,Community,73
INC01661,Old Town,20.238539,85.833197,Snatching,3,Morning,Weekend,Good,Low,234,Community,46
INC01662,Vani Vihar,20.295824,85.843328,Harassment,3,Afternoon,Weekday,Poor,High,668,Community,60
INC01663,Kalpana Square,20.260669,85.845834,Harassment,3,Afternoon,Weekend,Good,High,1356,Police,43
INC01664,Vani Vihar,20.295046,85.842273,Assault on Woman,5,Evening,Weekend,Poor,Low,1261,Community,98
INC01665,Lingaraj,20.240356,85.836783,Harassment,3,Evening,Weekday,Moderate,Medium,914,Community,66
INC01666,Infocity,20.345303,85.815865,Assault on Woman,5,Morning,Weekday,Poor,High,1080,Community,100
INC01667,Saheed Nagar,20.297222,85.839934,Snatching,3,Evening,Weekend,Poor,Medium,560,Community,74
INC01668,Master Canteen,20.271088,85.838943,Stalking,4,Evening,Weekend,Good,Medium,122,Community,66
INC01669,Nayapalli,20.298393,85.803102,Harassment,3,Afternoon,Weekday,Moderate,High,225,Community,60
INC01670,Rasulgarh,20.289146,85.873136,Sexual Harassment,5,Morning,Weekday,Poor,High,181,Community,96
INC01671,Old Town,20.238823,85.836754,Harassment,3,Evening,Weekday,Moderate,High,128,Community,59
INC01672,Lingaraj,20.24132,85.831816,Stalking,4,Night,Weekend,Good,Medium,1034,Community,79
INC01673,Nayapalli,20.298164,85.802526,Suspicious Activity,2,Evening,Weekday,Moderate,Medium,443,Community,46
INC01674,Kalpana Square,20.262294,85.844784,Snatching,3,Night,Weekend,Good,Medium,1166,Community,59
INC01675,Master Canteen,20.270169,85.838756,Suspicious Activity,2,Night,Weekday,Good,Low,431,Community,48
INC01676,Acharya Vihar,20.301203,85.833009,Harassment,3,Evening,Weekday,Moderate,Medium,238,Community,66
INC01677,Dumduma,20.263933,85.791026,Assault on Woman,5,Evening,Weekend,Good,High,329,Community,81
INC01678,Nayapalli,20.293489,85.805531,Assault on Woman,5,Evening,Weekend,Poor,Medium,1063,Community,99
INC01679,Pokhariput,20.256253,85.805502,Assault on Woman,5,Night,Weekend,Poor,Medium,1336,Police,100
INC01680,Vani Vihar,20.297051,85.842491,Kidnapping Attempt,5,Night,Weekday,Poor,High,736,Police,100
INC01681,Dumduma,20.265334,85.793861,Harassment,3,Morning,Weekday,Good,High,703,Community,50
INC01682,Jaydev Vihar,20.298933,85.818512,Snatching,3,Afternoon,Weekday,Moderate,High,532,Police,58
INC01683,Infocity,20.346721,85.815159,Stalking,4,Evening,Weekday,Good,High,359,Police,63
INC01684,KIIT Square,20.355872,85.816662,Assault on Woman,5,Night,Weekend,Good,Low,367,Police,92
INC01685,Jaydev Vihar,20.298619,85.819238,Snatching,3,Afternoon,Weekday,Poor,Low,1130,Community,65
INC01686,Kalpana Square,20.258182,85.844093,Harassment,3,Night,Weekend,Moderate,Low,572,Police,72
INC01687,Master Canteen,20.271419,85.838576,Stalking,4,Evening,Weekday,Good,High,146,Community,72
INC01688,Kalpana Square,20.261878,85.84587,Snatching,3,Morning,Weekday,Good,Low,183,Police,42
INC01689,Chandrasekharpur,20.329175,85.819488,Kidnapping Attempt,5,Night,Weekday,Moderate,High,1369,Community,97
INC01690,Mancheswar,20.324212,85.866633,Harassment,3,Evening,Weekend,Good,High,931,Community,53
INC01691,Lingaraj,20.244519,85.836346,Stalking,4,Evening,Weekend,Poor,Low,272,Community,89
INC01692,Old Town,20.238487,85.835673,Harassment,3,Night,Weekend,Moderate,High,983,Community,68
INC01693,Vani Vihar,20.298304,85.842405,Sexual Harassment,5,Evening,Weekday,Moderate,Medium,442,Community,90
INC01694,Lingaraj,20.245292,85.831705,Harassment,3,Afternoon,Weekend,Good,High,941,Community,45
INC01695,Khandagiri,20.255108,85.781888,Snatching,3,Evening,Weekday,Poor,High,1109,Police,77
INC01696,Vani Vihar,20.294885,85.840441,Kidnapping Attempt,5,Evening,Weekend,Poor,High,1330,Community,100
INC01697,Rasulgarh,20.289333,85.869437,Harassment,3,Afternoon,Weekend,Poor,Low,1043,Police,62
INC01698,KIIT Square,20.351415,85.816473,Stalking,4,Night,Weekend,Poor,High,593,Community,95
INC01699,Lingaraj,20.245881,85.832602,Harassment,3,Night,Weekend,Poor,Medium,1254,Community,82
INC01700,Master Canteen,20.270273,85.842323,Stalking,4,Night,Weekend,Poor,Low,1401,Community,93
INC01701,Rasulgarh,20.290686,85.873947,Stalking,4,Afternoon,Weekend,Moderate,Low,1129,Community,66
INC01702,Saheed Nagar,20.294559,85.839262,Kidnapping Attempt,5,Afternoon,Weekend,Good,Medium,116,Community,79
INC01703,Dumduma,20.26305,85.795563,Harassment,3,Evening,Weekend,Moderate,Low,1279,Community,62
INC01704,Acharya Vihar,20.302536,85.832081,Harassment,3,Night,Weekday,Good,High,1305,Police,59
INC01705,Lingaraj,20.244882,85.831316,Harassment,3,Night,Weekend,Good,Medium,500,Community,57
INC01706,Chandrasekharpur,20.3309,85.819854,Stalking,4,Night,Weekday,Good,Medium,550,Community,77
INC01707,Chandrasekharpur,20.333084,85.818108,Eve-teasing,2,Evening,Weekday,Poor,High,1187,Police,55
INC01708,Chandrasekharpur,20.333379,85.82068,Harassment,3,Night,Weekend,Moderate,Medium,528,Community,75
INC01709,Acharya Vihar,20.302435,85.836785,Stalking,4,Afternoon,Weekend,Poor,Medium,1490,Community,76
INC01710,Saheed Nagar,20.294782,85.842089,Assault on Woman,5,Night,Weekday,Good,Medium,799,Police,87
INC01711,Master Canteen,20.266792,85.84058,Stalking,4,Night,Weekday,Moderate,High,106,Community,80
INC01712,Old Town,20.239882,85.836595,Sexual Harassment,5,Morning,Weekday,Poor,Medium,1429,Community,90
INC01713,Patia,20.355003,85.820595,Kidnapping Attempt,5,Night,Weekday,Good,High,1048,Community,88
INC01714,Kalpana Square,20.258807,85.845806,Harassment,3,Night,Weekday,Good,Low,915,Community,65
INC01715,CRP Square,20.317451,85.820191,Eve-teasing,2,Afternoon,Weekday,Moderate,Medium,415,Community,41
INC01716,Patia,20.353219,85.820858,Assault on Woman,5,Night,Weekday,Poor,Medium,864,Police,100
INC01717,Rasulgarh,20.288205,85.872159,Harassment,3,Night,Weekday,Good,Medium,1169,Community,57
INC01718,Baramunda,20.269842,85.805161,Stalking,4,Night,Weekend,Poor,Low,561,Community,96
INC01719,Infocity,20.346832,85.815817,Assault on Woman,5,Morning,Weekend,Good,Low,193,Community,76
INC01720,Chandrasekharpur,20.333842,85.822979,Sexual Harassment,5,Afternoon,Weekend,Good,High,355,Community,71
INC01721,Pokhariput,20.257776,85.805067,Harassment,3,Evening,Weekend,Good,High,1109,Community,58
INC01722,Khandagiri,20.25605,85.781215,Assault on Woman,5,Afternoon,Weekday,Moderate,High,397,Community,83
INC01723,Jaydev Vihar,20.303518,85.82005,Eve-teasing,2,Evening,Weekday,Poor,High,415,Community,63
INC01724,Acharya Vihar,20.30275,85.83443,Harassment,3,Evening,Weekday,Poor,Medium,791,Community,78
INC01725,Lingaraj,20.245383,85.835742,Harassment,3,Evening,Weekend,Poor,High,1426,Community,68
INC01726,Lingaraj,20.242951,85.831627,Snatching,3,Afternoon,Weekend,Moderate,Medium,1244,Police,51
INC01727,Jaydev Vihar,20.30196,85.818319,Harassment,3,Evening,Weekend,Moderate,High,687,Community,61
INC01728,Old Town,20.236883,85.832661,Stalking,4,Evening,Weekday,Moderate,High,248,Police,83
INC01729,Old Town,20.240864,85.832606,Harassment,3,Morning,Weekday,Poor,Medium,775,Community,60
INC01730,Mancheswar,20.322555,85.862269,Snatching,3,Evening,Weekday,Moderate,Medium,478,Community,58
INC01731,Patia,20.354708,85.81745,Harassment,3,Morning,Weekday,Moderate,Medium,296,Community,60
INC01732,Jaydev Vihar,20.303645,85.820429,Stalking,4,Night,Weekend,Moderate,Low,926,Community,89
INC01733,Lingaraj,20.245729,85.833847,Harassment,3,Morning,Weekday,Moderate,Low,573,Community,59
INC01734,Jaydev Vihar,20.300336,85.821588,Stalking,4,Evening,Weekend,Moderate,Medium,1186,Community,80
INC01735,Old Town,20.238824,85.832248,Harassment,3,Evening,Weekday,Moderate,Low,732,Community,67
INC01736,Lingaraj,20.24113,85.836723,Stalking,4,Night,Weekday,Poor,Medium,472,Community,92
INC01737,Acharya Vihar,20.297416,85.837053,Harassment,3,Night,Weekend,Moderate,Medium,679,Community,72
INC01738,CRP Square,20.3123,85.819842,Harassment,3,Night,Weekend,Moderate,Medium,1215,Community,71
INC01739,Lingaraj,20.242687,85.833701,Harassment,3,Evening,Weekend,Poor,Medium,512,Community,73
INC01740,KIIT Square,20.351984,85.815138,Harassment,3,Afternoon,Weekend,Moderate,High,507,Community,56
INC01741,Mancheswar,20.320119,85.863786,Stalking,4,Morning,Weekday,Poor,Medium,833,Community,81
INC01742,Nayapalli,20.297168,85.805561,Harassment,3,Night,Weekend,Good,Medium,430,Community,62
INC01743,Saheed Nagar,20.295209,85.83867,Stalking,4,Evening,Weekend,Good,Medium,1246,Police,68
INC01744,Old Town,20.237484,85.833608,Kidnapping Attempt,5,Afternoon,Weekend,Moderate,High,698,Police,84
INC01745,Infocity,20.342832,85.813728,Sexual Harassment,5,Evening,Weekend,Moderate,High,1344,Community,92
INC01746,Mancheswar,20.320358,85.866286,Stalking,4,Night,Weekday,Good,Medium,1484,Police,78
INC01747,Jaydev Vihar,20.30156,85.820003,Harassment,3,Afternoon,Weekend,Poor,Low,547,Police,70
INC01748,Chandrasekharpur,20.329622,85.818048,Harassment,3,Night,Weekday,Moderate,High,454,Community,72
INC01749,CRP Square,20.317395,85.822111,Stalking,4,Afternoon,Weekday,Moderate,Low,858,Community,74
INC01750,Jaydev Vihar,20.298061,85.818811,Harassment,3,Evening,Weekday,Poor,Medium,231,Community,77
INC01751,Mancheswar,20.319164,85.866383,Harassment,3,Night,Weekend,Good,Low,517,Police,62
INC01752,Lingaraj,20.243173,85.834569,Suspicious Activity,2,Afternoon,Weekend,Moderate,Medium,1065,Police,43
INC01753,Infocity,20.344657,85.818666,Kidnapping Attempt,5,Afternoon,Weekend,Moderate,High,631,Community,86
INC01754,Rasulgarh,20.288637,85.871252,Harassment,3,Evening,Weekday,Poor,High,475,Community,74
INC01755,Jaydev Vihar,20.299492,85.81886,Harassment,3,Afternoon,Weekend,Good,High,320,Community,43
INC01756,Mancheswar,20.323449,85.865049,Stalking,4,Night,Weekend,Poor,Medium,157,Community,100
INC01757,Jaydev Vihar,20.299683,85.82152,Assault on Woman,5,Night,Weekend,Good,Low,283,Community,92
INC01758,Baramunda,20.268581,85.806961,Harassment,3,Evening,Weekday,Poor,High,567,Community,73
INC01759,Acharya Vihar,20.300355,85.837666,Harassment,3,Evening,Weekday,Moderate,Medium,789,Police,60
INC01760,Saheed Nagar,20.299764,85.841942,Harassment,3,Afternoon,Weekday,Good,High,921,Community,41
INC01761,Saheed Nagar,20.295178,85.839517,Suspicious Activity,2,Afternoon,Weekend,Moderate,High,351,Community,41
INC01762,Old Town,20.235064,85.836135,Kidnapping Attempt,5,Afternoon,Weekday,Moderate,Medium,745,Community,80
INC01763,Khandagiri,20.255764,85.779269,Assault on Woman,5,Night,Weekday,Poor,Low,1238,Police,100
INC01764,Rasulgarh,20.288925,85.873507,Harassment,3,Night,Weekday,Good,Medium,1038,Community,64
INC01765,Infocity,20.341978,85.81398,Stalking,4,Night,Weekend,Good,Low,219,Community,76
INC01766,Pokhariput,20.256657,85.80161,Stalking,4,Night,Weekday,Moderate,Medium,757,Police,86
INC01767,Vani Vihar,20.297604,85.844174,Sexual Harassment,5,Night,Weekday,Good,Medium,1209,Community,92
INC01768,CRP Square,20.314037,85.824233,Assault on Woman,5,Morning,Weekend,Good,Medium,1297,Police,75
INC01769,Lingaraj,20.24169,85.832528,Sexual Harassment,5,Evening,Weekend,Poor,Low,1094,Community,100
INC01770,Mancheswar,20.319458,85.862118,Sexual Harassment,5,Afternoon,Weekday,Good,High,1187,Community,78
INC01771,Rasulgarh,20.293195,85.871317,Snatching,3,Night,Weekend,Poor,High,251,Community,75
INC01772,Baramunda,20.271788,85.806595,Snatching,3,Evening,Weekday,Moderate,Medium,1368,Community,63
INC01773,Vani Vihar,20.299314,85.843586,Stalking,4,Evening,Weekday,Good,High,1108,Police,67
INC01774,Rasulgarh,20.288391,85.868129,Assault on Woman,5,Night,Weekend,Good,High,460,Community,90
INC01775,Mancheswar,20.321295,85.866749,Suspicious Activity,2,Night,Weekend,Poor,High,1205,Police,63
INC01776,Baramunda,20.272263,85.806001,Stalking,4,Evening,Weekday,Poor,Medium,1327,Community,88
INC01777,Khandagiri,20.259327,85.778862,Stalking,4,Evening,Weekday,Poor,Low,815,Community,88
INC01778,Master Canteen,20.269743,85.843423,Stalking,4,Evening,Weekday,Moderate,High,1324,Police,79
INC01779,Khandagiri,20.260028,85.781645,Harassment,3,Night,Weekend,Good,Medium,414,Community,56
INC01780,Old Town,20.235851,85.834628,Assault on Woman,5,Morning,Weekday,Moderate,Low,422,Community,84
INC01781,Infocity,20.346188,85.818574,Stalking,4,Evening,Weekend,Good,Medium,746,Police,72
INC01782,Rasulgarh,20.29008,85.872321,Stalking,4,Afternoon,Weekday,Moderate,Low,707,Community,67
INC01783,Kalpana Square,20.259011,85.841555,Stalking,4,Evening,Weekday,Moderate,Medium,298,Community,74
INC01784,Pokhariput,20.252243,85.802636,Sexual Harassment,5,Evening,Weekday,Poor,Low,421,Community,100
INC01785,Acharya Vihar,20.297566,85.836973,Suspicious Activity,2,Night,Weekend,Moderate,High,1457,Police,51
INC01786,Pokhariput,20.254613,85.803503,Harassment,3,Evening,Weekend,Moderate,Low,312,Police,59
INC01787,Khandagiri,20.254851,85.780656,Assault on Woman,5,Evening,Weekday,Good,Low,101,Community,84
INC01788,Mancheswar,20.324493,85.863987,Kidnapping Attempt,5,Evening,Weekend,Moderate,Low,1166,Community,94
INC01789,Baramunda,20.269396,85.802865,Kidnapping Attempt,5,Night,Weekday,Moderate,Low,545,Community,97
INC01790,Vani Vihar,20.299581,85.843852,Harassment,3,Afternoon,Weekend,Good,High,230,Community,42
INC01791,Pokhariput,20.257835,85.802688,Harassment,3,Evening,Weekend,Moderate,Low,329,Community,67
INC01792,Jaydev Vihar,20.300438,85.820656,Sexual Harassment,5,Night,Weekday,Good,Medium,297,Community,93
INC01793,Chandrasekharpur,20.329119,85.819316,Snatching,3,Evening,Weekday,Moderate,Low,444,Police,58
INC01794,Old Town,20.239488,85.834235,Kidnapping Attempt,5,Afternoon,Weekend,Moderate,Low,107,Community,80
INC01795,Acharya Vihar,20.302318,85.837395,Harassment,3,Evening,Weekday,Good,Medium,431,Police,57
INC01796,Mancheswar,20.319375,85.863707,Sexual Harassment,5,Evening,Weekday,Moderate,Low,993,Police,91
INC01797,Pokhariput,20.253241,85.806232,Eve-teasing,2,Evening,Weekend,Moderate,Low,517,Community,50
INC01798,Infocity,20.34481,85.8183,Assault on Woman,5,Night,Weekday,Poor,Low,924,Community,100
INC01799,Rasulgarh,20.289128,85.872662,Stalking,4,Morning,Weekday,Good,High,1135,Police,58
INC01800,Vani Vihar,20.298038,85.844095,Harassment,3,Night,Weekend,Good,Low,1044,Police,56
INC01801,Nayapalli,20.297586,85.807646,Snatching,3,Morning,Weekend,Poor,Medium,889,Community,60
INC01802,Old Town,20.236002,85.834809,Sexual Harassment,5,Night,Weekday,Moderate,Low,645,Community,96
INC01803,Master Canteen,20.271739,85.838701,Assault on Woman,5,Night,Weekday,Poor,Medium,1315,Community,100
INC01804,Pokhariput,20.2541,85.803985,Snatching,3,Night,Weekend,Good,Low,408,Police,61
INC01805,Lingaraj,20.244582,85.83467,Assault on Woman,5,Evening,Weekday,Poor,High,1017,Community,100
INC01806,Nayapalli,20.296614,85.806027,Stalking,4,Evening,Weekday,Good,Medium,710,Police,72
INC01807,Master Canteen,20.268851,85.842589,Harassment,3,Evening,Weekend,Moderate,Low,228,Police,67
INC01808,CRP Square,20.312023,85.823691,Harassment,3,Evening,Weekend,Poor,Medium,1245,Community,77
INC01809,Lingaraj,20.245722,85.832161,Harassment,3,Evening,Weekend,Moderate,Medium,941,Community,62
INC01810,Dumduma,20.26306,85.793392,Kidnapping Attempt,5,Evening,Weekday,Poor,High,879,Community,100
INC01811,Khandagiri,20.254559,85.78243,Harassment,3,Night,Weekday,Moderate,Medium,120,Community,67
INC01812,KIIT Square,20.350837,85.817752,Harassment,3,Evening,Weekday,Good,Medium,225,Community,56
INC01813,Khandagiri,20.256016,85.781921,Assault on Woman,5,Night,Weekday,Good,Low,1273,Community,95
INC01814,Nayapalli,20.297001,85.805245,Stalking,4,Afternoon,Weekday,Moderate,Medium,317,Community,71
INC01815,Patia,20.357861,85.82123,Harassment,3,Night,Weekend,Good,High,1491,Community,61
INC01816,Chandrasekharpur,20.334217,85.821579,Assault on Woman,5,Evening,Weekend,Good,Low,832,Community,79
INC01817,Mancheswar,20.32163,85.864248,Harassment,3,Night,Weekday,Poor,Medium,1266,Community,82
INC01818,Chandrasekharpur,20.329972,85.823269,Assault on Woman,5,Night,Weekday,Good,Medium,517,Community,86
INC01819,Rasulgarh,20.289074,85.873698,Harassment,3,Afternoon,Weekend,Moderate,Low,905,Community,60
INC01820,Kalpana Square,20.262575,85.844911,Assault on Woman,5,Evening,Weekday,Moderate,High,390,Police,90
INC01821,Nayapalli,20.296668,85.804617,Kidnapping Attempt,5,Evening,Weekday,Moderate,Medium,465,Community,90
INC01822,Vani Vihar,20.295415,85.844591,Harassment,3,Evening,Weekend,Good,Low,629,Community,55
INC01823,Baramunda,20.271108,85.802954,Assault on Woman,5,Evening,Weekday,Moderate,Medium,297,Police,91
INC01824,Nayapalli,20.297983,85.807817,Harassment,3,Afternoon,Weekday,Poor,High,440,Police,69
INC01825,Patia,20.354466,85.82045,Snatching,3,Night,Weekday,Poor,High,1067,Community,85
INC01826,Master Canteen,20.268554,85.839624,Stalking,4,Evening,Weekend,Poor,Medium,1238,Community,93
INC01827,Pokhariput,20.253086,85.805012,Stalking,4,Afternoon,Weekend,Poor,High,740,Community,76
INC01828,CRP Square,20.312504,85.819399,Stalking,4,Evening,Weekday,Good,Low,196,Community,72
INC01829,Khandagiri,20.256344,85.78163,Stalking,4,Night,Weekend,Moderate,Medium,389,Community,88
INC01830,Chandrasekharpur,20.334065,85.818714,Suspicious Activity,2,Evening,Weekday,Poor,Low,1040,Community,57
INC01831,KIIT Square,20.35293,85.818206,Stalking,4,Afternoon,Weekday,Good,High,270,Police,56
INC01832,Rasulgarh,20.290427,85.871605,Sexual Harassment,5,Afternoon,Weekday,Poor,Medium,1136,Community,92
INC01833,Old Town,20.23788,85.833851,Sexual Harassment,5,Morning,Weekday,Poor,Medium,747,Community,95
INC01834,Chandrasekharpur,20.330834,85.81996,Stalking,4,Night,Weekday,Poor,Low,1088,Police,98
INC01835,Chandrasekharpur,20.334181,85.820137,Assault on Woman,5,Night,Weekend,Good,High,881,Community,92
INC01836,Lingaraj,20.243555,85.833385,Kidnapping Attempt,5,Night,Weekend,Poor,High,911,Community,100
INC01837,Lingaraj,20.24258,85.83683,Assault on Woman,5,Evening,Weekday,Moderate,Medium,159,Community,89
INC01838,Pokhariput,20.254042,85.802367,Assault on Woman,5,Morning,Weekday,Poor,Low,1500,Police,92
INC01839,Infocity,20.343458,85.816132,Assault on Woman,5,Night,Weekend,Good,High,667,Police,93
INC01840,Vani Vihar,20.299406,85.84302,Sexual Harassment,5,Night,Weekend,Moderate,Medium,1249,Police,100
INC01841,Nayapalli,20.296426,85.806525,Assault on Woman,5,Afternoon,Weekday,Moderate,High,1313,Community,82
INC01842,Master Canteen,20.268777,85.841233,Snatching,3,Night,Weekday,Poor,Medium,251,Police,79
INC01843,Vani Vihar,20.296711,85.839492,Kidnapping Attempt,5,Morning,Weekend,Moderate,Medium,712,Police,84
INC01844,Chandrasekharpur,20.333769,85.819237,Sexual Harassment,5,Evening,Weekday,Poor,Medium,901,Police,99
INC01845,Acharya Vihar,20.300829,85.83326,Snatching,3,Evening,Weekday,Poor,Low,333,Police,77
INC01846,Vani Vihar,20.29695,85.842233,Eve-teasing,2,Afternoon,Weekday,Poor,Medium,146,Police,54
INC01847,Chandrasekharpur,20.332463,85.820222,Stalking,4,Afternoon,Weekday,Poor,Low,1298,Community,80
INC01848,Nayapalli,20.296231,85.802124,Snatching,3,Night,Weekend,Poor,High,1469,Community,77
INC01849,Patia,20.352829,85.819954,Snatching,3,Night,Weekend,Good,High,1190,Community,64
INC01850,Baramunda,20.272197,85.803097,Harassment,3,Afternoon,Weekday,Moderate,Medium,1187,Community,58
INC01851,Dumduma,20.261256,85.792966,Snatching,3,Night,Weekend,Good,Low,523,Community,60
INC01852,Saheed Nagar,20.296212,85.84369,Stalking,4,Morning,Weekday,Poor,Medium,1327,Community,78
INC01853,Old Town,20.238712,85.835226,Harassment,3,Evening,Weekend,Moderate,Low,981,Community,68
INC01854,Master Canteen,20.266516,85.840006,Snatching,3,Evening,Weekday,Moderate,Medium,1263,Community,63
INC01855,Chandrasekharpur,20.330477,85.823739,Stalking,4,Evening,Weekend,Poor,Low,591,Community,85
INC01856,Patia,20.355368,85.819031,Suspicious Activity,2,Night,Weekday,Moderate,High,610,Community,58
INC01857,Lingaraj,20.241539,85.835902,Sexual Harassment,5,Night,Weekend,Good,Low,1376,Police,92
INC01858,Saheed Nagar,20.299033,85.842009,Stalking,4,Afternoon,Weekday,Poor,High,864,Police,75
INC01859,Pokhariput,20.252812,85.806881,Assault on Woman,5,Morning,Weekday,Good,Medium,964,Community,78
INC01860,Khandagiri,20.258559,85.78152,Assault on Woman,5,Evening,Weekend,Moderate,Medium,532,Police,97
INC01861,Mancheswar,20.32151,85.863413,Sexual Harassment,5,Night,Weekday,Poor,Medium,1342,Community,100
INC01862,Acharya Vihar,20.301581,85.833669,Assault on Woman,5,Evening,Weekday,Moderate,High,755,Police,93
INC01863,Rasulgarh,20.291902,85.871226,Suspicious Activity,2,Night,Weekday,Good,Medium,1028,Community,43
INC01864,Kalpana Square,20.262759,85.845911,Sexual Harassment,5,Night,Weekday,Poor,Low,654,Police,100
INC01865,Baramunda,20.270544,85.80556,Kidnapping Attempt,5,Night,Weekday,Moderate,High,1062,Community,100
INC01866,Rasulgarh,20.289004,85.870849,Harassment,3,Morning,Weekday,Good,High,117,Community,49
INC01867,Old Town,20.239955,85.83624,Harassment,3,Night,Weekday,Good,High,372,Community,57
INC01868,Khandagiri,20.259584,85.783974,Harassment,3,Afternoon,Weekday,Good,High,1436,Community,47
INC01869,Patia,20.353777,85.816618,Harassment,3,Night,Weekday,Moderate,Medium,657,Community,68
INC01870,Khandagiri,20.259185,85.783841,Stalking,4,Evening,Weekday,Good,Medium,1361,Community,73
INC01871,Jaydev Vihar,20.301264,85.819794,Sexual Harassment,5,Evening,Weekend,Poor,Medium,898,Police,100
INC01872,Saheed Nagar,20.296039,85.844151,Harassment,3,Night,Weekday,Poor,High,128,Community,85
INC01873,Acharya Vihar,20.297647,85.836971,Stalking,4,Morning,Weekday,Good,Medium,983,Community,61
INC01874,KIIT Square,20.350896,85.817396,Stalking,4,Night,Weekend,Good,Low,410,Police,70
INC01875,Rasulgarh,20.292116,85.872329,Stalking,4,Morning,Weekend,Moderate,Medium,1213,Community,65
INC01876,Master Canteen,20.267878,85.83836,Stalking,4,Evening,Weekend,Good,Low,1253,Police,63
INC01877,Saheed Nagar,20.294337,85.842716,Assault on Woman,5,Morning,Weekday,Moderate,High,323,Community,86
INC01878,Dumduma,20.261453,85.793339,Stalking,4,Afternoon,Weekend,Good,Low,619,Community,59
INC01879,Chandrasekharpur,20.329666,85.819003,Eve-teasing,2,Night,Weekday,Poor,Medium,112,Community,64
INC01880,Kalpana Square,20.26287,85.84495,Harassment,3,Night,Weekday,Good,Low,369,Community,57
INC01881,Lingaraj,20.242054,85.832288,Harassment,3,Evening,Weekend,Poor,High,1460,Police,77
INC01882,Baramunda,20.269676,85.806055,Snatching,3,Night,Weekend,Moderate,High,1481,Community,75
INC01883,Nayapalli,20.298538,85.804822,Harassment,3,Morning,Weekday,Moderate,Low,1241,Community,60
INC01884,Khandagiri,20.259463,85.780955,Kidnapping Attempt,5,Evening,Weekday,Good,High,316,Community,88
INC01885,Nayapalli,20.296222,85.807533,Eve-teasing,2,Morning,Weekend,Poor,Medium,928,Police,49
INC01886,Khandagiri,20.257068,85.784073,Stalking,4,Night,Weekday,Poor,High,1049,Community,90
INC01887,Dumduma,20.262872,85.792553,Assault on Woman,5,Evening,Weekday,Good,Low,1241,Police,87
INC01888,Mancheswar,20.320749,85.866078,Harassment,3,Afternoon,Weekday,Moderate,High,926,Community,58
INC01889,Lingaraj,20.244382,85.831767,Assault on Woman,5,Afternoon,Weekend,Moderate,High,1206,Community,86
INC01890,Master Canteen,20.266234,85.838946,Kidnapping Attempt,5,Afternoon,Weekday,Poor,Medium,661,Community,92
INC01891,Acharya Vihar,20.297999,85.836461,Harassment,3,Evening,Weekday,Poor,High,129,Community,73
INC01892,Saheed Nagar,20.293812,85.838324,Sexual Harassment,5,Evening,Weekday,Moderate,Low,925,Community,97
INC01893,Vani Vihar,20.297097,85.84243,Harassment,3,Night,Weekday,Poor,High,343,Community,75
INC01894,Mancheswar,20.324102,85.863307,Eve-teasing,2,Night,Weekend,Moderate,Low,384,Community,53
INC01895,Mancheswar,20.32467,85.864463,Snatching,3,Evening,Weekend,Poor,High,118,Community,73
INC01896,Pokhariput,20.257706,85.806657,Eve-teasing,2,Night,Weekday,Moderate,Medium,628,Community,50
INC01897,Patia,20.356996,85.822335,Kidnapping Attempt,5,Evening,Weekend,Poor,High,343,Police,100
INC01898,Infocity,20.34414,85.813511,Kidnapping Attempt,5,Morning,Weekend,Moderate,Medium,630,Community,82
INC01899,Jaydev Vihar,20.299135,85.818559,Eve-teasing,2,Night,Weekend,Good,Medium,763,Police,44
INC01900,Kalpana Square,20.25893,85.845661,Harassment,3,Evening,Weekend,Good,Medium,659,Police,54
INC01901,Jaydev Vihar,20.298573,85.820303,Snatching,3,Afternoon,Weekday,Moderate,High,385,Police,58
INC01902,Dumduma,20.261827,85.792335,Harassment,3,Evening,Weekday,Poor,High,102,Community,74
INC01903,KIIT Square,20.353005,85.81542,Assault on Woman,5,Afternoon,Weekday,Moderate,High,565,Police,85
INC01904,Kalpana Square,20.262706,85.841334,Stalking,4,Night,Weekday,Good,High,426,Community,78
INC01905,Pokhariput,20.252643,85.801697,Snatching,3,Evening,Weekday,Good,High,1393,Police,53
INC01906,Baramunda,20.272354,85.801687,Snatching,3,Morning,Weekday,Moderate,High,213,Community,56
INC01907,KIIT Square,20.353369,85.818134,Harassment,3,Evening,Weekend,Good,Low,459,Community,50
INC01908,Infocity,20.341751,85.816929,Stalking,4,Afternoon,Weekend,Moderate,Medium,1119,Police,71
INC01909,Rasulgarh,20.291931,85.872383,Eve-teasing,2,Night,Weekday,Good,Medium,194,Police,44
INC01910,Jaydev Vihar,20.300514,85.818313,Eve-teasing,2,Evening,Weekday,Moderate,Low,319,Community,48
INC01911,Patia,20.356415,85.821291,Stalking,4,Night,Weekend,Poor,Medium,404,Community,95
INC01912,Infocity,20.343459,85.814014,Stalking,4,Night,Weekday,Poor,Low,358,Police,100
INC01913,Lingaraj,20.240023,85.833352,Stalking,4,Evening,Weekend,Poor,Low,919,Police,85
INC01914,Infocity,20.344728,85.815652,Eve-teasing,2,Night,Weekend,Poor,Medium,652,Police,64
INC01915,Master Canteen,20.269974,85.841469,Sexual Harassment,5,Evening,Weekend,Moderate,High,322,Police,92
INC01916,Baramunda,20.267753,85.802879,Eve-teasing,2,Afternoon,Weekday,Good,High,958,Police,31
INC01917,Chandrasekharpur,20.331018,85.821823,Harassment,3,Night,Weekday,Moderate,Low,435,Community,74
INC01918,Patia,20.35606,85.818158,Eve-teasing,2,Afternoon,Weekend,Poor,Low,307,Community,54
INC01919,Saheed Nagar,20.294282,85.839081,Assault on Woman,5,Afternoon,Weekend,Poor,Medium,728,Community,100
INC01920,Dumduma,20.264016,85.792073,Suspicious Activity,2,Morning,Weekend,Moderate,Medium,959,Community,41
INC01921,Khandagiri,20.25461,85.78388,Suspicious Activity,2,Night,Weekend,Poor,High,429,Police,65
INC01922,Saheed Nagar,20.295474,85.843013,Snatching,3,Afternoon,Weekend,Poor,High,922,Community,69
INC01923,Patia,20.353538,85.817354,Sexual Harassment,5,Night,Weekday,Moderate,Medium,208,Police,98
INC01924,KIIT Square,20.35121,85.818568,Eve-teasing,2,Evening,Weekday,Moderate,Medium,201,Community,47
INC01925,Patia,20.357614,85.819349,Harassment,3,Afternoon,Weekend,Good,Medium,302,Community,47
INC01926,KIIT Square,20.35063,85.818782,Sexual Harassment,5,Evening,Weekday,Poor,Low,826,Community,100
INC01927,Dumduma,20.264491,85.792709,Harassment,3,Night,Weekday,Moderate,Medium,846,Police,75
INC01928,Infocity,20.343625,85.814341,Harassment,3,Evening,Weekend,Poor,High,440,Community,78
INC01929,Dumduma,20.26383,85.795676,Snatching,3,Evening,Weekend,Good,High,329,Police,49
INC01930,Patia,20.355172,85.821175,Assault on Woman,5,Evening,Weekend,Poor,High,515,Community,100
INC01931,Khandagiri,20.259149,85.782013,Stalking,4,Evening,Weekday,Poor,High,958,Community,84
INC01932,Acharya Vihar,20.300282,85.836042,Sexual Harassment,5,Night,Weekend,Moderate,Medium,1125,Community,97
INC01933,Baramunda,20.271608,85.80228,Harassment,3,Evening,Weekend,Good,Low,348,Community,48
INC01934,Vani Vihar,20.296295,85.841114,Snatching,3,Evening,Weekend,Moderate,Medium,896,Police,68
INC01935,Infocity,20.345141,85.814475,Stalking,4,Night,Weekday,Poor,Medium,390,Community,90
INC01936,Kalpana Square,20.261941,85.84233,Suspicious Activity,2,Morning,Weekend,Poor,High,845,Community,55
INC01937,Acharya Vihar,20.298271,85.836488,Harassment,3,Afternoon,Weekday,Moderate,High,380,Community,54
INC01938,Rasulgarh,20.289109,85.868643,Harassment,3,Evening,Weekday,Poor,High,131,Community,71
INC01939,Jaydev Vihar,20.30347,85.819262,Harassment,3,Night,Weekday,Poor,Low,894,Community,81
INC01940,Rasulgarh,20.292914,85.873175,Snatching,3,Afternoon,Weekend,Moderate,High,767,Community,51
INC01941,CRP Square,20.316612,85.819933,Stalking,4,Evening,Weekend,Poor,Low,350,Community,86
INC01942,Nayapalli,20.298486,85.802667,Snatching,3,Evening,Weekday,Good,Medium,1109,Community,49
INC01943,Rasulgarh,20.29189,85.870987,Assault on Woman,5,Morning,Weekend,Moderate,High,1409,Community,90
INC01944,Acharya Vihar,20.2993,85.832921,Harassment,3,Night,Weekend,Moderate,Low,857,Police,71
INC01945,Master Canteen,20.268149,85.840649,Harassment,3,Morning,Weekend,Good,Low,1049,Community,46
INC01946,CRP Square,20.315847,85.820379,Assault on Woman,5,Night,Weekday,Good,High,751,Community,88
INC01947,Acharya Vihar,20.298779,85.832437,Suspicious Activity,2,Evening,Weekday,Poor,Low,1475,Community,53
INC01948,Mancheswar,20.320557,85.86551,Harassment,3,Night,Weekend,Moderate,High,1023,Community,73
INC01949,KIIT Square,20.352572,85.815817,Stalking,4,Evening,Weekday,Poor,Medium,394,Community,84
INC01950,Nayapalli,20.296291,85.807525,Harassment,3,Evening,Weekend,Poor,Medium,356,Community,76
INC01951,Dumduma,20.264644,85.793439,Suspicious Activity,2,Night,Weekday,Good,High,1171,Police,49
INC01952,Acharya Vihar,20.299008,85.834223,Harassment,3,Afternoon,Weekday,Good,Low,1174,Police,49
INC01953,CRP Square,20.314509,85.819503,Harassment,3,Night,Weekday,Moderate,Medium,627,Police,70
INC01954,Nayapalli,20.293347,85.804842,Stalking,4,Evening,Weekday,Moderate,Low,805,Community,79
INC01955,Mancheswar,20.319166,85.865987,Snatching,3,Evening,Weekend,Good,High,530,Police,50
INC01956,Saheed Nagar,20.298037,85.839253,Harassment,3,Evening,Weekend,Moderate,High,253,Police,63
INC01957,Kalpana Square,20.262812,85.84064,Assault on Woman,5,Afternoon,Weekend,Poor,High,1212,Community,94
INC01958,Pokhariput,20.255321,85.801194,Stalking,4,Afternoon,Weekday,Good,Medium,1284,Community,64
INC01959,Acharya Vihar,20.298081,85.834479,Harassment,3,Night,Weekday,Moderate,Medium,295,Police,69
INC01960,Lingaraj,20.244973,85.831363,Harassment,3,Evening,Weekend,Poor,Medium,139,Police,69
INC01961,Saheed Nagar,20.298471,85.843529,Stalking,4,Night,Weekend,Poor,High,506,Community,96
INC01962,Acharya Vihar,20.298678,85.835465,Harassment,3,Night,Weekend,Poor,Medium,1253,Community,82
INC01963,Rasulgarh,20.287332,85.869334,Kidnapping Attempt,5,Evening,Weekend,Poor,Low,765,Community,100
INC01964,Vani Vihar,20.298906,85.8423,Snatching,3,Afternoon,Weekend,Moderate,Low,560,Community,52
INC01965,Acharya Vihar,20.297522,85.837369,Assault on Woman,5,Afternoon,Weekend,Moderate,Medium,197,Community,89
INC01966,KIIT Square,20.352583,85.817519,Harassment,3,Evening,Weekend,Moderate,High,440,Community,62
INC01967,Saheed Nagar,20.295389,85.842694,Assault on Woman,5,Evening,Weekend,Good,Low,1135,Police,84
INC01968,Patia,20.355071,85.81868,Stalking,4,Evening,Weekday,Poor,High,1217,Community,84
INC01969,Vani Vihar,20.295117,85.839467,Harassment,3,Evening,Weekend,Poor,High,587,Community,72
INC01970,Pokhariput,20.252208,85.802351,Assault on Woman,5,Night,Weekday,Moderate,High,522,Community,97
INC01971,Old Town,20.235924,85.833245,Harassment,3,Night,Weekend,Moderate,Low,221,Community,68
INC01972,Baramunda,20.271307,85.806385,Stalking,4,Afternoon,Weekday,Moderate,Medium,1235,Police,69
INC01973,Vani Vihar,20.298655,85.840156,Harassment,3,Afternoon,Weekday,Poor,Medium,434,Community,62
INC01974,Pokhariput,20.255386,85.805443,Harassment,3,Night,Weekday,Good,High,651,Police,56
INC01975,Mancheswar,20.32368,85.865508,Harassment,3,Evening,Weekday,Poor,Medium,1359,Community,68
INC01976,Jaydev Vihar,20.300978,85.818189,Harassment,3,Evening,Weekend,Moderate,Medium,427,Community,58
INC01977,Acharya Vihar,20.302202,85.835846,Assault on Woman,5,Evening,Weekend,Poor,Medium,300,Community,100
INC01978,Master Canteen,20.267374,85.84089,Harassment,3,Afternoon,Weekend,Moderate,Low,661,Community,52
INC01979,Khandagiri,20.259884,85.779651,Stalking,4,Morning,Weekday,Moderate,High,568,Community,74
INC01980,Pokhariput,20.253892,85.801825,Kidnapping Attempt,5,Morning,Weekend,Good,High,824,Community,75
INC01981,Patia,20.353725,85.820819,Stalking,4,Afternoon,Weekend,Moderate,High,586,Community,65
INC01982,CRP Square,20.314766,85.819838,Kidnapping Attempt,5,Evening,Weekday,Poor,Medium,614,Police,100
INC01983,Dumduma,20.265249,85.792526,Assault on Woman,5,Night,Weekend,Moderate,Low,324,Community,95
INC01984,Pokhariput,20.252249,85.803956,Stalking,4,Evening,Weekend,Moderate,Low,580,Police,82
INC01985,Old Town,20.240236,85.836657,Harassment,3,Afternoon,Weekday,Moderate,Medium,693,Police,54
INC01986,Dumduma,20.264021,85.795706,Stalking,4,Night,Weekend,Moderate,Low,1208,Community,85
INC01987,CRP Square,20.316731,85.819108,Harassment,3,Evening,Weekend,Moderate,High,1297,Police,63
INC01988,Saheed Nagar,20.297626,85.840113,Suspicious Activity,2,Evening,Weekend,Poor,Medium,1237,Community,55
INC01989,Patia,20.3553,85.818616,Sexual Harassment,5,Night,Weekend,Poor,Medium,714,Community,100
INC01990,Saheed Nagar,20.295312,85.839282,Assault on Woman,5,Morning,Weekday,Poor,High,432,Community,94
INC01991,Baramunda,20.26805,85.801069,Assault on Woman,5,Morning,Weekday,Poor,Medium,448,Police,97
INC01992,Jaydev Vihar,20.298001,85.822511,Stalking,4,Night,Weekday,Poor,High,1289,Community,93
INC01993,Infocity,20.34271,85.813236,Stalking,4,Night,Weekend,Moderate,High,272,Community,83
INC01994,Saheed Nagar,20.294866,85.839162,Assault on Woman,5,Night,Weekday,Good,Low,555,Community,85
INC01995,Kalpana Square,20.262591,85.840861,Eve-teasing,2,Evening,Weekend,Good,Medium,919,Community,43
INC01996,KIIT Square,20.352616,85.815779,Stalking,4,Afternoon,Weekend,Poor,Low,824,Community,84
INC01997,Rasulgarh,20.288499,85.870542,Stalking,4,Evening,Weekday,Moderate,High,556,Community,76
INC01998,Kalpana Square,20.260857,85.844755,Harassment,3,Afternoon,Weekday,Poor,Low,713,Community,63
INC01999,Lingaraj,20.2454,85.832726,Stalking,4,Night,Weekend,Good,High,1062,Community,76
INC02000,CRP Square,20.317366,85.823512,Eve-teasing,2,Evening,Weekday,Poor,Low,1337,Community,62
INC02001,Khandagiri,20.259353,85.78164,Suspicious Activity,2,Night,Weekday,Good,Medium,140,Police,47
INC02002,Acharya Vihar,20.298097,85.837293,Harassment,3,Afternoon,Weekday,Good,Medium,647,Community,47
INC02003,Rasulgarh,20.28987,85.870011,Harassment,3,Afternoon,Weekday,Poor,Medium,1018,Community,60
INC02004,Old Town,20.239636,85.833218,Suspicious Activity,2,Afternoon,Weekend,Poor,High,1245,Community,49
INC02005,Acharya Vihar,20.299603,85.836237,Harassment,3,Morning,Weekend,Good,Low,1319,Community,48
INC02006,Nayapalli,20.298662,85.803046,Stalking,4,Evening,Weekday,Good,Medium,1308,Community,63
INC02007,CRP Square,20.313571,85.821564,Assault on Woman,5,Evening,Weekend,Poor,Medium,292,Community,100
INC02008,Khandagiri,20.254807,85.783166,Harassment,3,Morning,Weekend,Poor,Low,819,Police,64
INC02009,Master Canteen,20.271261,85.84253,Harassment,3,Evening,Weekday,Poor,Low,237,Community,72
INC02010,Dumduma,20.264105,85.794654,Stalking,4,Morning,Weekday,Good,Medium,441,Community,56
INC02011,Dumduma,20.261246,85.793727,Stalking,4,Night,Weekday,Moderate,High,583,Community,86
INC02012,Nayapalli,20.294367,85.803488,Suspicious Activity,2,Afternoon,Weekend,Moderate,Medium,532,Community,42
INC02013,Saheed Nagar,20.296227,85.842405,Harassment,3,Night,Weekend,Good,Low,474,Police,61
INC02014,CRP Square,20.315854,85.823657,Kidnapping Attempt,5,Evening,Weekday,Poor,Medium,1425,Community,100
INC02015,Dumduma,20.265058,85.79585,Sexual Harassment,5,Morning,Weekday,Moderate,High,949,Community,90
INC02016,Dumduma,20.266211,85.794022,Snatching,3,Evening,Weekend,Moderate,Low,744,Police,68
INC02017,Patia,20.355921,85.819926,Suspicious Activity,2,Afternoon,Weekend,Good,Medium,637,Community,33
INC02018,Infocity,20.343409,85.81734,Assault on Woman,5,Morning,Weekday,Moderate,High,225,Police,86
INC02019,Mancheswar,20.323057,85.866278,Kidnapping Attempt,5,Evening,Weekday,Poor,Medium,463,Police,100
INC02020,Mancheswar,20.324583,85.863943,Sexual Harassment,5,Evening,Weekend,Moderate,Medium,517,Police,91
INC02021,Infocity,20.346487,85.813036,Stalking,4,Evening,Weekday,Poor,Medium,451,Community,87
INC02022,Patia,20.356273,85.819713,Harassment,3,Night,Weekend,Good,Low,1481,Police,60
INC02023,Vani Vihar,20.294678,85.841153,Snatching,3,Evening,Weekend,Poor,Medium,879,Community,69
INC02024,Pokhariput,20.252012,85.802551,Stalking,4,Evening,Weekend,Good,Low,575,Community,71
INC02025,Rasulgarh,20.291484,85.872697,Sexual Harassment,5,Night,Weekday,Poor,High,1203,Community,100
INC02026,Lingaraj,20.245723,85.832626,Assault on Woman,5,Afternoon,Weekday,Good,Low,1180,Community,70
INC02027,Lingaraj,20.241516,85.835634,Snatching,3,Night,Weekday,Poor,Low,1439,Community,80
INC02028,Saheed Nagar,20.298448,85.838887,Kidnapping Attempt,5,Morning,Weekday,Moderate,High,1391,Community,87
INC02029,Saheed Nagar,20.297575,85.838389,Harassment,3,Evening,Weekday,Poor,Low,1030,Community,70
INC02030,Vani Vihar,20.297302,85.842908,Kidnapping Attempt,5,Night,Weekday,Poor,Low,768,Police,100
INC02031,Master Canteen,20.269046,85.841477,Harassment,3,Evening,Weekday,Moderate,Medium,1056,Community,59
INC02032,Kalpana Square,20.259538,85.843554,Assault on Woman,5,Afternoon,Weekend,Moderate,Low,325,Community,87
INC02033,Lingaraj,20.243345,85.834182,Harassment,3,Night,Weekend,Good,High,216,Community,57
INC02034,Saheed Nagar,20.299094,85.839884,Snatching,3,Afternoon,Weekend,Poor,Medium,1433,Community,64
INC02035,Dumduma,20.26625,85.7964,Snatching,3,Morning,Weekend,Good,Low,1455,Police,42
INC02036,Acharya Vihar,20.299244,85.834447,Snatching,3,Morning,Weekday,Good,Low,556,Community,43
INC02037,Acharya Vihar,20.298598,85.834708,Assault on Woman,5,Night,Weekday,Poor,High,1349,Community,100
INC02038,Jaydev Vihar,20.299762,85.819253,Kidnapping Attempt,5,Afternoon,Weekend,Poor,Medium,186,Community,93
INC02039,Khandagiri,20.254975,85.781997,Assault on Woman,5,Evening,Weekend,Moderate,Low,1491,Community,91
INC02040,Khandagiri,20.259893,85.782081,Suspicious Activity,2,Afternoon,Weekend,Poor,Medium,1120,Community,50
INC02041,Lingaraj,20.245994,85.836764,Stalking,4,Afternoon,Weekend,Good,Medium,1049,Community,64
INC02042,Baramunda,20.267776,85.804489,Assault on Woman,5,Evening,Weekday,Moderate,Low,1465,Police,90
INC02043,Khandagiri,20.257647,85.779907,Harassment,3,Night,Weekend,Moderate,High,886,Community,66
INC02044,Mancheswar,20.320062,85.866355,Assault on Woman,5,Evening,Weekday,Poor,Low,1330,Community,100
INC02045,Saheed Nagar,20.297117,85.841065,Stalking,4,Night,Weekend,Moderate,Medium,1114,Community,82
INC02046,Kalpana Square,20.257729,85.841529,Harassment,3,Afternoon,Weekday,Moderate,Low,615,Police,53
INC02047,Nayapalli,20.296167,85.803138,Harassment,3,Night,Weekday,Good,Low,924,Community,55
INC02048,Baramunda,20.270914,85.804949,Harassment,3,Evening,Weekday,Moderate,Low,237,Police,62
INC02049,KIIT Square,20.354387,85.818384,Suspicious Activity,2,Afternoon,Weekend,Good,High,1277,Community,27
INC02050,Jaydev Vihar,20.301677,85.819609,Harassment,3,Evening,Weekend,Poor,High,1466,Police,70
INC02051,Patia,20.357918,85.820394,Stalking,4,Morning,Weekend,Good,Medium,575,Community,62
INC02052,Kalpana Square,20.261802,85.843734,Assault on Woman,5,Afternoon,Weekday,Poor,Medium,1264,Police,98
INC02053,Old Town,20.23579,85.831026,Stalking,4,Evening,Weekend,Moderate,Medium,105,Community,79
INC02054,Chandrasekharpur,20.331584,85.819999,Kidnapping Attempt,5,Evening,Weekday,Poor,Medium,1414,Police,100
INC02055,Baramunda,20.272636,85.803945,Harassment,3,Afternoon,Weekend,Good,High,248,Community,47
INC02056,Lingaraj,20.240311,85.833941,Harassment,3,Afternoon,Weekday,Good,Medium,816,Community,46
INC02057,Mancheswar,20.320076,85.86127,Sexual Harassment,5,Night,Weekday,Poor,Low,1295,Community,100
INC02058,Dumduma,20.26226,85.791242,Stalking,4,Afternoon,Weekend,Good,High,735,Community,62
INC02059,Pokhariput,20.256678,85.80396,Assault on Woman,5,Morning,Weekday,Poor,Medium,363,Police,95
INC02060,Patia,20.354923,85.818428,Snatching,3,Night,Weekend,Moderate,Low,1389,Community,73
INC02061,Infocity,20.342433,85.816944,Stalking,4,Night,Weekday,Moderate,High,820,Community,84
INC02062,Vani Vihar,20.29735,85.841124,Sexual Harassment,5,Morning,Weekend,Moderate,Low,295,Community,87
INC02063,Khandagiri,20.258215,85.782814,Snatching,3,Afternoon,Weekday,Poor,Low,196,Community,67
INC02064,KIIT Square,20.353527,85.820354,Harassment,3,Night,Weekday,Poor,Medium,738,Community,79
INC02065,Rasulgarh,20.292031,85.871276,Assault on Woman,5,Afternoon,Weekday,Poor,High,528,Community,96
INC02066,KIIT Square,20.35223,85.819925,Harassment,3,Evening,Weekday,Poor,High,143,Community,76
INC02067,Jaydev Vihar,20.298945,85.821187,Stalking,4,Morning,Weekday,Poor,High,995,Police,78
INC02068,Rasulgarh,20.289805,85.869201,Stalking,4,Night,Weekday,Moderate,Medium,639,Police,88
INC02069,Kalpana Square,20.260034,85.84579,Stalking,4,Evening,Weekday,Poor,High,444,Community,93
INC02070,Vani Vihar,20.294556,85.844035,Snatching,3,Night,Weekday,Moderate,Low,555,Community,68
INC02071,Lingaraj,20.240577,85.834223,Stalking,4,Evening,Weekday,Moderate,Medium,917,Community,83
INC02072,Chandrasekharpur,20.33142,85.819772,Assault on Woman,5,Evening,Weekend,Poor,Low,400,Community,100
INC02073,Patia,20.357812,85.81868,Stalking,4,Afternoon,Weekday,Moderate,Medium,216,Police,75
INC02074,Saheed Nagar,20.298304,85.839936,Harassment,3,Night,Weekend,Poor,Medium,599,Community,81
INC02075,Lingaraj,20.240794,85.833445,Eve-teasing,2,Afternoon,Weekday,Poor,Medium,105,Community,45
INC02076,Lingaraj,20.243208,85.831099,Harassment,3,Evening,Weekend,Poor,Low,112,Community,74
INC02077,KIIT Square,20.354876,85.81736,Stalking,4,Morning,Weekday,Moderate,Medium,117,Community,67
INC02078,Kalpana Square,20.257048,85.84327,Harassment,3,Afternoon,Weekday,Poor,Medium,1313,Community,62
INC02079,Rasulgarh,20.288159,85.868812,Assault on Woman,5,Evening,Weekend,Moderate,Medium,1042,Police,97
INC02080,Vani Vihar,20.299145,85.842447,Stalking,4,Night,Weekday,Poor,High,1376,Police,96
INC02081,Jaydev Vihar,20.300781,85.822503,Suspicious Activity,2,Night,Weekday,Poor,Medium,627,Police,70
INC02082,KIIT Square,20.354483,85.820776,Stalking,4,Afternoon,Weekday,Good,Medium,1152,Community,63
INC02083,Pokhariput,20.255288,85.803336,Harassment,3,Evening,Weekend,Moderate,High,679,Police,64
INC02084,Acharya Vihar,20.300583,85.836115,Suspicious Activity,2,Afternoon,Weekday,Moderate,Medium,744,Community,41
INC02085,Rasulgarh,20.28975,85.872865,Eve-teasing,2,Night,Weekday,Moderate,Medium,1016,Community,57
INC02086,Kalpana Square,20.259437,85.840786,Kidnapping Attempt,5,Evening,Weekday,Poor,Medium,847,Community,100
INC02087,Patia,20.353482,85.820855,Harassment,3,Night,Weekend,Moderate,Low,747,Community,70
INC02088,Mancheswar,20.319774,85.862534,Harassment,3,Morning,Weekend,Good,Medium,1005,Community,40
INC02089,Khandagiri,20.256692,85.779382,Snatching,3,Night,Weekend,Poor,Low,1057,Community,80
INC02090,Chandrasekharpur,20.333412,85.822551,Assault on Woman,5,Night,Weekend,Moderate,Medium,990,Police,99
INC02091,Mancheswar,20.320981,85.866311,Harassment,3,Evening,Weekend,Good,Medium,1343,Community,58
INC02092,Lingaraj,20.240041,85.83512,Assault on Woman,5,Morning,Weekend,Good,High,1079,Police,71
INC02093,Rasulgarh,20.292134,85.868602,Suspicious Activity,2,Afternoon,Weekday,Good,Medium,1101,Community,28
INC02094,Vani Vihar,20.295276,85.843096,Snatching,3,Afternoon,Weekday,Poor,Medium,630,Community,68
INC02095,Nayapalli,20.293983,85.804369,Harassment,3,Night,Weekday,Poor,Medium,1315,Community,79
INC02096,Master Canteen,20.267421,85.843598,Stalking,4,Afternoon,Weekday,Poor,Low,1434,Community,77
INC02097,Acharya Vihar,20.297564,85.836132,Harassment,3,Morning,Weekday,Moderate,High,458,Community,54
INC02098,Saheed Nagar,20.296768,85.838624,Eve-teasing,2,Evening,Weekday,Good,Medium,1477,Community,38
INC02099,Nayapalli,20.29714,85.802761,Suspicious Activity,2,Evening,Weekday,Poor,Medium,993,Community,62
INC02100,Saheed Nagar,20.295127,85.838377,Assault on Woman,5,Night,Weekday,Moderate,High,603,Community,97
INC02101,Kalpana Square,20.261348,85.840903,Eve-teasing,2,Afternoon,Weekday,Moderate,Medium,517,Police,41
INC02102,Lingaraj,20.241792,85.833869,Stalking,4,Night,Weekday,Moderate,High,840,Community,86
INC02103,Nayapalli,20.294017,85.805021,Assault on Woman,5,Evening,Weekday,Moderate,High,176,Community,92
INC02104,Jaydev Vihar,20.299621,85.821052,Suspicious Activity,2,Night,Weekend,Moderate,Low,1136,Community,57
INC02105,Jaydev Vihar,20.303556,85.822051,Stalking,4,Evening,Weekend,Good,Low,601,Police,66
INC02106,Lingaraj,20.244773,85.836675,Suspicious Activity,2,Night,Weekday,Good,Medium,745,Community,50
INC02107,Chandrasekharpur,20.330306,85.821522,Assault on Woman,5,Night,Weekday,Poor,Low,1209,Police,100
INC02108,Khandagiri,20.258736,85.781363,Assault on Woman,5,Evening,Weekday,Moderate,Medium,742,Community,92
INC02109,Jaydev Vihar,20.30265,85.819619,Sexual Harassment,5,Afternoon,Weekday,Good,High,1309,Community,76
INC02110,Jaydev Vihar,20.302312,85.820514,Harassment,3,Night,Weekend,Moderate,Medium,1452,Police,66
INC02111,Vani Vihar,20.299597,85.840368,Harassment,3,Morning,Weekday,Poor,High,1022,Community,62
INC02112,Saheed Nagar,20.299633,85.842419,Sexual Harassment,5,Evening,Weekend,Moderate,High,1404,Community,94
INC02113,Dumduma,20.261385,85.79408,Snatching,3,Evening,Weekend,Good,Low,519,Community,58
INC02114,KIIT Square,20.35328,85.820087,Stalking,4,Morning,Weekend,Moderate,Medium,257,Police,68
INC02115,Mancheswar,20.321405,85.863805,Assault on Woman,5,Night,Weekend,Moderate,Low,655,Community,100
INC02116,Dumduma,20.263663,85.792616,Stalking,4,Night,Weekend,Moderate,Low,1209,Community,80
INC02117,Jaydev Vihar,20.302824,85.817304,Harassment,3,Evening,Weekday,Moderate,High,271,Community,60
INC02118,Chandrasekharpur,20.331138,85.819912,Stalking,4,Evening,Weekend,Moderate,Low,776,Community,81
INC02119,Nayapalli,20.297552,85.807331,Stalking,4,Evening,Weekday,Poor,High,1063,Community,83
INC02120,KIIT Square,20.352678,85.818126,Stalking,4,Night,Weekday,Poor,Low,696,Community,95
INC02121,Kalpana Square,20.258532,85.840639,Stalking,4,Afternoon,Weekend,Good,Medium,240,Police,64
INC02122,Baramunda,20.27181,85.805999,Harassment,3,Afternoon,Weekend,Moderate,Medium,972,Community,53
INC02123,CRP Square,20.316381,85.821716,Suspicious Activity,2,Night,Weekday,Moderate,High,1374,Community,54
INC02124,Saheed Nagar,20.296267,85.83924,Assault on Woman,5,Night,Weekday,Moderate,High,1352,Police,98
INC02125,Vani Vihar,20.295668,85.839415,Sexual Harassment,5,Afternoon,Weekend,Moderate,Medium,987,Community,89
INC02126,Vani Vihar,20.299068,85.843928,Stalking,4,Evening,Weekend,Moderate,Low,789,Police,81
INC02127,Chandrasekharpur,20.331335,85.819622,Harassment,3,Morning,Weekend,Moderate,High,519,Community,56
INC02128,Baramunda,20.272842,85.801085,Eve-teasing,2,Evening,Weekend,Moderate,Low,1273,Community,43
INC02129,Mancheswar,20.323568,85.861271,Sexual Harassment,5,Night,Weekday,Moderate,High,1363,Community,97
INC02130,Rasulgarh,20.289423,85.871183,Eve-teasing,2,Night,Weekend,Good,Medium,1350,Police,40
INC02131,Saheed Nagar,20.294721,85.839564,Suspicious Activity,2,Evening,Weekend,Moderate,Medium,685,Community,50
INC02132,Vani Vihar,20.299692,85.842938,Stalking,4,Morning,Weekday,Poor,Low,1170,Police,78
INC02133,Dumduma,20.265343,85.796035,Assault on Woman,5,Evening,Weekday,Moderate,Low,1153,Police,92
INC02134,Mancheswar,20.320468,85.865599,Stalking,4,Afternoon,Weekend,Poor,High,1416,Community,83
INC02135,Vani Vihar,20.294994,85.84152,Sexual Harassment,5,Evening,Weekend,Poor,High,1008,Community,98
INC02136,Lingaraj,20.243542,85.834943,Harassment,3,Evening,Weekend,Poor,Medium,1184,Police,69
INC02137,Pokhariput,20.253769,85.80188,Assault on Woman,5,Evening,Weekday,Moderate,Medium,739,Community,96
INC02138,Kalpana Square,20.258413,85.842761,Kidnapping Attempt,5,Afternoon,Weekday,Poor,High,1379,Community,99
INC02139,Jaydev Vihar,20.299368,85.821076,Suspicious Activity,2,Evening,Weekend,Good,Low,977,Community,37
INC02140,KIIT Square,20.353313,85.81986,Snatching,3,Night,Weekend,Moderate,Low,244,Community,72
INC02141,CRP Square,20.313215,85.822149,Stalking,4,Night,Weekday,Poor,Medium,1378,Community,97
INC02142,Master Canteen,20.268116,85.838389,Assault on Woman,5,Evening,Weekend,Good,Medium,856,Community,87
INC02143,Acharya Vihar,20.3003,85.835033,Stalking,4,Evening,Weekend,Moderate,High,146,Police,73
INC02144,Lingaraj,20.241427,85.833395,Harassment,3,Afternoon,Weekend,Good,Medium,1467,Community,50
INC02145,Infocity,20.345844,85.813599,Assault on Woman,5,Night,Weekday,Moderate,Medium,1418,Community,100
INC02146,Dumduma,20.265893,85.791159,Sexual Harassment,5,Night,Weekday,Good,Medium,1320,Community,86
INC02147,Master Canteen,20.267317,85.842676,Assault on Woman,5,Evening,Weekend,Good,Medium,573,Community,86
INC02148,Baramunda,20.269725,85.801277,Assault on Woman,5,Night,Weekday,Good,Medium,1042,Community,91
INC02149,Saheed Nagar,20.297943,85.83828,Stalking,4,Evening,Weekday,Good,High,449,Police,73
INC02150,Chandrasekharpur,20.331042,85.818256,Stalking,4,Night,Weekday,Moderate,Medium,167,Community,90
INC02151,Dumduma,20.264621,85.796263,Stalking,4,Afternoon,Weekday,Good,Low,639,Community,60
INC02152,Chandrasekharpur,20.330868,85.819851,Eve-teasing,2,Evening,Weekend,Good,Low,309,Police,36
INC02153,KIIT Square,20.353215,85.817664,Harassment,3,Evening,Weekend,Poor,Low,1193,Community,68
INC02154,Master Canteen,20.269226,85.843242,Assault on Woman,5,Afternoon,Weekend,Moderate,Medium,1385,Community,86
INC02155,Khandagiri,20.257338,85.783661,Stalking,4,Morning,Weekend,Poor,High,966,Police,81
INC02156,Patia,20.353408,85.817308,Harassment,3,Evening,Weekend,Good,Medium,1455,Community,49
INC02157,Mancheswar,20.321196,85.865239,Kidnapping Attempt,5,Afternoon,Weekend,Poor,Medium,1456,Community,91
INC02158,Pokhariput,20.25325,85.801226,Sexual Harassment,5,Evening,Weekday,Good,Medium,1455,Community,80
INC02159,Rasulgarh,20.287843,85.873127,Harassment,3,Night,Weekend,Good,Medium,620,Community,64
INC02160,Lingaraj,20.242799,85.832244,Harassment,3,Afternoon,Weekend,Moderate,Medium,621,Community,51
INC02161,Mancheswar,20.320701,85.861494,Stalking,4,Evening,Weekend,Good,Low,1348,Community,64
INC02162,Patia,20.35779,85.821885,Stalking,4,Morning,Weekday,Poor,Medium,1230,Community,79
INC02163,Rasulgarh,20.289099,85.869641,Sexual Harassment,5,Evening,Weekday,Poor,High,1309,Community,100
INC02164,CRP Square,20.313727,85.823416,Sexual Harassment,5,Afternoon,Weekday,Poor,Low,1197,Community,100
INC02165,Saheed Nagar,20.293972,85.839109,Sexual Harassment,5,Night,Weekend,Moderate,Low,160,Community,100
INC02166,Acharya Vihar,20.302344,85.834494,Harassment,3,Evening,Weekday,Good,Low,950,Community,49
INC02167,Jaydev Vihar,20.30248,85.822492,Eve-teasing,2,Afternoon,Weekday,Poor,Low,375,Police,47
INC02168,Rasulgarh,20.29083,85.868238,Harassment,3,Night,Weekend,Good,Medium,967,Community,61
INC02169,Old Town,20.235097,85.833846,Assault on Woman,5,Evening,Weekday,Good,High,723,Community,84
INC02170,Khandagiri,20.258201,85.780068,Harassment,3,Night,Weekend,Moderate,Medium,909,Police,71
INC02171,Jaydev Vihar,20.300261,85.817315,Suspicious Activity,2,Evening,Weekend,Good,Low,877,Community,42
INC02172,Lingaraj,20.243802,85.833136,Suspicious Activity,2,Night,Weekday,Moderate,Medium,998,Community,54
INC02173,Baramunda,20.267158,85.806564,Assault on Woman,5,Night,Weekend,Poor,Medium,105,Police,100
INC02174,Infocity,20.346873,85.81799,Snatching,3,Night,Weekend,Good,High,1499,Community,63
INC02175,CRP Square,20.315201,85.822216,Harassment,3,Evening,Weekend,Moderate,Low,578,Community,63
INC02176,Lingaraj,20.244175,85.833243,Snatching,3,Evening,Weekend,Moderate,High,832,Community,62
INC02177,Dumduma,20.264538,85.792901,Assault on Woman,5,Morning,Weekday,Poor,High,128,Community,94
INC02178,Master Canteen,20.268613,85.838569,Stalking,4,Afternoon,Weekend,Poor,Low,1128,Community,76
INC02179,Rasulgarh,20.288537,85.868506,Harassment,3,Morning,Weekday,Good,High,1085,Community,42
INC02180,Patia,20.355391,85.819793,Stalking,4,Morning,Weekday,Moderate,Medium,1174,Community,69
INC02181,Nayapalli,20.298034,85.804439,Sexual Harassment,5,Evening,Weekday,Poor,High,976,Police,100
INC02182,Rasulgarh,20.291629,85.870234,Kidnapping Attempt,5,Afternoon,Weekday,Poor,High,927,Community,92
INC02183,KIIT Square,20.353013,85.820246,Harassment,3,Night,Weekday,Poor,Medium,138,Community,77
INC02184,Baramunda,20.267575,85.80573,Snatching,3,Morning,Weekday,Moderate,High,745,Community,55
INC02185,Patia,20.357259,85.819046,Harassment,3,Afternoon,Weekend,Poor,Medium,363,Community,62
INC02186,KIIT Square,20.351917,85.820214,Harassment,3,Evening,Weekday,Good,High,862,Community,58
INC02187,Chandrasekharpur,20.333435,85.822545,Eve-teasing,2,Night,Weekday,Good,High,1194,Community,43
INC02188,Saheed Nagar,20.294846,85.839289,Harassment,3,Evening,Weekend,Poor,Low,424,Community,77
INC02189,Nayapalli,20.29547,85.8037,Suspicious Activity,2,Afternoon,Weekend,Moderate,Medium,711,Police,39
INC02190,Kalpana Square,20.25804,85.843502,Sexual Harassment,5,Evening,Weekend,Good,High,211,Police,87
INC02191,Rasulgarh,20.290023,85.87202,Stalking,4,Evening,Weekend,Poor,High,1455,Community,93
INC02192,Acharya Vihar,20.301982,85.834137,Assault on Woman,5,Night,Weekend,Good,Medium,885,Police,91
INC02193,Nayapalli,20.293398,85.804928,Assault on Woman,5,Night,Weekday,Poor,Medium,604,Police,100
INC02194,Vani Vihar,20.296499,85.839631,Kidnapping Attempt,5,Evening,Weekday,Poor,High,928,Police,100
INC02195,Baramunda,20.271665,85.806694,Suspicious Activity,2,Night,Weekend,Moderate,Low,1465,Community,53
INC02196,Jaydev Vihar,20.303284,85.82046,Sexual Harassment,5,Night,Weekend,Poor,High,514,Police,100
INC02197,Mancheswar,20.31962,85.863849,Harassment,3,Afternoon,Weekday,Moderate,Medium,956,Police,60
INC02198,Nayapalli,20.298641,85.80372,Harassment,3,Evening,Weekday,Moderate,Medium,1469,Community,64
INC02199,Lingaraj,20.240883,85.834393,Snatching,3,Evening,Weekend,Good,Medium,1218,Police,49
INC02200,Chandrasekharpur,20.330348,85.823678,Stalking,4,Morning,Weekday,Moderate,Low,1443,Community,72
INC02201,Patia,20.355083,85.817749,Harassment,3,Afternoon,Weekend,Good,Medium,108,Police,44
INC02202,CRP Square,20.317423,85.819115,Eve-teasing,2,Night,Weekend,Moderate,High,525,Community,51
INC02203,Lingaraj,20.243553,85.832787,Sexual Harassment,5,Night,Weekday,Moderate,Medium,669,Police,100
INC02204,Lingaraj,20.241779,85.835504,Suspicious Activity,2,Afternoon,Weekend,Poor,Medium,1042,Community,54
INC02205,Patia,20.357024,85.818074,Harassment,3,Night,Weekend,Good,Medium,471,Community,61
INC02206,Mancheswar,20.322723,85.863709,Stalking,4,Night,Weekday,Moderate,Low,559,Community,83
INC02207,KIIT Square,20.352338,85.816019,Harassment,3,Night,Weekday,Moderate,High,605,Community,69
INC02208,Infocity,20.34239,85.818832,Harassment,3,Afternoon,Weekend,Poor,Medium,1087,Community,63
INC02209,Pokhariput,20.253689,85.805953,Sexual Harassment,5,Evening,Weekend,Poor,High,227,Police,100
INC02210,Vani Vihar,20.294443,85.840506,Harassment,3,Evening,Weekday,Good,High,679,Community,57
INC02211,Patia,20.353969,85.821894,Harassment,3,Afternoon,Weekend,Poor,High,1250,Police,66
INC02212,Chandrasekharpur,20.332266,85.818198,Stalking,4,Night,Weekday,Poor,Medium,604,Community,91
INC02213,Khandagiri,20.258956,85.780775,Assault on Woman,5,Evening,Weekend,Poor,Low,529,Community,99
INC02214,KIIT Square,20.353393,85.819028,Snatching,3,Evening,Weekday,Poor,Medium,520,Police,74
INC02215,Infocity,20.343883,85.818131,Stalking,4,Night,Weekend,Poor,High,376,Police,91
INC02216,Patia,20.353921,85.819284,Eve-teasing,2,Night,Weekend,Good,Low,1237,Police,41
INC02217,Infocity,20.346042,85.815756,Harassment,3,Evening,Weekday,Moderate,Low,253,Police,67
INC02218,Kalpana Square,20.26006,85.842945,Stalking,4,Afternoon,Weekday,Moderate,Medium,589,Community,66
INC02219,CRP Square,20.317824,85.822946,Stalking,4,Evening,Weekday,Poor,Low,446,Community,85
INC02220,Old Town,20.235287,85.83526,Harassment,3,Morning,Weekday,Moderate,Medium,941,Community,56
INC02221,Lingaraj,20.243287,85.835885,Harassment,3,Evening,Weekday,Poor,High,1443,Community,72
INC02222,Patia,20.35428,85.819419,Harassment,3,Night,Weekend,Poor,Medium,1211,Community,84
INC02223,Dumduma,20.266459,85.793556,Assault on Woman,5,Evening,Weekday,Moderate,Low,1324,Community,88
INC02224,Old Town,20.240942,85.835205,Harassment,3,Evening,Weekend,Moderate,Low,923,Community,63
INC02225,Jaydev Vihar,20.299105,85.820829,Suspicious Activity,2,Morning,Weekday,Good,Medium,1438,Community,30
INC02226,Khandagiri,20.254548,85.778935,Stalking,4,Morning,Weekday,Good,Low,662,Community,58
INC02227,Lingaraj,20.245734,85.833526,Assault on Woman,5,Afternoon,Weekday,Good,Low,1011,Police,71
INC02228,Patia,20.357983,85.818971,Eve-teasing,2,Evening,Weekday,Good,High,305,Community,41
INC02229,Patia,20.353111,85.819509,Stalking,4,Afternoon,Weekday,Moderate,Low,430,Community,67
INC02230,Acharya Vihar,20.29793,85.832079,Harassment,3,Afternoon,Weekend,Moderate,High,494,Community,59
INC02231,KIIT Square,20.350554,85.819358,Harassment,3,Evening,Weekday,Moderate,Low,567,Community,59
INC02232,Rasulgarh,20.287478,85.873118,Stalking,4,Night,Weekday,Good,Low,1007,Police,72
INC02233,Patia,20.35472,85.817206,Sexual Harassment,5,Night,Weekend,Poor,Low,1239,Police,100
INC02234,Dumduma,20.261766,85.794243,Harassment,3,Night,Weekday,Good,Medium,1373,Community,60
INC02235,Baramunda,20.268997,85.805554,Harassment,3,Night,Weekend,Moderate,Low,1443,Community,72
INC02236,Master Canteen,20.271303,85.838773,Harassment,3,Morning,Weekday,Good,Medium,1237,Police,43
INC02237,Lingaraj,20.242066,85.836888,Harassment,3,Evening,Weekday,Poor,High,565,Community,77
INC02238,Jaydev Vihar,20.302943,85.820723,Harassment,3,Night,Weekday,Moderate,Low,590,Police,71
INC02239,Nayapalli,20.296315,85.807747,Sexual Harassment,5,Night,Weekend,Poor,Medium,726,Community,100
INC02240,Acharya Vihar,20.301419,85.837005,Assault on Woman,5,Evening,Weekend,Moderate,Medium,710,Community,90
INC02241,Patia,20.356467,85.818831,Stalking,4,Evening,Weekday,Good,Medium,659,Community,63
INC02242,Lingaraj,20.242665,85.831559,Stalking,4,Afternoon,Weekday,Poor,High,1303,Police,75
INC02243,Old Town,20.235123,85.832682,Harassment,3,Evening,Weekend,Moderate,Medium,1411,Community,64
INC02244,Khandagiri,20.259143,85.781793,Stalking,4,Night,Weekday,Moderate,Low,118,Community,90
INC02245,Rasulgarh,20.292706,85.869045,Snatching,3,Evening,Weekend,Good,High,263,Community,50
INC02246,Chandrasekharpur,20.331052,85.823654,Snatching,3,Evening,Weekday,Good,Medium,745,Community,57
INC02247,Lingaraj,20.242994,85.835854,Harassment,3,Morning,Weekday,Good,Medium,225,Community,43
INC02248,Jaydev Vihar,20.300028,85.820599,Assault on Woman,5,Evening,Weekend,Poor,Low,759,Community,100
INC02249,Rasulgarh,20.287422,85.872969,Harassment,3,Evening,Weekday,Moderate,Low,1364,Community,65
INC02250,Chandrasekharpur,20.334708,85.821601,Stalking,4,Night,Weekday,Good,High,1050,Community,72
INC02251,Old Town,20.238542,85.836399,Snatching,3,Evening,Weekend,Good,Low,110,Community,50
INC02252,KIIT Square,20.350727,85.816384,Eve-teasing,2,Afternoon,Weekday,Good,Medium,833,Community,27
INC02253,Kalpana Square,20.26051,85.840637,Harassment,3,Afternoon,Weekday,Good,Medium,562,Community,47
INC02254,Vani Vihar,20.294349,85.83913,Harassment,3,Night,Weekend,Moderate,Medium,871,Community,70
INC02255,Khandagiri,20.254884,85.78324,Snatching,3,Evening,Weekday,Moderate,High,1020,Community,67
INC02256,Rasulgarh,20.292064,85.870065,Harassment,3,Night,Weekend,Good,Low,269,Police,65
INC02257,Master Canteen,20.269207,85.838453,Kidnapping Attempt,5,Evening,Weekend,Good,Low,601,Community,79
INC02258,Old Town,20.238686,85.836475,Harassment,3,Night,Weekend,Poor,Low,976,Police,81
INC02259,KIIT Square,20.353953,85.818889,Stalking,4,Night,Weekend,Good,High,1278,Community,71
INC02260,CRP Square,20.314441,85.819445,Assault on Woman,5,Night,Weekend,Good,High,241,Community,91
INC02261,Pokhariput,20.254651,85.803318,Snatching,3,Night,Weekend,Moderate,High,603,Community,68
INC02262,Chandrasekharpur,20.332515,85.81843,Assault on Woman,5,Afternoon,Weekend,Poor,Medium,682,Community,95
INC02263,Rasulgarh,20.287803,85.869716,Kidnapping Attempt,5,Afternoon,Weekend,Moderate,High,159,Police,83
INC02264,Nayapalli,20.294474,85.806514,Sexual Harassment,5,Evening,Weekend,Poor,Low,249,Community,100
INC02265,Old Town,20.238758,85.836109,Assault on Woman,5,Evening,Weekend,Good,Low,1196,Police,79
INC02266,Pokhariput,20.256098,85.803476,Harassment,3,Evening,Weekday,Poor,Medium,530,Police,70
INC02267,Chandrasekharpur,20.330649,85.823225,Harassment,3,Night,Weekend,Poor,High,976,Community,77
INC02268,Master Canteen,20.271261,85.843229,Suspicious Activity,2,Evening,Weekday,Poor,Medium,672,Community,58
INC02269,Rasulgarh,20.292307,85.872036,Stalking,4,Evening,Weekend,Poor,Medium,941,Community,90
INC02270,Mancheswar,20.319988,85.865885,Stalking,4,Evening,Weekday,Poor,Low,144,Community,93
INC02271,Nayapalli,20.29548,85.802778,Harassment,3,Evening,Weekday,Moderate,Medium,783,Police,60
INC02272,Kalpana Square,20.261504,85.845255,Sexual Harassment,5,Night,Weekend,Good,Low,754,Police,94
INC02273,Mancheswar,20.320544,85.866264,Sexual Harassment,5,Night,Weekend,Good,Medium,716,Community,95
INC02274,Patia,20.356825,85.818256,Harassment,3,Evening,Weekend,Moderate,Low,1468,Police,58
INC02275,Old Town,20.239338,85.833782,Eve-teasing,2,Night,Weekend,Moderate,Low,696,Community,50
INC02276,Patia,20.355998,85.819678,Harassment,3,Morning,Weekend,Moderate,Medium,394,Police,53
INC02277,Jaydev Vihar,20.303559,85.821192,Snatching,3,Afternoon,Weekday,Good,Low,1099,Community,47
INC02278,Lingaraj,20.243781,85.835025,Harassment,3,Night,Weekday,Poor,Low,973,Community,76
INC02279,Jaydev Vihar,20.302953,85.817162,Suspicious Activity,2,Night,Weekend,Good,Low,1484,Community,48
INC02280,Jaydev Vihar,20.299519,85.822788,Stalking,4,Evening,Weekend,Good,Low,966,Police,73
INC02281,Patia,20.355157,85.822131,Kidnapping Attempt,5,Night,Weekend,Moderate,Medium,1406,Community,98
INC02282,Patia,20.355941,85.818019,Suspicious Activity,2,Night,Weekend,Poor,Low,1327,Community,68
INC02283,Kalpana Square,20.261291,85.840312,Harassment,3,Night,Weekend,Good,Medium,291,Police,58
INC02284,KIIT Square,20.355815,85.820248,Sexual Harassment,5,Morning,Weekday,Poor,High,324,Community,98
INC02285,Pokhariput,20.2533,85.804144,Suspicious Activity,2,Evening,Weekday,Moderate,Low,173,Community,53
INC02286,KIIT Square,20.351632,85.815383,Harassment,3,Evening,Weekday,Poor,Medium,537,Police,71
INC02287,Khandagiri,20.255803,85.780662,Assault on Woman,5,Evening,Weekend,Moderate,High,1378,Community,89
INC02288,Dumduma,20.263289,85.793684,Kidnapping Attempt,5,Evening,Weekday,Poor,Medium,173,Community,100
INC02289,Jaydev Vihar,20.302742,85.820942,Suspicious Activity,2,Evening,Weekday,Moderate,Medium,1422,Police,50
INC02290,Kalpana Square,20.259195,85.845567,Harassment,3,Evening,Weekend,Poor,Low,331,Community,77
INC02291,Lingaraj,20.243475,85.835277,Stalking,4,Afternoon,Weekday,Good,Medium,1075,Police,60
INC02292,Nayapalli,20.296218,85.80425,Eve-teasing,2,Afternoon,Weekday,Moderate,High,812,Community,42
INC02293,Pokhariput,20.254188,85.802436,Stalking,4,Afternoon,Weekend,Poor,Low,1142,Community,77
INC02294,Lingaraj,20.240566,85.836433,Snatching,3,Night,Weekend,Moderate,High,1495,Community,69
INC02295,Kalpana Square,20.260629,85.841248,Assault on Woman,5,Night,Weekend,Poor,High,1155,Community,100
INC02296,Acharya Vihar,20.299305,85.835555,Stalking,4,Night,Weekday,Good,Medium,1406,Community,70
INC02297,Nayapalli,20.296107,85.80766,Harassment,3,Evening,Weekday,Poor,High,1214,Community,71
INC02298,Pokhariput,20.257543,85.80175,Kidnapping Attempt,5,Night,Weekend,Good,Medium,558,Community,87
INC02299,CRP Square,20.317519,85.824701,Stalking,4,Afternoon,Weekend,Poor,Medium,387,Community,82
INC02300,Saheed Nagar,20.297415,85.838252,Harassment,3,Night,Weekday,Good,High,389,Police,59
INC02301,Saheed Nagar,20.295542,85.8395,Harassment,3,Night,Weekend,Good,Low,1090,Police,65
INC02302,CRP Square,20.315714,85.824568,Harassment,3,Night,Weekday,Moderate,High,1287,Community,72
INC02303,Lingaraj,20.243659,85.833099,Stalking,4,Evening,Weekend,Poor,Medium,183,Community,93
INC02304,Dumduma,20.262169,85.795674,Suspicious Activity,2,Morning,Weekday,Moderate,Medium,430,Police,39
INC02305,Lingaraj,20.242187,85.835682,Snatching,3,Evening,Weekday,Poor,High,280,Community,72
INC02306,Vani Vihar,20.296752,85.841171,Snatching,3,Afternoon,Weekday,Poor,Medium,333,Community,70
INC02307,Infocity,20.342973,85.817471,Kidnapping Attempt,5,Morning,Weekday,Good,Low,410,Community,70
INC02308,Jaydev Vihar,20.301363,85.821307,Stalking,4,Night,Weekday,Poor,Low,1324,Community,98
INC02309,Rasulgarh,20.290346,85.872282,Stalking,4,Evening,Weekend,Poor,Medium,320,Community,89
INC02310,Mancheswar,20.320513,85.862455,Harassment,3,Night,Weekday,Moderate,Medium,1397,Community,69
INC02311,Jaydev Vihar,20.299246,85.822654,Harassment,3,Night,Weekday,Poor,Low,934,Community,77
INC02312,Baramunda,20.268998,85.80615,Stalking,4,Evening,Weekday,Good,Low,1471,Community,63
INC02313,KIIT Square,20.354408,85.818947,Snatching,3,Morning,Weekday,Moderate,High,722,Community,56
INC02314,Nayapalli,20.293145,85.806594,Harassment,3,Afternoon,Weekday,Poor,Medium,334,Community,70
INC02315,KIIT Square,20.354176,85.816189,Suspicious Activity,2,Afternoon,Weekday,Poor,Low,544,Community,48
INC02316,Infocity,20.341341,85.813226,Kidnapping Attempt,5,Morning,Weekday,Poor,Medium,235,Community,98
INC02317,Patia,20.353958,85.821444,Sexual Harassment,5,Night,Weekday,Good,Medium,572,Community,89
INC02318,Nayapalli,20.29866,85.806536,Assault on Woman,5,Evening,Weekend,Good,Low,201,Police,81
INC02319,Kalpana Square,20.258455,85.842505,Stalking,4,Afternoon,Weekend,Poor,High,268,Community,77
INC02320,Dumduma,20.266118,85.796191,Harassment,3,Evening,Weekend,Poor,Low,625,Police,68
INC02321,Rasulgarh,20.292269,85.873987,Harassment,3,Morning,Weekday,Moderate,Medium,534,Community,53
INC02322,Vani Vihar,20.299579,85.842628,Stalking,4,Evening,Weekend,Good,High,1242,Community,64
INC02323,Jaydev Vihar,20.301638,85.819846,Snatching,3,Evening,Weekend,Poor,Medium,312,Community,75
INC02324,CRP Square,20.31259,85.821971,Snatching,3,Evening,Weekend,Poor,Medium,1211,Police,71
INC02325,Rasulgarh,20.290456,85.871989,Stalking,4,Evening,Weekday,Good,Medium,1410,Community,69
INC02326,Mancheswar,20.321551,85.86361,Harassment,3,Evening,Weekday,Poor,High,498,Community,74
INC02327,Lingaraj,20.241949,85.832124,Eve-teasing,2,Night,Weekend,Moderate,Low,1201,Police,50
INC02328,Baramunda,20.268451,85.802908,Assault on Woman,5,Evening,Weekend,Good,Medium,1076,Community,80
INC02329,Nayapalli,20.298016,85.804281,Eve-teasing,2,Morning,Weekday,Poor,Low,856,Police,53
INC02330,Nayapalli,20.293435,85.806263,Harassment,3,Night,Weekday,Good,Medium,893,Community,63
INC02331,Mancheswar,20.323938,85.864541,Harassment,3,Night,Weekday,Moderate,Medium,290,Community,72
INC02332,Chandrasekharpur,20.33085,85.820571,Suspicious Activity,2,Morning,Weekend,Poor,Low,108,Police,47
INC02333,Khandagiri,20.258332,85.781937,Assault on Woman,5,Evening,Weekday,Poor,Medium,1409,Community,98
INC02334,Patia,20.355638,85.816608,Sexual Harassment,5,Afternoon,Weekend,Poor,Medium,127,Community,98
INC02335,KIIT Square,20.351025,85.819525,Stalking,4,Morning,Weekday,Poor,Medium,405,Police,77
INC02336,Saheed Nagar,20.295065,85.838914,Stalking,4,Evening,Weekday,Moderate,Low,127,Police,80
INC02337,Patia,20.356974,85.821213,Kidnapping Attempt,5,Night,Weekend,Poor,Medium,631,Police,100
INC02338,Old Town,20.240671,85.835409,Harassment,3,Afternoon,Weekend,Good,Low,1113,Police,41
INC02339,Baramunda,20.27098,85.804585,Stalking,4,Night,Weekend,Poor,Low,623,Community,96
INC02340,Saheed Nagar,20.295624,85.843838,Stalking,4,Afternoon,Weekend,Moderate,High,879,Community,73
INC02341,Old Town,20.238085,85.834998,Kidnapping Attempt,5,Night,Weekend,Moderate,Low,1250,Police,98
INC02342,Pokhariput,20.25578,85.806128,Kidnapping Attempt,5,Night,Weekday,Good,Low,713,Community,88
INC02343,Patia,20.356968,85.819337,Suspicious Activity,2,Evening,Weekend,Good,Medium,1347,Community,35
INC02344,Vani Vihar,20.297941,85.842893,Assault on Woman,5,Evening,Weekday,Poor,Low,1322,Community,100
INC02345,Old Town,20.239344,85.832834,Harassment,3,Night,Weekend,Moderate,Low,1320,Community,69
INC02346,Master Canteen,20.270936,85.838307,Harassment,3,Afternoon,Weekday,Good,Low,1335,Police,49
INC02347,Master Canteen,20.271488,85.84094,Stalking,4,Afternoon,Weekday,Poor,Medium,1400,Police,80
INC02348,Rasulgarh,20.287471,85.87053,Assault on Woman,5,Evening,Weekday,Poor,High,178,Community,100
INC02349,Baramunda,20.267139,85.80211,Eve-teasing,2,Evening,Weekend,Moderate,Medium,232,Community,50
INC02350,Rasulgarh,20.291804,85.871723,Sexual Harassment,5,Night,Weekend,Moderate,High,305,Community,98
INC02351,Mancheswar,20.324963,85.862001,Harassment,3,Evening,Weekend,Poor,Low,405,Community,78
INC02352,Acharya Vihar,20.299064,85.836151,Sexual Harassment,5,Evening,Weekend,Moderate,Medium,1234,Police,93
INC02353,Baramunda,20.267481,85.804792,Stalking,4,Evening,Weekend,Good,Medium,1381,Community,66
INC02354,Chandrasekharpur,20.332993,85.823539,Harassment,3,Evening,Weekend,Moderate,Low,550,Community,58
INC02355,Jaydev Vihar,20.301263,85.817646,Stalking,4,Evening,Weekday,Good,High,295,Police,65
INC02356,Nayapalli,20.295247,85.804539,Suspicious Activity,2,Night,Weekday,Poor,High,971,Community,61
INC02357,Kalpana Square,20.258545,85.840711,Harassment,3,Night,Weekend,Poor,Medium,128,Community,75
INC02358,Mancheswar,20.322621,85.863589,Harassment,3,Morning,Weekend,Poor,Low,1324,Community,61
INC02359,CRP Square,20.313865,85.819195,Kidnapping Attempt,5,Evening,Weekend,Moderate,Medium,392,Police,90
INC02360,Master Canteen,20.270823,85.843686,Harassment,3,Night,Weekday,Good,Low,1187,Police,63
INC02361,Baramunda,20.272101,85.801543,Assault on Woman,5,Afternoon,Weekend,Good,High,1344,Police,76
INC02362,Old Town,20.239077,85.834318,Harassment,3,Night,Weekend,Good,High,371,Community,60
INC02363,Lingaraj,20.243638,85.831384,Stalking,4,Night,Weekday,Good,High,684,Community,73
INC02364,Dumduma,20.262219,85.792795,Suspicious Activity,2,Evening,Weekday,Moderate,High,273,Police,53
INC02365,Mancheswar,20.319712,85.864855,Stalking,4,Evening,Weekday,Moderate,Medium,334,Police,80
INC02366,Lingaraj,20.24576,85.835853,Kidnapping Attempt,5,Night,Weekday,Good,High,328,Police,87
INC02367,KIIT Square,20.352935,85.819921,Snatching,3,Afternoon,Weekend,Good,Medium,913,Community,41
INC02368,Master Canteen,20.268763,85.842668,Harassment,3,Afternoon,Weekday,Good,High,1152,Community,47
INC02369,Master Canteen,20.268078,85.841569,Assault on Woman,5,Evening,Weekend,Poor,Medium,502,Community,100
INC02370,KIIT Square,20.355929,85.815035,Harassment,3,Night,Weekday,Moderate,Low,599,Community,73
INC02371,Saheed Nagar,20.295658,85.840277,Snatching,3,Morning,Weekday,Moderate,Medium,1026,Police,50
INC02372,KIIT Square,20.353628,85.819313,Harassment,3,Afternoon,Weekday,Moderate,Medium,1491,Community,60
INC02373,Pokhariput,20.252877,85.805733,Snatching,3,Evening,Weekday,Good,High,598,Police,58
INC02374,Master Canteen,20.266291,85.842502,Harassment,3,Afternoon,Weekday,Good,Medium,305,Community,42
INC02375,Patia,20.355313,85.819781,Harassment,3,Evening,Weekday,Good,High,1226,Police,58
INC02376,Lingaraj,20.244342,85.834823,Assault on Woman,5,Afternoon,Weekday,Poor,High,1257,Community,100
INC02377,CRP Square,20.31643,85.822601,Eve-teasing,2,Evening,Weekday,Moderate,Low,1427,Community,50
INC02378,KIIT Square,20.352122,85.815485,Harassment,3,Night,Weekday,Good,High,1070,Police,62
INC02379,Kalpana Square,20.260364,85.845228,Harassment,3,Morning,Weekday,Poor,Medium,1342,Community,62
INC02380,Master Canteen,20.268228,85.842588,Harassment,3,Night,Weekend,Moderate,High,642,Police,69
INC02381,Khandagiri,20.257022,85.781636,Kidnapping Attempt,5,Evening,Weekend,Moderate,Medium,335,Community,95
INC02382,CRP Square,20.314635,85.823406,Harassment,3,Night,Weekend,Poor,Medium,1124,Community,77
INC02383,Rasulgarh,20.289705,85.868807,Assault on Woman,5,Evening,Weekend,Poor,Low,1002,Community,98
INC02384,Old Town,20.237753,85.832174,Stalking,4,Night,Weekday,Moderate,Low,195,Community,82
INC02385,Baramunda,20.272768,85.802812,Snatching,3,Night,Weekday,Poor,High,968,Community,78
INC02386,Baramunda,20.267663,85.805833,Eve-teasing,2,Evening,Weekday,Good,High,1382,Community,38
INC02387,Baramunda,20.267676,85.803381,Assault on Woman,5,Evening,Weekend,Moderate,Low,951,Community,88
INC02388,Lingaraj,20.243232,85.834392,Stalking,4,Evening,Weekday,Poor,Low,543,Community,91
INC02389,Patia,20.355348,85.819419,Harassment,3,Evening,Weekend,Moderate,Medium,564,Community,59
INC02390,Mancheswar,20.323481,85.86187,Eve-teasing,2,Night,Weekday,Poor,Medium,1454,Community,67
INC02391,Lingaraj,20.241338,85.831386,Stalking,4,Night,Weekend,Good,Low,397,Community,71
INC02392,Acharya Vihar,20.297941,85.834879,Harassment,3,Evening,Weekday,Good,Medium,1014,Community,54
INC02393,CRP Square,20.314689,85.822677,Stalking,4,Night,Weekend,Poor,Medium,1280,Community,94
INC02394,Vani Vihar,20.295894,85.844579,Assault on Woman,5,Afternoon,Weekend,Moderate,High,1218,Police,85
INC02395,Old Town,20.23557,85.834719,Assault on Woman,5,Night,Weekday,Poor,Low,119,Community,100
INC02396,Nayapalli,20.29446,85.807959,Stalking,4,Afternoon,Weekday,Good,Medium,850,Police,62
INC02397,Kalpana Square,20.26058,85.843653,Harassment,3,Afternoon,Weekday,Poor,Medium,281,Community,63
INC02398,Lingaraj,20.245687,85.835186,Assault on Woman,5,Afternoon,Weekend,Good,Low,1123,Community,77
INC02399,Saheed Nagar,20.297974,85.83889,Sexual Harassment,5,Afternoon,Weekday,Poor,High,346,Police,93
INC02400,CRP Square,20.315161,85.820607,Assault on Woman,5,Morning,Weekend,Poor,Medium,1333,Police,93
INC02401,Acharya Vihar,20.301498,85.834229,Assault on Woman,5,Night,Weekday,Moderate,Medium,962,Police,98
INC02402,Jaydev Vihar,20.299671,85.821395,Stalking,4,Evening,Weekday,Good,Low,800,Community,67
INC02403,Vani Vihar,20.295106,85.842346,Snatching,3,Night,Weekday,Moderate,Low,620,Police,71
INC02404,Chandrasekharpur,20.334949,85.82224,Sexual Harassment,5,Evening,Weekend,Good,Medium,909,Community,87
INC02405,Old Town,20.239949,85.83534,Harassment,3,Evening,Weekday,Moderate,High,897,Community,58
INC02406,Patia,20.356906,85.820087,Suspicious Activity,2,Evening,Weekend,Poor,Low,1373,Community,62
INC02407,Baramunda,20.27173,85.80423,Stalking,4,Afternoon,Weekday,Good,Low,1251,Police,64
INC02408,Chandrasekharpur,20.332816,85.823352,Stalking,4,Evening,Weekday,Poor,Low,957,Community,84
INC02409,Saheed Nagar,20.29753,85.839353,Harassment,3,Evening,Weekend,Good,Medium,347,Community,51
INC02410,Patia,20.353182,85.817296,Snatching,3,Afternoon,Weekday,Good,Low,653,Community,49
INC02411,KIIT Square,20.355474,85.816109,Stalking,4,Afternoon,Weekend,Moderate,Low,292,Police,66
INC02412,Baramunda,20.268779,85.806832,Harassment,3,Night,Weekday,Good,Medium,1468,Community,59
INC02413,Old Town,20.238606,85.833635,Harassment,3,Evening,Weekday,Poor,High,1468,Police,74
INC02414,Nayapalli,20.294644,85.805676,Stalking,4,Evening,Weekday,Good,Medium,494,Community,72
INC02415,Saheed Nagar,20.29572,85.843185,Stalking,4,Afternoon,Weekday,Poor,Low,1397,Community,83
INC02416,Lingaraj,20.244004,85.835931,Suspicious Activity,2,Morning,Weekday,Moderate,Medium,754,Community,37
INC02417,KIIT Square,20.351047,85.817882,Assault on Woman,5,Night,Weekend,Moderate,Medium,967,Community,97
INC02418,Rasulgarh,20.289602,85.871412,Harassment,3,Morning,Weekday,Good,Low,492,Community,40
INC02419,Baramunda,20.270922,85.806152,Harassment,3,Afternoon,Weekend,Moderate,Medium,1149,Police,54
INC02420,Saheed Nagar,20.295599,85.841304,Harassment,3,Evening,Weekend,Poor,High,1067,Community,76
INC02421,Kalpana Square,20.258526,85.840224,Kidnapping Attempt,5,Evening,Weekday,Poor,Low,459,Community,100
INC02422,Lingaraj,20.245668,85.834327,Kidnapping Attempt,5,Evening,Weekday,Moderate,High,144,Community,93
INC02423,Pokhariput,20.257616,85.805842,Assault on Woman,5,Night,Weekday,Moderate,Low,1082,Police,95
INC02424,Mancheswar,20.324426,85.866242,Stalking,4,Evening,Weekend,Moderate,Medium,296,Police,80
INC02425,Nayapalli,20.295747,85.806815,Harassment,3,Evening,Weekend,Good,Low,1305,Community,50
INC02426,Saheed Nagar,20.299716,85.842637,Kidnapping Attempt,5,Evening,Weekend,Moderate,Medium,988,Community,97
INC02427,Master Canteen,20.270205,85.840745,Harassment,3,Night,Weekend,Moderate,Low,987,Community,66
INC02428,Vani Vihar,20.294492,85.839158,Stalking,4,Night,Weekend,Poor,High,1017,Community,96
INC02429,Old Town,20.239367,85.831,Stalking,4,Evening,Weekend,Moderate,Medium,140,Community,79
INC02430,Baramunda,20.272321,85.805099,Harassment,3,Afternoon,Weekend,Poor,Low,853,Community,70
INC02431,Mancheswar,20.319112,85.866858,Assault on Woman,5,Night,Weekend,Moderate,Low,1422,Community,100
INC02432,Mancheswar,20.320376,85.863059,Sexual Harassment,5,Morning,Weekend,Poor,Low,641,Police,98
INC02433,Infocity,20.345218,85.816527,Stalking,4,Night,Weekday,Poor,High,168,Police,95
INC02434,Rasulgarh,20.292528,85.873994,Assault on Woman,5,Evening,Weekend,Good,Medium,716,Community,79
INC02435,Rasulgarh,20.289025,85.869467,Assault on Woman,5,Night,Weekend,Poor,Low,1474,Community,100
INC02436,Rasulgarh,20.292339,85.86813,Harassment,3,Morning,Weekday,Poor,Medium,1283,Community,65
INC02437,Vani Vihar,20.294009,85.840764,Assault on Woman,5,Night,Weekend,Poor,High,1102,Community,100
INC02438,CRP Square,20.313297,85.820965,Harassment,3,Afternoon,Weekend,Poor,Low,541,Community,70
INC02439,Saheed Nagar,20.295349,85.841252,Assault on Woman,5,Evening,Weekday,Poor,Low,576,Community,99
INC02440,Saheed Nagar,20.296438,85.84073,Harassment,3,Evening,Weekend,Poor,Low,1018,Police,69
INC02441,Baramunda,20.269144,85.803769,Harassment,3,Evening,Weekend,Poor,Low,894,Community,74
INC02442,Pokhariput,20.252247,85.804686,Stalking,4,Night,Weekend,Poor,Medium,1115,Community,97
INC02443,Vani Vihar,20.295721,85.840437,Harassment,3,Afternoon,Weekend,Moderate,Medium,1303,Community,53
INC02444,Master Canteen,20.271269,85.843215,Sexual Harassment,5,Night,Weekend,Poor,Medium,1053,Community,100
INC02445,Patia,20.353002,85.82225,Harassment,3,Evening,Weekend,Moderate,High,1322,Community,61
INC02446,Infocity,20.345526,85.817599,Harassment,3,Night,Weekday,Good,Medium,219,Police,65
INC02447,Mancheswar,20.323431,85.865778,Suspicious Activity,2,Evening,Weekend,Moderate,Medium,595,Police,47
INC02448,Rasulgarh,20.293052,85.870001,Assault on Woman,5,Night,Weekday,Moderate,Medium,469,Police,100
INC02449,Kalpana Square,20.257191,85.844101,Stalking,4,Night,Weekday,Poor,Low,175,Community,90
INC02450,Infocity,20.342473,85.814846,Harassment,3,Night,Weekend,Poor,Low,259,Community,84
INC02451,Nayapalli,20.293521,85.802611,Eve-teasing,2,Night,Weekend,Moderate,Low,1017,Police,54
INC02452,Kalpana Square,20.261381,85.842822,Harassment,3,Evening,Weekday,Good,Medium,1426,Community,55
INC02453,Khandagiri,20.258898,85.78127,Snatching,3,Night,Weekday,Poor,Low,1221,Police,84
INC02454,Old Town,20.237213,85.833059,Snatching,3,Evening,Weekday,Moderate,Medium,1367,Community,60
INC02455,Rasulgarh,20.288383,85.872226,Harassment,3,Evening,Weekday,Poor,Low,746,Community,75
INC02456,Vani Vihar,20.295048,85.839933,Assault on Woman,5,Afternoon,Weekday,Moderate,High,280,Community,86
INC02457,Baramunda,20.269706,85.802462,Stalking,4,Evening,Weekend,Poor,High,1124,Community,87
INC02458,Baramunda,20.271966,85.801016,Suspicious Activity,2,Evening,Weekend,Good,High,1476,Community,36
INC02459,Rasulgarh,20.293253,85.871224,Suspicious Activity,2,Night,Weekend,Poor,Low,947,Community,67
INC02460,Baramunda,20.267541,85.802221,Harassment,3,Evening,Weekday,Moderate,High,389,Community,63
INC02461,Khandagiri,20.260323,85.783435,Kidnapping Attempt,5,Evening,Weekend,Good,High,1373,Police,86
INC02462,Acharya Vihar,20.299934,85.835614,Snatching,3,Evening,Weekday,Moderate,Medium,1282,Community,68
INC02463,Acharya Vihar,20.300324,85.834251,Eve-teasing,2,Evening,Weekday,Moderate,Low,326,Community,48
INC02464,Saheed Nagar,20.299455,85.838783,Assault on Woman,5,Afternoon,Weekday,Moderate,Low,287,Community,80
INC02465,Saheed Nagar,20.29419,85.839749,Eve-teasing,2,Evening,Weekday,Good,Low,454,Community,35
INC02466,Vani Vihar,20.297445,85.843467,Suspicious Activity,2,Afternoon,Weekday,Poor,High,1303,Police,46
INC02467,Infocity,20.341928,85.818428,Assault on Woman,5,Afternoon,Weekday,Poor,High,922,Community,93
INC02468,Nayapalli,20.295138,85.803175,Suspicious Activity,2,Morning,Weekend,Good,High,488,Community,29
INC02469,Patia,20.355297,85.82053,Stalking,4,Morning,Weekend,Good,Low,934,Community,63
INC02470,Nayapalli,20.295441,85.807036,Stalking,4,Evening,Weekday,Poor,Medium,721,Community,91
INC02471,Vani Vihar,20.294848,85.844633,Assault on Woman,5,Night,Weekday,Moderate,Medium,212,Community,100
INC02472,Vani Vihar,20.298822,85.839137,Kidnapping Attempt,5,Night,Weekday,Poor,Low,1412,Community,100
INC02473,Patia,20.356623,85.821541,Harassment,3,Night,Weekend,Moderate,High,1460,Community,66
INC02474,Pokhariput,20.256945,85.80655,Harassment,3,Afternoon,Weekday,Good,Low,828,Police,46
INC02475,Lingaraj,20.243411,85.833289,Suspicious Activity,2,Afternoon,Weekday,Moderate,Medium,1116,Community,36
INC02476,Patia,20.353482,85.820472,Stalking,4,Evening,Weekend,Poor,Low,820,Community,85
INC02477,KIIT Square,20.350947,85.815183,Snatching,3,Night,Weekend,Poor,Low,647,Community,84
INC02478,Jaydev Vihar,20.299148,85.819778,Harassment,3,Afternoon,Weekend,Moderate,High,785,Community,50
INC02479,Dumduma,20.265817,85.791138,Suspicious Activity,2,Night,Weekday,Poor,Low,918,Community,66
INC02480,Baramunda,20.268041,85.806612,Assault on Woman,5,Afternoon,Weekend,Good,Low,715,Police,74
INC02481,Lingaraj,20.243642,85.833046,Snatching,3,Night,Weekend,Good,Low,1399,Community,64
INC02482,Kalpana Square,20.261127,85.841225,Stalking,4,Morning,Weekday,Moderate,Medium,825,Community,67
INC02483,Dumduma,20.264185,85.79656,Assault on Woman,5,Evening,Weekday,Poor,Medium,1356,Community,100
INC02484,Saheed Nagar,20.299554,85.8407,Stalking,4,Afternoon,Weekday,Poor,Low,147,Police,76
INC02485,Pokhariput,20.257533,85.803892,Stalking,4,Evening,Weekday,Poor,Medium,263,Police,92
INC02486,Saheed Nagar,20.295044,85.838928,Assault on Woman,5,Night,Weekday,Good,Low,1301,Police,90
INC02487,Pokhariput,20.25631,85.802739,Harassment,3,Morning,Weekend,Poor,High,1041,Police,60
INC02488,Rasulgarh,20.288069,85.869436,Stalking,4,Evening,Weekend,Good,Low,1071,Community,63
INC02489,Rasulgarh,20.291681,85.870961,Harassment,3,Night,Weekend,Good,Medium,1158,Community,65
INC02490,Nayapalli,20.296965,85.805558,Stalking,4,Afternoon,Weekday,Poor,Low,1195,Community,77
INC02491,Pokhariput,20.256561,85.801665,Kidnapping Attempt,5,Afternoon,Weekend,Good,High,994,Police,78
INC02492,Kalpana Square,20.258788,85.845653,Assault on Woman,5,Evening,Weekend,Poor,Medium,1128,Community,100
INC02493,Nayapalli,20.294313,85.807841,Sexual Harassment,5,Night,Weekday,Moderate,Low,1072,Community,96
INC02494,Old Town,20.235487,85.833865,Assault on Woman,5,Night,Weekend,Poor,Low,1328,Community,100
INC02495,Khandagiri,20.257244,85.780459,Assault on Woman,5,Night,Weekend,Good,Medium,1178,Community,87
INC02496,Master Canteen,20.266722,85.842489,Stalking,4,Afternoon,Weekend,Moderate,Medium,626,Community,69
INC02497,Old Town,20.235432,85.833149,Sexual Harassment,5,Evening,Weekend,Moderate,High,925,Community,97
INC02498,Rasulgarh,20.287348,85.872854,Kidnapping Attempt,5,Evening,Weekend,Good,Low,476,Community,79
INC02499,Saheed Nagar,20.294315,85.842618,Suspicious Activity,2,Evening,Weekend,Poor,High,675,Community,61
INC02500,Pokhariput,20.25329,85.805634,Sexual Harassment,5,Evening,Weekend,Moderate,Medium,199,Community,96
INC02501,Kalpana Square,20.257296,85.840497,Snatching,3,Evening,Weekend,Moderate,High,116,Police,61
INC02502,Pokhariput,20.257031,85.803002,Harassment,3,Afternoon,Weekday,Poor,Medium,1179,Community,67
INC02503,Old Town,20.236635,85.836285,Stalking,4,Evening,Weekend,Moderate,Low,183,Community,79
INC02504,Khandagiri,20.259448,85.781217,Kidnapping Attempt,5,Night,Weekend,Moderate,High,781,Police,100
INC02505,Vani Vihar,20.294643,85.843145,Assault on Woman,5,Night,Weekday,Poor,Medium,1010,Police,100
INC02506,Dumduma,20.261255,85.796887,Stalking,4,Night,Weekday,Poor,Low,1429,Police,93
INC02507,Patia,20.354824,85.821749,Snatching,3,Evening,Weekend,Good,High,473,Community,51
INC02508,Lingaraj,20.243072,85.832731,Stalking,4,Evening,Weekday,Moderate,Medium,145,Police,78
INC02509,Mancheswar,20.324629,85.864643,Snatching,3,Morning,Weekend,Moderate,Medium,413,Community,54
INC02510,Chandrasekharpur,20.332624,85.818991,Sexual Harassment,5,Afternoon,Weekday,Good,Low,1369,Community,78
INC02511,Dumduma,20.263018,85.794422,Sexual Harassment,5,Afternoon,Weekend,Moderate,Medium,753,Community,80
INC02512,Patia,20.353918,85.820177,Stalking,4,Evening,Weekend,Poor,Medium,726,Community,89
INC02513,CRP Square,20.317159,85.823804,Harassment,3,Afternoon,Weekday,Good,High,1292,Community,49
INC02514,CRP Square,20.317697,85.820446,Stalking,4,Night,Weekday,Moderate,Medium,1049,Community,80
INC02515,Chandrasekharpur,20.330998,85.819514,Harassment,3,Evening,Weekend,Good,High,638,Community,49
INC02516,Pokhariput,20.253038,85.806656,Stalking,4,Evening,Weekend,Moderate,Medium,312,Community,77
INC02517,Baramunda,20.270204,85.806253,Harassment,3,Evening,Weekend,Good,Medium,410,Community,50
INC02518,Old Town,20.235106,85.835651,Stalking,4,Night,Weekend,Poor,Low,1095,Police,94
INC02519,Old Town,20.235586,85.833453,Kidnapping Attempt,5,Morning,Weekday,Poor,Low,637,Community,91
INC02520,Kalpana Square,20.25828,85.844416,Harassment,3,Night,Weekend,Moderate,Medium,715,Community,66
INC02521,Lingaraj,20.245983,85.833668,Sexual Harassment,5,Night,Weekend,Good,Low,1471,Community,88
INC02522,Chandrasekharpur,20.333282,85.821431,Assault on Woman,5,Night,Weekday,Moderate,High,680,Community,100
INC02523,Chandrasekharpur,20.330146,85.822948,Stalking,4,Afternoon,Weekday,Good,Medium,1488,Community,55
INC02524,Master Canteen,20.271641,85.84076,Snatching,3,Night,Weekday,Good,High,1212,Community,64
INC02525,Dumduma,20.265079,85.793387,Stalking,4,Night,Weekend,Good,Low,1284,Police,73
INC02526,Master Canteen,20.2675,85.843989,Stalking,4,Night,Weekend,Moderate,High,1479,Police,88
INC02527,KIIT Square,20.352727,85.815797,Stalking,4,Evening,Weekday,Good,High,537,Community,68
INC02528,Saheed Nagar,20.294246,85.839337,Assault on Woman,5,Evening,Weekday,Poor,Medium,1108,Community,100
INC02529,Kalpana Square,20.261034,85.84135,Stalking,4,Evening,Weekend,Poor,Medium,1004,Police,84
INC02530,Dumduma,20.262176,85.795606,Eve-teasing,2,Night,Weekend,Poor,Medium,1034,Community,63
INC02531,Kalpana Square,20.260364,85.84092,Suspicious Activity,2,Night,Weekend,Moderate,Low,801,Community,60
INC02532,Rasulgarh,20.290125,85.871548,Suspicious Activity,2,Afternoon,Weekend,Poor,High,1137,Police,53
INC02533,Kalpana Square,20.257622,85.844861,Kidnapping Attempt,5,Night,Weekday,Poor,Low,440,Community,100
INC02534,Nayapalli,20.297831,85.802496,Suspicious Activity,2,Afternoon,Weekend,Moderate,Medium,1262,Police,37
INC02535,Vani Vihar,20.296366,85.843549,Suspicious Activity,2,Evening,Weekday,Poor,Medium,658,Community,58
INC02536,Acharya Vihar,20.301914,85.833681,Stalking,4,Night,Weekday,Good,High,1190,Community,75
INC02537,Saheed Nagar,20.296501,85.841267,Stalking,4,Morning,Weekday,Moderate,High,1231,Police,75
INC02538,Mancheswar,20.324025,85.865334,Harassment,3,Evening,Weekend,Poor,Medium,672,Police,69
INC02539,Lingaraj,20.240995,85.836677,Snatching,3,Afternoon,Weekday,Moderate,High,762,Community,50
INC02540,Chandrasekharpur,20.330014,85.819242,Harassment,3,Evening,Weekend,Good,Medium,908,Police,55
INC02541,KIIT Square,20.350063,85.817531,Snatching,3,Night,Weekday,Moderate,Low,585,Police,71
INC02542,Vani Vihar,20.296899,85.842925,Stalking,4,Night,Weekend,Good,Medium,292,Community,70
INC02543,Pokhariput,20.255097,85.804365,Assault on Woman,5,Night,Weekday,Good,Medium,1276,Community,88
INC02544,Lingaraj,20.243926,85.835775,Suspicious Activity,2,Afternoon,Weekday,Moderate,High,1305,Community,41
INC02545,Nayapalli,20.297108,85.803384,Snatching,3,Night,Weekend,Moderate,Low,1265,Community,74
INC02546,Patia,20.352884,85.821386,Harassment,3,Night,Weekday,Poor,Medium,1498,Community,83
INC02547,Old Town,20.235599,85.833383,Assault on Woman,5,Evening,Weekday,Moderate,Medium,122,Community,90
INC02548,Nayapalli,20.293402,85.803494,Kidnapping Attempt,5,Night,Weekday,Poor,Low,798,Police,100
INC02549,Jaydev Vihar,20.300541,85.82141,Harassment,3,Night,Weekday,Moderate,Medium,851,Police,73
INC02550,Jaydev Vihar,20.303568,85.818391,Suspicious Activity,2,Night,Weekday,Moderate,High,1131,Police,53
INC02551,Patia,20.354792,85.821812,Stalking,4,Evening,Weekend,Good,Medium,619,Community,66
INC02552,Chandrasekharpur,20.329978,85.818489,Harassment,3,Morning,Weekend,Poor,High,1212,Community,61
INC02553,Old Town,20.238809,85.835239,Assault on Woman,5,Evening,Weekend,Good,High,1334,Community,85
INC02554,Infocity,20.345196,85.814153,Suspicious Activity,2,Evening,Weekend,Moderate,Low,1273,Community,45
INC02555,Lingaraj,20.240559,85.833353,Harassment,3,Evening,Weekday,Good,Medium,1237,Community,51
INC02556,Master Canteen,20.267553,85.842536,Stalking,4,Evening,Weekday,Poor,Medium,1466,Community,83
INC02557,Lingaraj,20.241861,85.83665,Harassment,3,Night,Weekday,Poor,Medium,1031,Community,85
INC02558,Infocity,20.343835,85.814418,Assault on Woman,5,Afternoon,Weekend,Good,Medium,960,Police,77
INC02559,CRP Square,20.313584,85.82421,Suspicious Activity,2,Afternoon,Weekend,Good,Medium,1192,Police,34
INC02560,Master Canteen,20.267303,85.838702,Snatching,3,Morning,Weekend,Moderate,High,798,Police,52
INC02561,KIIT Square,20.354677,85.818502,Stalking,4,Night,Weekday,Poor,Low,712,Police,96
INC02562,Chandrasekharpur,20.331905,85.823959,Harassment,3,Evening,Weekend,Moderate,Medium,693,Community,63
INC02563,Nayapalli,20.29607,85.806741,Stalking,4,Afternoon,Weekday,Moderate,Medium,706,Community,69
INC02564,Saheed Nagar,20.297453,85.839747,Assault on Woman,5,Night,Weekend,Moderate,Medium,953,Community,100
INC02565,Mancheswar,20.320092,85.866193,Snatching,3,Evening,Weekend,Poor,High,1163,Community,74
INC02566,KIIT Square,20.355174,85.820299,Assault on Woman,5,Night,Weekend,Moderate,Medium,183,Police,98
INC02567,Jaydev Vihar,20.300982,85.820536,Stalking,4,Night,Weekday,Poor,Low,242,Community,91
INC02568,Master Canteen,20.27193,85.838739,Sexual Harassment,5,Evening,Weekday,Moderate,High,166,Community,98
INC02569,Baramunda,20.268391,85.805106,Harassment,3,Night,Weekend,Good,High,1363,Community,58
INC02570,Khandagiri,20.259225,85.783686,Stalking,4,Night,Weekday,Poor,Low,873,Community,94
INC02571,Patia,20.354163,85.817283,Stalking,4,Evening,Weekday,Moderate,Medium,387,Community,74
INC02572,Dumduma,20.263894,85.796008,Stalking,4,Morning,Weekend,Moderate,Low,619,Community,73
INC02573,Baramunda,20.271679,85.803044,Assault on Woman,5,Afternoon,Weekday,Poor,Medium,1165,Police,94
INC02574,Old Town,20.236866,85.831859,Stalking,4,Night,Weekday,Moderate,Low,940,Police,84
INC02575,Old Town,20.235179,85.834343,Stalking,4,Night,Weekday,Moderate,Medium,1014,Community,80
INC02576,KIIT Square,20.353541,85.81578,Harassment,3,Afternoon,Weekend,Poor,Low,170,Police,61
INC02577,Pokhariput,20.254488,85.802253,Stalking,4,Evening,Weekday,Moderate,High,1066,Community,80
INC02578,Dumduma,20.265958,85.795198,Stalking,4,Afternoon,Weekday,Good,Medium,841,Police,57
INC02579,CRP Square,20.315465,85.820858,Kidnapping Attempt,5,Afternoon,Weekday,Good,High,474,Community,78
INC02580,CRP Square,20.313945,85.82321,Harassment,3,Afternoon,Weekday,Moderate,Medium,262,Community,50
INC02581,Acharya Vihar,20.300937,85.832022,Snatching,3,Night,Weekend,Moderate,High,656,Community,69
INC02582,Vani Vihar,20.299189,85.839409,Harassment,3,Night,Weekday,Good,Medium,1055,Community,55
INC02583,Old Town,20.239086,85.834427,Harassment,3,Afternoon,Weekend,Good,High,915,Community,48
INC02584,Baramunda,20.272592,85.80583,Snatching,3,Afternoon,Weekday,Moderate,Medium,1110,Community,53
INC02585,Lingaraj,20.243866,85.833557,Assault on Woman,5,Night,Weekend,Poor,Medium,1317,Community,100
INC02586,CRP Square,20.316449,85.822189,Harassment,3,Evening,Weekday,Good,Medium,114,Community,48
INC02587,Mancheswar,20.322656,85.866082,Stalking,4,Evening,Weekday,Good,Medium,817,Community,65
INC02588,Chandrasekharpur,20.329928,85.822343,Suspicious Activity,2,Evening,Weekend,Good,Low,1257,Community,33
INC02589,Mancheswar,20.320186,85.86386,Assault on Woman,5,Evening,Weekend,Good,Low,803,Community,88
INC02590,Nayapalli,20.293464,85.807054,Sexual Harassment,5,Night,Weekend,Moderate,High,1331,Community,95
INC02591,Nayapalli,20.295757,85.806176,Suspicious Activity,2,Afternoon,Weekday,Poor,Medium,475,Community,52
INC02592,Mancheswar,20.321313,85.863075,Stalking,4,Morning,Weekend,Poor,High,243,Community,85
INC02593,Master Canteen,20.271544,85.840605,Harassment,3,Night,Weekend,Moderate,Low,628,Community,75
INC02594,Saheed Nagar,20.295856,85.840026,Assault on Woman,5,Night,Weekend,Moderate,High,870,Community,96
INC02595,Lingaraj,20.245108,85.832337,Sexual Harassment,5,Evening,Weekday,Poor,High,420,Community,100
INC02596,Rasulgarh,20.290504,85.868113,Harassment,3,Afternoon,Weekday,Good,Medium,957,Police,50
INC02597,KIIT Square,20.350057,85.815395,Assault on Woman,5,Night,Weekend,Moderate,Medium,361,Community,97
INC02598,Lingaraj,20.245814,85.836,Snatching,3,Afternoon,Weekday,Good,High,167,Community,49
INC02599,KIIT Square,20.350507,85.820745,Assault on Woman,5,Night,Weekend,Moderate,High,305,Community,97
INC02600,Rasulgarh,20.291564,85.872513,Harassment,3,Afternoon,Weekend,Good,Medium,234,Community,45
INC02601,Mancheswar,20.319076,85.861069,Eve-teasing,2,Morning,Weekend,Good,Low,556,Community,30
INC02602,Master Canteen,20.266982,85.841451,Sexual Harassment,5,Evening,Weekend,Poor,Low,1425,Police,100
INC02603,Kalpana Square,20.259888,85.84286,Kidnapping Attempt,5,Night,Weekday,Poor,High,1318,Community,100
INC02604,Kalpana Square,20.257981,85.841807,Sexual Harassment,5,Night,Weekday,Good,Medium,187,Police,87
INC02605,Mancheswar,20.324828,85.861334,Harassment,3,Evening,Weekend,Moderate,High,1420,Community,60
INC02606,Dumduma,20.266052,85.795234,Stalking,4,Evening,Weekday,Poor,High,681,Community,86
INC02607,Lingaraj,20.243592,85.835345,Assault on Woman,5,Night,Weekday,Poor,Medium,844,Police,100
INC02608,Vani Vihar,20.299736,85.843103,Harassment,3,Evening,Weekday,Good,Medium,534,Police,58
INC02609,Old Town,20.237813,85.835163,Harassment,3,Evening,Weekday,Good,Low,1146,Community,51
INC02610,Patia,20.353495,85.818542,Kidnapping Attempt,5,Evening,Weekend,Poor,High,470,Police,100
INC02611,Chandrasekharpur,20.329915,85.822549,Suspicious Activity,2,Night,Weekday,Good,Medium,866,Community,47
INC02612,KIIT Square,20.352081,85.816945,Harassment,3,Morning,Weekend,Good,High,370,Community,40
INC02613,Infocity,20.343139,85.816206,Stalking,4,Evening,Weekend,Poor,Low,646,Community,83
INC02614,Jaydev Vihar,20.301886,85.821122,Harassment,3,Afternoon,Weekend,Moderate,Medium,261,Community,52
INC02615,Old Town,20.23579,85.832395,Suspicious Activity,2,Night,Weekday,Good,Medium,1158,Community,41
INC02616,Old Town,20.237096,85.835458,Kidnapping Attempt,5,Night,Weekday,Moderate,Low,240,Community,100
INC02617,Nayapalli,20.29815,85.803884,Snatching,3,Evening,Weekday,Good,Low,985,Police,50
INC02618,Khandagiri,20.254605,85.783503,Stalking,4,Afternoon,Weekend,Moderate,Low,252,Community,73
INC02619,Kalpana Square,20.257789,85.845244,Harassment,3,Morning,Weekend,Moderate,High,185,Community,50
INC02620,Vani Vihar,20.296312,85.843852,Assault on Woman,5,Night,Weekday,Moderate,Medium,258,Community,100
INC02621,Kalpana Square,20.2626,85.840252,Harassment,3,Night,Weekday,Good,High,682,Police,61
INC02622,KIIT Square,20.353599,85.817914,Snatching,3,Evening,Weekend,Moderate,High,1316,Community,62
INC02623,Chandrasekharpur,20.330458,85.821138,Stalking,4,Evening,Weekend,Moderate,Low,821,Community,83
INC02624,Kalpana Square,20.257274,85.842103,Kidnapping Attempt,5,Morning,Weekday,Moderate,Medium,919,Police,88
INC02625,Lingaraj,20.243144,85.831072,Stalking,4,Night,Weekday,Poor,High,103,Police,98
INC02626,Baramunda,20.270794,85.803749,Stalking,4,Evening,Weekday,Good,Medium,557,Police,63
INC02627,KIIT Square,20.353622,85.820714,Sexual Harassment,5,Evening,Weekend,Moderate,Medium,1266,Community,98
INC02628,Old Town,20.238645,85.832227,Eve-teasing,2,Evening,Weekend,Good,Medium,639,Community,39
INC02629,Dumduma,20.263507,85.793235,Assault on Woman,5,Night,Weekend,Moderate,Medium,306,Community,99
INC02630,Kalpana Square,20.261013,85.844774,Harassment,3,Night,Weekend,Good,Medium,283,Community,65
INC02631,Saheed Nagar,20.294679,85.842519,Assault on Woman,5,Afternoon,Weekday,Moderate,Low,977,Community,83
INC02632,CRP Square,20.314893,85.820452,Snatching,3,Night,Weekday,Good,Medium,1241,Community,64
INC02633,Kalpana Square,20.258699,85.842883,Harassment,3,Afternoon,Weekend,Poor,High,1461,Community,65
INC02634,Nayapalli,20.296949,85.807981,Stalking,4,Afternoon,Weekday,Poor,Medium,174,Community,84
INC02635,Mancheswar,20.321409,85.863749,Suspicious Activity,2,Evening,Weekday,Moderate,Medium,299,Community,43
INC02636,Baramunda,20.268319,85.805028,Harassment,3,Morning,Weekday,Moderate,High,740,Community,54
INC02637,Patia,20.357942,85.818168,Stalking,4,Evening,Weekend,Moderate,Low,945,Community,77
INC02638,Lingaraj,20.243715,85.835159,Harassment,3,Evening,Weekend,Moderate,Low,421,Community,60
INC02639,Nayapalli,20.293334,85.802996,Assault on Woman,5,Afternoon,Weekend,Good,Low,687,Community,76
INC02640,Master Canteen,20.271854,85.838613,Suspicious Activity,2,Evening,Weekday,Poor,Medium,189,Police,54
INC02641,Dumduma,20.261072,85.791417,Suspicious Activity,2,Evening,Weekday,Good,Medium,335,Police,36
INC02642,CRP Square,20.313763,85.820652,Assault on Woman,5,Evening,Weekday,Good,Medium,496,Community,83
INC02643,CRP Square,20.313938,85.82231,Stalking,4,Night,Weekend,Poor,Medium,418,Community,92
INC02644,Pokhariput,20.25522,85.806018,Harassment,3,Afternoon,Weekend,Good,Low,580,Community,44
INC02645,KIIT Square,20.350442,85.820013,Harassment,3,Afternoon,Weekday,Moderate,Medium,878,Community,60
INC02646,Khandagiri,20.258126,85.780291,Sexual Harassment,5,Evening,Weekday,Good,High,640,Community,79
INC02647,Chandrasekharpur,20.333825,85.821694,Sexual Harassment,5,Night,Weekend,Poor,Medium,1447,Community,100
INC02648,CRP Square,20.315313,85.823662,Stalking,4,Afternoon,Weekday,Poor,High,260,Community,78
INC02649,Dumduma,20.266663,85.796997,Harassment,3,Evening,Weekday,Good,High,800,Police,51
INC02650,Nayapalli,20.29567,85.805523,Assault on Woman,5,Morning,Weekend,Moderate,High,839,Community,89
INC02651,KIIT Square,20.355416,85.817719,Sexual Harassment,5,Afternoon,Weekday,Poor,Medium,535,Community,93
INC02652,Khandagiri,20.256622,85.784263,Sexual Harassment,5,Afternoon,Weekend,Moderate,Low,412,Community,90
INC02653,Vani Vihar,20.294328,85.843354,Harassment,3,Morning,Weekend,Good,Low,1021,Community,49
INC02654,Patia,20.353478,85.820151,Assault on Woman,5,Night,Weekend,Moderate,Low,1359,Community,97
INC02655,Baramunda,20.272001,85.801102,Harassment,3,Afternoon,Weekday,Poor,Medium,578,Police,70
INC02656,Old Town,20.240688,85.832449,Stalking,4,Night,Weekend,Good,High,1193,Community,80
INC02657,Baramunda,20.267568,85.802933,Stalking,4,Evening,Weekend,Moderate,High,225,Community,77
INC02658,Master Canteen,20.271261,85.840271,Assault on Woman,5,Evening,Weekday,Moderate,Medium,656,Community,96
INC02659,Master Canteen,20.269898,85.840432,Harassment,3,Afternoon,Weekday,Poor,Low,1033,Police,60
INC02660,Master Canteen,20.271735,85.84317,Stalking,4,Night,Weekday,Moderate,Low,1319,Community,83
INC02661,Master Canteen,20.266664,85.84331,Assault on Woman,5,Evening,Weekday,Moderate,Low,206,Police,92
INC02662,Acharya Vihar,20.298608,85.833762,Kidnapping Attempt,5,Night,Weekday,Poor,Medium,1312,Community,100
INC02663,Rasulgarh,20.291272,85.869818,Harassment,3,Evening,Weekday,Moderate,Low,801,Community,60
INC02664,Mancheswar,20.32188,85.865078,Eve-teasing,2,Night,Weekend,Poor,Medium,102,Police,60
INC02665,Vani Vihar,20.297514,85.840081,Snatching,3,Evening,Weekend,Poor,High,890,Police,77
INC02666,Master Canteen,20.271967,85.839299,Harassment,3,Evening,Weekday,Moderate,Medium,416,Community,65
INC02667,Saheed Nagar,20.298671,85.843136,Sexual Harassment,5,Night,Weekday,Moderate,Medium,1454,Community,100
INC02668,CRP Square,20.314328,85.821719,Snatching,3,Morning,Weekday,Poor,Low,594,Community,63
INC02669,CRP Square,20.314343,85.824623,Kidnapping Attempt,5,Evening,Weekend,Moderate,Medium,307,Community,91
INC02670,Master Canteen,20.266711,85.842303,Assault on Woman,5,Evening,Weekend,Moderate,Medium,1303,Community,91
INC02671,Khandagiri,20.256904,85.783718,Stalking,4,Evening,Weekend,Moderate,High,706,Community,83
INC02672,Old Town,20.240082,85.832385,Stalking,4,Night,Weekend,Good,High,302,Police,76
INC02673,Mancheswar,20.321173,85.861757,Eve-teasing,2,Night,Weekday,Moderate,Medium,1372,Police,56
INC02674,Patia,20.352581,85.822251,Harassment,3,Night,Weekday,Poor,Low,270,Police,81
INC02675,Kalpana Square,20.260513,85.841155,Harassment,3,Afternoon,Weekday,Good,Low,1376,Community,41
INC02676,Infocity,20.341007,85.817036,Suspicious Activity,2,Evening,Weekend,Good,Low,1187,Police,43
INC02677,Mancheswar,20.323585,85.86512,Assault on Woman,5,Night,Weekday,Poor,Medium,929,Community,100
INC02678,Infocity,20.344992,85.816175,Harassment,3,Evening,Weekend,Poor,Low,1386,Community,74
INC02679,Nayapalli,20.293421,85.802831,Snatching,3,Night,Weekend,Poor,Medium,378,Police,75
INC02680,Saheed Nagar,20.296958,85.844104,Sexual Harassment,5,Night,Weekday,Good,Medium,1406,Community,88
INC02681,Jaydev Vihar,20.299571,85.817698,Harassment,3,Evening,Weekday,Moderate,Medium,487,Community,68
INC02682,Kalpana Square,20.259607,85.84009,Suspicious Activity,2,Afternoon,Weekday,Good,Medium,238,Police,28
INC02683,Nayapalli,20.298398,85.802895,Harassment,3,Night,Weekday,Poor,Low,308,Community,84
INC02684,Master Canteen,20.26963,85.841748,Assault on Woman,5,Evening,Weekend,Poor,Low,741,Community,100
INC02685,Khandagiri,20.258603,85.780471,Harassment,3,Night,Weekend,Poor,Low,979,Police,83
INC02686,Dumduma,20.266832,85.791697,Harassment,3,Evening,Weekday,Poor,High,972,Community,77
INC02687,Nayapalli,20.295873,85.807045,Assault on Woman,5,Evening,Weekday,Moderate,Medium,214,Police,94
INC02688,CRP Square,20.317574,85.819313,Assault on Woman,5,Night,Weekend,Moderate,Medium,132,Police,99
INC02689,Rasulgarh,20.287997,85.869071,Stalking,4,Night,Weekend,Moderate,Low,543,Community,85
INC02690,Infocity,20.34104,85.816735,Assault on Woman,5,Evening,Weekend,Moderate,Medium,1102,Community,91
INC02691,Mancheswar,20.323983,85.86686,Harassment,3,Night,Weekend,Moderate,Medium,1255,Police,67
INC02692,Master Canteen,20.266512,85.838386,Harassment,3,Night,Weekend,Poor,Low,1033,Community,83
INC02693,Jaydev Vihar,20.300358,85.820918,Eve-teasing,2,Night,Weekday,Good,High,1237,Community,42
INC02694,Saheed Nagar,20.293886,85.838458,Harassment,3,Evening,Weekday,Good,Low,1140,Community,57
INC02695,Khandagiri,20.257852,85.781868,Eve-teasing,2,Afternoon,Weekday,Poor,Low,326,Community,52
INC02696,Infocity,20.343648,85.817298,Harassment,3,Night,Weekend,Poor,High,814,Community,75
INC02697,Jaydev Vihar,20.301703,85.82207,Harassment,3,Evening,Weekday,Good,Medium,1479,Community,58
INC02698,CRP Square,20.314579,85.824328,Assault on Woman,5,Evening,Weekday,Moderate,High,770,Community,89
INC02699,Patia,20.35741,85.816694,Eve-teasing,2,Afternoon,Weekend,Moderate,Medium,624,Police,37
INC02700,Acharya Vihar,20.297286,85.833259,Harassment,3,Morning,Weekday,Moderate,High,759,Community,60
INC02701,Patia,20.353242,85.81813,Snatching,3,Afternoon,Weekday,Poor,High,1035,Community,63
INC02702,Kalpana Square,20.257849,85.84574,Sexual Harassment,5,Morning,Weekend,Moderate,Low,911,Community,86
INC02703,Vani Vihar,20.297349,85.843361,Stalking,4,Evening,Weekday,Good,Low,620,Community,67
INC02704,Patia,20.354715,85.818083,Stalking,4,Evening,Weekday,Good,Medium,694,Police,68
INC02705,Chandrasekharpur,20.332935,85.820939,Stalking,4,Afternoon,Weekday,Moderate,Medium,448,Community,74
INC02706,Baramunda,20.269152,85.802907,Harassment,3,Morning,Weekday,Moderate,Low,1360,Community,56
INC02707,Saheed Nagar,20.298819,85.84245,Harassment,3,Evening,Weekday,Poor,Medium,372,Community,76
INC02708,Nayapalli,20.296289,85.807905,Assault on Woman,5,Evening,Weekend,Moderate,High,655,Police,92
INC02709,Lingaraj,20.242039,85.836222,Harassment,3,Afternoon,Weekday,Moderate,Low,278,Community,55
INC02710,Nayapalli,20.297115,85.807009,Stalking,4,Evening,Weekday,Poor,Medium,462,Community,86
INC02711,Master Canteen,20.269525,85.843816,Harassment,3,Morning,Weekday,Poor,Medium,1192,Police,68
INC02712,Mancheswar,20.324021,85.863591,Stalking,4,Night,Weekend,Poor,Medium,368,Community,93
INC02713,Nayapalli,20.297609,85.805965,Eve-teasing,2,Evening,Weekend,Poor,High,822,Community,60
INC02714,Master Canteen,20.269644,85.843116,Stalking,4,Afternoon,Weekday,Good,Medium,1313,Police,58
INC02715,Baramunda,20.269806,85.806829,Sexual Harassment,5,Evening,Weekday,Good,Low,1498,Community,84
INC02716,Pokhariput,20.257353,85.80314,Assault on Woman,5,Evening,Weekday,Moderate,Low,323,Police,98
INC02717,Acharya Vihar,20.298231,85.834273,Harassment,3,Evening,Weekend,Poor,High,1152,Community,75
INC02718,Infocity,20.344046,85.816467,Harassment,3,Evening,Weekday,Moderate,High,1115,Community,59
INC02719,Rasulgarh,20.290733,85.872531,Snatching,3,Evening,Weekend,Poor,Low,359,Community,78
INC02720,Lingaraj,20.245474,85.836138,Kidnapping Attempt,5,Afternoon,Weekend,Moderate,Medium,1207,Police,90
INC02721,Jaydev Vihar,20.302403,85.822779,Assault on Woman,5,Evening,Weekday,Moderate,Medium,1435,Community,92
INC02722,Mancheswar,20.32318,85.861307,Stalking,4,Night,Weekend,Moderate,Medium,1063,Community,89
INC02723,Vani Vihar,20.29767,85.843698,Assault on Woman,5,Night,Weekend,Poor,Low,740,Community,100
INC02724,Baramunda,20.2721,85.801259,Harassment,3,Evening,Weekend,Poor,High,972,Community,78
INC02725,Baramunda,20.268786,85.803712,Snatching,3,Evening,Weekday,Moderate,Medium,163,Police,62
INC02726,Nayapalli,20.298518,85.803256,Assault on Woman,5,Evening,Weekend,Moderate,Medium,1262,Police,95
INC02727,Old Town,20.236885,85.834044,Assault on Woman,5,Afternoon,Weekday,Poor,Medium,1463,Police,98
INC02728,Lingaraj,20.241857,85.835943,Stalking,4,Night,Weekday,Poor,Medium,531,Community,97
INC02729,Master Canteen,20.268328,85.843281,Stalking,4,Night,Weekend,Poor,Medium,152,Community,90
INC02730,Dumduma,20.263327,85.79194,Assault on Woman,5,Afternoon,Weekend,Poor,Medium,678,Community,93
INC02731,Mancheswar,20.32104,85.866724,Assault on Woman,5,Evening,Weekend,Poor,Low,559,Community,100
INC02732,Nayapalli,20.295752,85.803881,Harassment,3,Night,Weekday,Moderate,High,1376,Community,69
INC02733,Saheed Nagar,20.294568,85.839807,Harassment,3,Evening,Weekday,Good,Low,775,Police,57
INC02734,Old Town,20.237068,85.833709,Stalking,4,Night,Weekend,Poor,High,183,Community,97
INC02735,Infocity,20.346846,85.814593,Harassment,3,Night,Weekday,Moderate,High,1062,Police,66
INC02736,Chandrasekharpur,20.330496,85.821976,Assault on Woman,5,Morning,Weekday,Moderate,Medium,129,Police,85
INC02737,Master Canteen,20.26662,85.838923,Snatching,3,Night,Weekday,Poor,Medium,585,Community,85
INC02738,Old Town,20.2367,85.834345,Stalking,4,Evening,Weekend,Poor,Low,859,Community,88
INC02739,KIIT Square,20.352447,85.819234,Harassment,3,Evening,Weekend,Moderate,Medium,1203,Community,68
INC02740,Saheed Nagar,20.294621,85.84066,Harassment,3,Night,Weekday,Moderate,Medium,638,Community,71
INC02741,Patia,20.356266,85.821449,Assault on Woman,5,Evening,Weekday,Moderate,Medium,391,Police,94
INC02742,Acharya Vihar,20.298103,85.832372,Kidnapping Attempt,5,Evening,Weekday,Poor,Medium,920,Community,100
INC02743,Kalpana Square,20.262496,85.840143,Assault on Woman,5,Night,Weekday,Poor,Medium,453,Community,100
INC02744,Khandagiri,20.254699,85.781419,Stalking,4,Evening,Weekday,Good,High,473,Police,71
INC02745,Rasulgarh,20.292207,85.871529,Sexual Harassment,5,Evening,Weekday,Poor,Low,422,Community,100
INC02746,Chandrasekharpur,20.331023,85.818149,Harassment,3,Morning,Weekday,Good,Medium,213,Police,42
INC02747,Dumduma,20.26378,85.795492,Harassment,3,Afternoon,Weekend,Poor,Medium,1370,Community,67
INC02748,Acharya Vihar,20.302601,85.832373,Suspicious Activity,2,Afternoon,Weekend,Good,Medium,152,Police,27
INC02749,Mancheswar,20.324409,85.862552,Assault on Woman,5,Night,Weekend,Moderate,Medium,381,Police,99
INC02750,Kalpana Square,20.260407,85.844911,Harassment,3,Night,Weekend,Moderate,Low,643,Community,75
INC02751,Nayapalli,20.295766,85.804718,Harassment,3,Evening,Weekday,Good,Medium,1198,Community,55
INC02752,Vani Vihar,20.295908,85.841809,Harassment,3,Night,Weekend,Good,Medium,391,Police,63
INC02753,Jaydev Vihar,20.29893,85.820135,Assault on Woman,5,Night,Weekday,Good,Low,400,Police,95
INC02754,Lingaraj,20.242625,85.831008,Harassment,3,Afternoon,Weekend,Moderate,Medium,968,Community,56
INC02755,Pokhariput,20.256769,85.801446,Assault on Woman,5,Night,Weekend,Moderate,Medium,1066,Police,100
INC02756,Infocity,20.344496,85.814145,Harassment,3,Afternoon,Weekend,Good,Low,637,Community,50
INC02757,Rasulgarh,20.291334,85.86962,Eve-teasing,2,Night,Weekend,Poor,High,1336,Community,69
INC02758,Pokhariput,20.25464,85.806586,Harassment,3,Afternoon,Weekend,Good,Medium,919,Community,41
INC02759,Acharya Vihar,20.299804,85.832621,Harassment,3,Night,Weekend,Moderate,High,683,Community,71
INC02760,Master Canteen,20.268718,85.83891,Assault on Woman,5,Night,Weekday,Moderate,Medium,770,Police,96
INC02761,Mancheswar,20.319307,85.863814,Kidnapping Attempt,5,Night,Weekend,Moderate,Low,157,Police,95
INC02762,KIIT Square,20.353991,85.818392,Harassment,3,Afternoon,Weekday,Poor,Medium,1498,Community,60
INC02763,Patia,20.353133,85.821907,Eve-teasing,2,Evening,Weekend,Poor,Low,1069,Community,60
INC02764,Rasulgarh,20.289834,85.87157,Suspicious Activity,2,Night,Weekend,Moderate,Medium,442,Community,56
INC02765,Acharya Vihar,20.2975,85.833705,Harassment,3,Evening,Weekend,Poor,Medium,180,Police,78
INC02766,Infocity,20.346972,85.81443,Kidnapping Attempt,5,Night,Weekend,Poor,Low,1009,Police,100
INC02767,Lingaraj,20.244461,85.836403,Assault on Woman,5,Night,Weekend,Good,Medium,803,Community,86
INC02768,Baramunda,20.267279,85.803179,Assault on Woman,5,Afternoon,Weekday,Poor,Medium,261,Community,99
INC02769,Dumduma,20.266736,85.795782,Harassment,3,Evening,Weekend,Good,Low,1480,Community,52
INC02770,Nayapalli,20.296703,85.805347,Harassment,3,Afternoon,Weekday,Good,Low,749,Community,47
INC02771,Chandrasekharpur,20.329543,85.823777,Kidnapping Attempt,5,Night,Weekend,Moderate,Low,245,Police,99
INC02772,Kalpana Square,20.260658,85.84401,Suspicious Activity,2,Night,Weekend,Moderate,Low,256,Community,59
INC02773,Chandrasekharpur,20.330258,85.822912,Assault on Woman,5,Evening,Weekday,Poor,Medium,1189,Community,98
INC02774,Jaydev Vihar,20.300512,85.817929,Snatching,3,Evening,Weekend,Poor,Medium,374,Community,73
INC02775,Pokhariput,20.256936,85.804102,Sexual Harassment,5,Night,Weekday,Moderate,Low,308,Police,97
INC02776,Baramunda,20.271099,85.804653,Stalking,4,Evening,Weekend,Moderate,Medium,703,Community,76
INC02777,Chandrasekharpur,20.332286,85.819512,Stalking,4,Evening,Weekday,Poor,High,637,Community,90
INC02778,CRP Square,20.312285,85.820629,Stalking,4,Night,Weekend,Moderate,Low,967,Community,86
INC02779,Mancheswar,20.322148,85.866644,Eve-teasing,2,Evening,Weekday,Good,Medium,1025,Police,34
INC02780,Khandagiri,20.260008,85.784357,Harassment,3,Afternoon,Weekend,Poor,Low,536,Community,60
INC02781,Vani Vihar,20.298172,85.840997,Stalking,4,Night,Weekday,Poor,Medium,614,Community,93
INC02782,Chandrasekharpur,20.330673,85.823865,Harassment,3,Afternoon,Weekend,Good,Medium,964,Police,50
INC02783,Kalpana Square,20.262323,85.845887,Harassment,3,Evening,Weekday,Poor,High,370,Police,71
INC02784,Master Canteen,20.268513,85.84168,Harassment,3,Evening,Weekday,Poor,Low,309,Community,70
INC02785,Master Canteen,20.267797,85.839488,Assault on Woman,5,Afternoon,Weekday,Moderate,Medium,1432,Police,87
INC02786,Pokhariput,20.255892,85.802706,Stalking,4,Evening,Weekday,Poor,Medium,228,Police,84
INC02787,Infocity,20.345191,85.815949,Harassment,3,Night,Weekday,Moderate,Medium,197,Police,71
INC02788,Nayapalli,20.294793,85.805735,Snatching,3,Evening,Weekday,Moderate,Medium,824,Community,62
INC02789,Dumduma,20.261991,85.796127,Kidnapping Attempt,5,Night,Weekend,Good,High,450,Police,93
INC02790,Kalpana Square,20.262468,85.841897,Assault on Woman,5,Night,Weekday,Good,Medium,1340,Community,89
INC02791,Pokhariput,20.252938,85.805156,Assault on Woman,5,Evening,Weekday,Good,Low,772,Community,81
INC02792,Rasulgarh,20.288305,85.871701,Suspicious Activity,2,Evening,Weekday,Poor,High,443,Community,55
INC02793,Saheed Nagar,20.299468,85.841338,Suspicious Activity,2,Night,Weekend,Good,Medium,1084,Community,42
INC02794,Pokhariput,20.256667,85.802117,Snatching,3,Afternoon,Weekday,Moderate,Medium,159,Police,52
INC02795,Dumduma,20.263899,85.794366,Eve-teasing,2,Night,Weekday,Moderate,High,114,Community,60
INC02796,Rasulgarh,20.2911,85.87288,Harassment,3,Night,Weekend,Poor,Medium,854,Community,80
INC02797,Acharya Vihar,20.300902,85.837153,Harassment,3,Night,Weekday,Moderate,Medium,174,Community,70
INC02798,Nayapalli,20.297234,85.804819,Assault on Woman,5,Morning,Weekday,Good,Medium,1402,Community,72
INC02799,Pokhariput,20.257547,85.803689,Stalking,4,Night,Weekend,Moderate,High,621,Community,82
INC02800,Nayapalli,20.298449,85.805127,Stalking,4,Night,Weekday,Poor,High,1285,Police,97
INC02801,Baramunda,20.269493,85.806826,Harassment,3,Evening,Weekend,Poor,Medium,1295,Community,72
INC02802,Master Canteen,20.268346,85.842721,Harassment,3,Night,Weekend,Moderate,High,670,Community,69
INC02803,CRP Square,20.313243,85.82327,Snatching,3,Evening,Weekend,Good,Medium,680,Community,53
INC02804,Pokhariput,20.256137,85.801174,Stalking,4,Night,Weekend,Moderate,High,1487,Community,85
INC02805,Acharya Vihar,20.297191,85.834475,Stalking,4,Evening,Weekday,Moderate,High,274,Community,73
INC02806,Rasulgarh,20.287474,85.868704,Assault on Woman,5,Night,Weekday,Moderate,High,869,Community,98
INC02807,Old Town,20.238747,85.832923,Stalking,4,Night,Weekend,Poor,High,1207,Community,91
INC02808,Saheed Nagar,20.295481,85.843049,Harassment,3,Evening,Weekend,Moderate,High,1443,Community,60
INC02809,Infocity,20.346556,85.815195,Eve-teasing,2,Evening,Weekend,Moderate,Medium,1290,Community,47
INC02810,CRP Square,20.31406,85.82242,Stalking,4,Night,Weekend,Good,Medium,1428,Community,80
INC02811,Jaydev Vihar,20.301789,85.819659,Assault on Woman,5,Evening,Weekday,Moderate,Low,686,Police,96
INC02812,Vani Vihar,20.294963,85.840878,Stalking,4,Night,Weekday,Poor,Medium,226,Police,100
INC02813,Infocity,20.34288,85.818242,Stalking,4,Evening,Weekend,Poor,High,866,Community,87
INC02814,Jaydev Vihar,20.299227,85.821737,Harassment,3,Night,Weekday,Moderate,Medium,1375,Police,72
INC02815,Patia,20.356748,85.817349,Assault on Woman,5,Night,Weekday,Good,Low,1499,Police,87
INC02816,Acharya Vihar,20.298707,85.837948,Snatching,3,Morning,Weekday,Poor,Medium,993,Community,70
INC02817,Mancheswar,20.320056,85.865299,Harassment,3,Night,Weekend,Poor,Medium,1451,Community,82
INC02818,Mancheswar,20.323244,85.862694,Assault on Woman,5,Night,Weekday,Moderate,High,379,Police,100
INC02819,Jaydev Vihar,20.30044,85.817518,Stalking,4,Night,Weekday,Good,Low,333,Community,74
INC02820,Khandagiri,20.25876,85.781638,Sexual Harassment,5,Afternoon,Weekend,Moderate,Medium,985,Community,87
INC02821,Pokhariput,20.253114,85.802435,Stalking,4,Night,Weekday,Good,High,153,Police,79
INC02822,Saheed Nagar,20.299764,85.838437,Assault on Woman,5,Afternoon,Weekday,Poor,Medium,433,Community,99
INC02823,Pokhariput,20.25517,85.801421,Assault on Woman,5,Evening,Weekday,Moderate,Low,423,Community,97
INC02824,Mancheswar,20.319217,85.861924,Suspicious Activity,2,Night,Weekday,Good,Medium,1250,Police,43
INC02825,Master Canteen,20.267401,85.840586,Eve-teasing,2,Night,Weekend,Moderate,High,715,Police,51
INC02826,Infocity,20.344931,85.817145,Harassment,3,Night,Weekend,Good,High,1136,Police,62
INC02827,KIIT Square,20.355201,85.815672,Stalking,4,Night,Weekend,Poor,High,609,Community,94
INC02828,Kalpana Square,20.259959,85.841537,Harassment,3,Evening,Weekend,Poor,Medium,1115,Community,70
INC02829,Master Canteen,20.266451,85.840264,Harassment,3,Night,Weekday,Good,High,501,Community,65
INC02830,Infocity,20.346117,85.817466,Snatching,3,Night,Weekday,Moderate,Low,1000,Police,65
INC02831,Mancheswar,20.324158,85.862235,Assault on Woman,5,Evening,Weekend,Poor,High,807,Community,100
INC02832,Vani Vihar,20.299807,85.841383,Suspicious Activity,2,Evening,Weekday,Poor,High,607,Community,60
INC02833,Patia,20.356553,85.81841,Stalking,4,Night,Weekend,Poor,Medium,234,Community,90
INC02834,Saheed Nagar,20.295097,85.839493,Harassment,3,Morning,Weekend,Poor,Medium,1194,Police,64
INC02835,Pokhariput,20.255312,85.804738,Snatching,3,Night,Weekday,Good,Medium,110,Police,62
INC02836,Jaydev Vihar,20.303336,85.82248,Assault on Woman,5,Night,Weekend,Good,Medium,791,Police,90
INC02837,Chandrasekharpur,20.333616,85.823365,Harassment,3,Night,Weekday,Poor,Low,736,Community,77
INC02838,Kalpana Square,20.260365,85.841237,Stalking,4,Night,Weekday,Good,Low,1400,Community,73
INC02839,KIIT Square,20.351412,85.816532,Harassment,3,Evening,Weekend,Moderate,Medium,660,Community,65
INC02840,Chandrasekharpur,20.331947,85.81853,Stalking,4,Morning,Weekend,Good,Medium,806,Police,64
INC02841,CRP Square,20.312731,85.82115,Stalking,4,Evening,Weekend,Moderate,High,651,Community,74
INC02842,Master Canteen,20.266676,85.83987,Harassment,3,Afternoon,Weekday,Moderate,High,948,Community,51
INC02843,Baramunda,20.267186,85.802189,Stalking,4,Evening,Weekend,Good,Medium,918,Police,63
INC02844,Nayapalli,20.296784,85.804275,Stalking,4,Evening,Weekend,Good,Low,1125,Police,69
INC02845,Rasulgarh,20.287837,85.869602,Stalking,4,Morning,Weekend,Good,Low,658,Community,60
INC02846,Nayapalli,20.295125,85.804462,Suspicious Activity,2,Evening,Weekday,Good,Low,276,Community,39
INC02847,Jaydev Vihar,20.298899,85.818323,Stalking,4,Evening,Weekend,Poor,Medium,646,Community,84
INC02848,Saheed Nagar,20.296982,85.84141,Stalking,4,Night,Weekend,Poor,Low,765,Police,100
INC02849,Patia,20.355613,85.818052,Eve-teasing,2,Night,Weekday,Moderate,High,1498,Police,55
INC02850,Pokhariput,20.253134,85.805821,Harassment,3,Night,Weekend,Poor,Low,139,Community,83
INC02851,Pokhariput,20.25723,85.806767,Harassment,3,Night,Weekend,Good,Medium,453,Police,64
INC02852,Mancheswar,20.323259,85.862829,Stalking,4,Afternoon,Weekend,Poor,High,1355,Police,81
INC02853,Baramunda,20.267507,85.805451,Harassment,3,Night,Weekend,Poor,Medium,824,Police,77
INC02854,Nayapalli,20.293047,85.802072,Harassment,3,Evening,Weekday,Poor,Low,236,Community,75
INC02855,Khandagiri,20.25798,85.783499,Stalking,4,Night,Weekday,Moderate,High,741,Community,86
INC02856,Pokhariput,20.252974,85.802671,Harassment,3,Night,Weekday,Moderate,Low,1499,Police,65
INC02857,Master Canteen,20.269337,85.843676,Harassment,3,Afternoon,Weekday,Poor,High,1443,Community,66
INC02858,Rasulgarh,20.288924,85.873994,Harassment,3,Night,Weekday,Moderate,Medium,284,Community,69
INC02859,Rasulgarh,20.289404,85.868899,Stalking,4,Night,Weekend,Poor,Medium,1410,Community,92
INC02860,Old Town,20.238951,85.834443,Suspicious Activity,2,Evening,Weekend,Poor,High,383,Community,58
INC02861,Khandagiri,20.260204,85.781634,Assault on Woman,5,Night,Weekday,Moderate,Medium,232,Police,100
INC02862,Dumduma,20.262666,85.796594,Sexual Harassment,5,Night,Weekday,Moderate,Medium,337,Police,96
INC02863,Baramunda,20.268547,85.803291,Kidnapping Attempt,5,Evening,Weekend,Poor,Low,1133,Community,100
INC02864,Old Town,20.236035,85.835605,Sexual Harassment,5,Night,Weekend,Moderate,Low,1473,Community,100
INC02865,Acharya Vihar,20.303,85.836015,Harassment,3,Night,Weekend,Moderate,Low,1114,Community,65
INC02866,Pokhariput,20.252726,85.801882,Assault on Woman,5,Afternoon,Weekday,Moderate,High,277,Police,88
INC02867,Pokhariput,20.25653,85.803437,Eve-teasing,2,Evening,Weekday,Moderate,Medium,1463,Community,43
INC02868,Pokhariput,20.257463,85.806062,Stalking,4,Evening,Weekend,Good,Medium,839,Community,69
INC02869,Lingaraj,20.244012,85.831802,Sexual Harassment,5,Afternoon,Weekday,Poor,Low,486,Community,97
INC02870,Mancheswar,20.319127,85.86128,Suspicious Activity,2,Afternoon,Weekend,Moderate,High,1393,Community,41
INC02871,Mancheswar,20.31922,85.865803,Harassment,3,Night,Weekend,Poor,Medium,1154,Community,83
INC02872,Vani Vihar,20.298171,85.841611,Harassment,3,Night,Weekday,Moderate,Low,460,Community,70
INC02873,CRP Square,20.316039,85.820614,Sexual Harassment,5,Evening,Weekend,Moderate,High,1064,Community,98
INC02874,Infocity,20.344059,85.816013,Sexual Harassment,5,Evening,Weekday,Moderate,Medium,1282,Community,88
INC02875,Baramunda,20.267794,85.801895,Stalking,4,Afternoon,Weekend,Poor,Medium,562,Community,77
INC02876,Khandagiri,20.260218,85.781027,Stalking,4,Evening,Weekend,Good,Medium,167,Police,70
INC02877,KIIT Square,20.351363,85.815519,Snatching,3,Evening,Weekend,Good,High,1052,Community,55
INC02878,Chandrasekharpur,20.333249,85.819201,Harassment,3,Night,Weekday,Moderate,Low,226,Police,70
INC02879,Lingaraj,20.244602,85.834603,Snatching,3,Afternoon,Weekday,Good,Medium,544,Police,42
INC02880,Pokhariput,20.256183,85.801956,Kidnapping Attempt,5,Night,Weekday,Moderate,Medium,548,Community,97
INC02881,Nayapalli,20.294247,85.802212,Sexual Harassment,5,Night,Weekend,Poor,Low,208,Community,100
INC02882,Jaydev Vihar,20.299506,85.822377,Snatching,3,Afternoon,Weekday,Moderate,High,491,Community,53
INC02883,Pokhariput,20.255088,85.8042,Suspicious Activity,2,Evening,Weekday,Moderate,Low,361,Community,50
INC02884,Khandagiri,20.257139,85.782355,Stalking,4,Night,Weekend,Moderate,Medium,1487,Community,86
INC02885,Pokhariput,20.257863,85.804767,Harassment,3,Afternoon,Weekday,Poor,Medium,719,Police,62
INC02886,Old Town,20.23918,85.835749,Stalking,4,Evening,Weekend,Poor,Medium,161,Community,85
INC02887,Saheed Nagar,20.299745,85.841815,Assault on Woman,5,Evening,Weekday,Moderate,High,371,Community,96
INC02888,Mancheswar,20.322619,85.864682,Harassment,3,Evening,Weekday,Poor,Medium,1160,Police,78
INC02889,Infocity,20.341137,85.81399,Snatching,3,Evening,Weekend,Moderate,Medium,1480,Community,63
INC02890,Infocity,20.345365,85.813767,Snatching,3,Morning,Weekday,Moderate,Low,1429,Community,60
INC02891,Lingaraj,20.241339,85.832786,Assault on Woman,5,Evening,Weekend,Good,High,1263,Community,86
INC02892,Rasulgarh,20.290801,85.872345,Harassment,3,Morning,Weekend,Poor,High,785,Community,62
INC02893,Lingaraj,20.240619,85.833115,Harassment,3,Night,Weekend,Good,Medium,704,Community,65
INC02894,Rasulgarh,20.288843,85.870021,Assault on Woman,5,Evening,Weekend,Good,Medium,812,Community,82
INC02895,Old Town,20.238975,85.833208,Stalking,4,Morning,Weekday,Good,Medium,164,Community,56
INC02896,Jaydev Vihar,20.303669,85.82264,Snatching,3,Evening,Weekend,Moderate,Medium,443,Community,64
INC02897,Saheed Nagar,20.298761,85.83922,Snatching,3,Night,Weekday,Good,Medium,648,Community,64
INC02898,Kalpana Square,20.257031,85.840576,Snatching,3,Afternoon,Weekend,Moderate,Medium,1163,Community,50
INC02899,Saheed Nagar,20.298275,85.84068,Eve-teasing,2,Evening,Weekday,Poor,Low,1242,Police,63
INC02900,CRP Square,20.315684,85.822781,Assault on Woman,5,Afternoon,Weekday,Moderate,Medium,219,Police,89
INC02901,Vani Vihar,20.29458,85.841489,Harassment,3,Night,Weekday,Poor,Medium,849,Community,83
INC02902,Patia,20.356607,85.821388,Harassment,3,Night,Weekday,Moderate,Low,714,Community,72
INC02903,Rasulgarh,20.291909,85.873293,Assault on Woman,5,Night,Weekday,Poor,Low,766,Community,100
INC02904,Nayapalli,20.295069,85.807924,Stalking,4,Evening,Weekday,Moderate,Low,720,Police,80
INC02905,Mancheswar,20.323522,85.864015,Assault on Woman,5,Night,Weekend,Good,Low,826,Community,91
INC02906,Vani Vihar,20.294243,85.839946,Harassment,3,Evening,Weekend,Good,High,1268,Community,58
INC02907,Khandagiri,20.25815,85.782639,Stalking,4,Afternoon,Weekend,Good,Low,575,Community,63
INC02908,Vani Vihar,20.29998,85.84012,Stalking,4,Afternoon,Weekday,Moderate,High,581,Community,66
INC02909,Dumduma,20.262257,85.796207,Assault on Woman,5,Evening,Weekday,Good,Medium,713,Community,78
INC02910,CRP Square,20.314648,85.821757,Stalking,4,Night,Weekday,Moderate,Medium,267,Community,82
INC02911,Chandrasekharpur,20.329266,85.822527,Sexual Harassment,5,Night,Weekend,Poor,Medium,741,Police,100
INC02912,Dumduma,20.265211,85.794831,Snatching,3,Night,Weekday,Good,Low,719,Community,63
INC02913,Saheed Nagar,20.294586,85.841463,Harassment,3,Night,Weekday,Poor,High,557,Community,80
INC02914,Patia,20.354132,85.821628,Harassment,3,Afternoon,Weekend,Moderate,High,163,Community,54
INC02915,Master Canteen,20.269252,85.843467,Harassment,3,Evening,Weekday,Moderate,Low,285,Community,67
INC02916,Saheed Nagar,20.297553,85.842544,Kidnapping Attempt,5,Morning,Weekday,Moderate,High,294,Community,89
INC02917,Mancheswar,20.321628,85.86401,Stalking,4,Night,Weekday,Moderate,Medium,1198,Community,84
INC02918,Vani Vihar,20.298243,85.843507,Suspicious Activity,2,Night,Weekend,Poor,Low,848,Community,61
INC02919,Infocity,20.344546,85.814245,Harassment,3,Afternoon,Weekday,Poor,High,822,Community,62
INC02920,Mancheswar,20.324158,85.86585,Suspicious Activity,2,Morning,Weekday,Good,Low,536,Community,35
INC02921,CRP Square,20.315133,85.821093,Stalking,4,Afternoon,Weekday,Moderate,Medium,895,Community,66
INC02922,Kalpana Square,20.261444,85.844325,Sexual Harassment,5,Evening,Weekday,Poor,Low,1312,Police,100
INC02923,Kalpana Square,20.261043,85.841008,Stalking,4,Afternoon,Weekday,Moderate,Low,229,Community,66
INC02924,Rasulgarh,20.290987,85.871652,Suspicious Activity,2,Afternoon,Weekend,Good,Medium,1295,Police,33
INC02925,Mancheswar,20.319814,85.863575,Snatching,3,Afternoon,Weekday,Good,High,1457,Community,46
INC02926,Patia,20.356323,85.8203,Suspicious Activity,2,Evening,Weekday,Moderate,Medium,690,Community,48
INC02927,Infocity,20.345527,85.818055,Harassment,3,Night,Weekday,Good,High,661,Police,63
INC02928,Khandagiri,20.259277,85.781242,Harassment,3,Morning,Weekend,Moderate,High,1351,Community,51
INC02929,KIIT Square,20.353311,85.816417,Sexual Harassment,5,Evening,Weekday,Moderate,High,821,Community,94
INC02930,Mancheswar,20.324098,85.862995,Snatching,3,Night,Weekend,Moderate,Medium,369,Community,72
INC02931,Nayapalli,20.296565,85.803323,Stalking,4,Evening,Weekend,Moderate,Low,1270,Community,80
INC02932,Jaydev Vihar,20.299645,85.81883,Assault on Woman,5,Night,Weekend,Poor,High,835,Community,100
INC02933,Kalpana Square,20.262088,85.844047,Harassment,3,Evening,Weekend,Good,Medium,899,Community,57
INC02934,Saheed Nagar,20.296144,85.84334,Harassment,3,Afternoon,Weekend,Good,Low,920,Community,44
INC02935,Dumduma,20.26644,85.791809,Stalking,4,Night,Weekday,Poor,High,1013,Police,91
INC02936,Lingaraj,20.244612,85.834241,Stalking,4,Evening,Weekend,Poor,Medium,1169,Community,89
INC02937,CRP Square,20.31275,85.821217,Snatching,3,Afternoon,Weekday,Moderate,Medium,1500,Community,52
INC02938,Old Town,20.237983,85.831793,Sexual Harassment,5,Morning,Weekend,Poor,Medium,660,Community,93
INC02939,Jaydev Vihar,20.302457,85.821987,Stalking,4,Morning,Weekday,Moderate,Low,1368,Community,71
INC02940,Master Canteen,20.268172,85.843095,Harassment,3,Evening,Weekday,Good,Medium,566,Community,49
INC02941,Chandrasekharpur,20.331229,85.820482,Assault on Woman,5,Evening,Weekday,Poor,Medium,690,Community,100
INC02942,Jaydev Vihar,20.302267,85.81704,Snatching,3,Morning,Weekday,Good,Low,654,Police,43
INC02943,Khandagiri,20.258344,85.779251,Kidnapping Attempt,5,Night,Weekday,Poor,Medium,1094,Community,100
INC02944,Master Canteen,20.26889,85.842572,Suspicious Activity,2,Afternoon,Weekend,Poor,High,404,Community,46
INC02945,Dumduma,20.261556,85.793953,Harassment,3,Night,Weekday,Poor,Low,1158,Community,76
INC02946,KIIT Square,20.353401,85.815904,Sexual Harassment,5,Evening,Weekend,Poor,Medium,1048,Community,100
INC02947,Saheed Nagar,20.29597,85.841041,Snatching,3,Night,Weekday,Poor,Low,361,Community,79
INC02948,Saheed Nagar,20.299753,85.843144,Snatching,3,Afternoon,Weekend,Moderate,Low,362,Community,53
INC02949,Chandrasekharpur,20.331796,85.821158,Harassment,3,Evening,Weekend,Good,High,194,Police,52
INC02950,Old Town,20.239417,85.83212,Harassment,3,Night,Weekend,Good,Low,1003,Community,61
INC02951,Lingaraj,20.243194,85.834242,Snatching,3,Night,Weekday,Good,Low,1125,Community,65
INC02952,KIIT Square,20.35188,85.815434,Assault on Woman,5,Night,Weekday,Good,Low,1237,Community,88
INC02953,Old Town,20.239256,85.833377,Sexual Harassment,5,Morning,Weekend,Poor,Medium,705,Police,91
INC02954,Khandagiri,20.258313,85.779531,Harassment,3,Night,Weekend,Good,Low,828,Community,64
INC02955,Baramunda,20.269768,85.802627,Stalking,4,Afternoon,Weekend,Good,Low,1080,Community,56
INC02956,Rasulgarh,20.288758,85.86966,Harassment,3,Evening,Weekday,Moderate,Medium,1360,Community,59
INC02957,KIIT Square,20.354751,85.816815,Snatching,3,Afternoon,Weekend,Moderate,Medium,1211,Police,58
INC02958,Infocity,20.344141,85.813554,Snatching,3,Night,Weekday,Moderate,High,367,Community,74
INC02959,CRP Square,20.313304,85.821623,Assault on Woman,5,Night,Weekday,Moderate,Medium,690,Community,95
INC02960,Saheed Nagar,20.294804,85.839575,Harassment,3,Evening,Weekday,Good,High,999,Community,55
INC02961,Chandrasekharpur,20.333391,85.82327,Eve-teasing,2,Night,Weekend,Moderate,Low,1237,Community,57
INC02962,CRP Square,20.314754,85.820327,Harassment,3,Evening,Weekend,Poor,Low,823,Community,68
INC02963,Lingaraj,20.240835,85.836129,Eve-teasing,2,Evening,Weekday,Good,Low,470,Police,43
INC02964,Chandrasekharpur,20.334568,85.823152,Assault on Woman,5,Evening,Weekend,Poor,Medium,1084,Community,100
INC02965,Jaydev Vihar,20.30225,85.818293,Stalking,4,Afternoon,Weekday,Poor,Low,837,Community,81
INC02966,KIIT Square,20.352405,85.8208,Kidnapping Attempt,5,Morning,Weekend,Good,Medium,574,Community,73
INC02967,Khandagiri,20.25654,85.783668,Harassment,3,Afternoon,Weekend,Poor,Medium,330,Police,70
INC02968,Kalpana Square,20.257924,85.841568,Stalking,4,Afternoon,Weekend,Poor,Low,1057,Community,76
INC02969,Patia,20.356362,85.822128,Stalking,4,Night,Weekend,Good,Low,294,Community,76
INC02970,Mancheswar,20.321169,85.866909,Stalking,4,Evening,Weekday,Moderate,Medium,628,Community,82
INC02971,CRP Square,20.313184,85.819626,Assault on Woman,5,Night,Weekday,Moderate,Low,906,Community,100
INC02972,CRP Square,20.314566,85.821954,Stalking,4,Evening,Weekend,Moderate,Medium,1244,Community,76
INC02973,Infocity,20.346991,85.813438,Stalking,4,Evening,Weekend,Poor,Low,148,Police,93
INC02974,Acharya Vihar,20.299948,85.832782,Stalking,4,Afternoon,Weekend,Moderate,Medium,1103,Police,66
INC02975,Patia,20.35255,85.817844,Harassment,3,Afternoon,Weekend,Moderate,Low,730,Community,53
INC02976,Khandagiri,20.255438,85.779248,Stalking,4,Night,Weekend,Moderate,High,1174,Police,81
INC02977,Khandagiri,20.258724,85.778911,Sexual Harassment,5,Night,Weekend,Poor,Medium,1268,Police,100
INC02978,Rasulgarh,20.292833,85.870289,Assault on Woman,5,Evening,Weekday,Moderate,Medium,573,Community,90
INC02979,Mancheswar,20.319709,85.865806,Snatching,3,Night,Weekend,Moderate,Medium,558,Community,65
INC02980,Dumduma,20.264406,85.793633,Sexual Harassment,5,Afternoon,Weekend,Good,Medium,1060,Community,80
INC02981,Old Town,20.237664,85.832173,Kidnapping Attempt,5,Night,Weekday,Moderate,High,336,Community,99
INC02982,Master Canteen,20.267234,85.84285,Snatching,3,Night,Weekend,Poor,High,1300,Community,80
INC02983,Dumduma,20.264216,85.794845,Assault on Woman,5,Evening,Weekend,Poor,High,1172,Community,100
INC02984,Saheed Nagar,20.296806,85.844118,Kidnapping Attempt,5,Evening,Weekday,Poor,Low,1310,Community,100
INC02985,Kalpana Square,20.262302,85.840306,Harassment,3,Evening,Weekend,Good,Medium,1109,Community,53
INC02986,Khandagiri,20.257609,85.782735,Snatching,3,Evening,Weekday,Moderate,Low,1396,Community,65
INC02987,Old Town,20.23877,85.83543,Stalking,4,Afternoon,Weekday,Moderate,High,754,Community,75
INC02988,Khandagiri,20.256687,85.781456,Harassment,3,Afternoon,Weekend,Moderate,Medium,658,Community,58
INC02989,Nayapalli,20.29685,85.803552,Suspicious Activity,2,Night,Weekend,Good,Low,815,Community,40
INC02990,Dumduma,20.262377,85.792295,Harassment,3,Night,Weekday,Moderate,Medium,486,Community,74
INC02991,Rasulgarh,20.289579,85.873856,Stalking,4,Evening,Weekday,Poor,High,159,Community,90
INC02992,KIIT Square,20.355253,85.815524,Eve-teasing,2,Morning,Weekday,Poor,High,627,Police,50
INC02993,KIIT Square,20.355277,85.817446,Sexual Harassment,5,Evening,Weekend,Poor,Medium,1290,Community,100
INC02994,Lingaraj,20.243886,85.832599,Stalking,4,Night,Weekday,Poor,Low,984,Police,93
INC02995,Jaydev Vihar,20.299179,85.821703,Kidnapping Attempt,5,Evening,Weekend,Good,Medium,400,Police,87
INC02996,Infocity,20.341533,85.814074,Harassment,3,Evening,Weekend,Good,Low,325,Community,57
INC02997,Chandrasekharpur,20.334861,85.819574,Stalking,4,Night,Weekday,Moderate,Medium,514,Community,83
INC02998,Kalpana Square,20.25851,85.845337,Harassment,3,Evening,Weekend,Poor,High,1068,Community,71
INC02999,Patia,20.357568,85.820512,Kidnapping Attempt,5,Night,Weekend,Poor,Medium,480,Police,100
INC03000,Dumduma,20.263596,85.793823,Stalking,4,Evening,Weekday,Moderate,Low,1209,Community,74
INC03001,Vani Vihar,20.299298,85.841395,Harassment,3,Morning,Weekend,Good,High,484,Community,44
INC03002,Vani Vihar,20.297126,85.840786,Assault on Woman,5,Night,Weekend,Poor,Low,608,Community,100
INC03003,Patia,20.356261,85.821171,Stalking,4,Morning,Weekend,Moderate,Low,1386,Police,71
INC03004,Chandrasekharpur,20.333912,85.819604,Suspicious Activity,2,Evening,Weekend,Poor,Medium,1201,Community,57
INC03005,Dumduma,20.264074,85.792178,Snatching,3,Morning,Weekend,Good,Low,819,Community,46
INC03006,Baramunda,20.267043,85.802746,Snatching,3,Afternoon,Weekday,Good,High,218,Community,43
INC03007,Master Canteen,20.270915,85.839469,Assault on Woman,5,Night,Weekend,Moderate,Low,603,Police,96
INC03008,CRP Square,20.313954,85.822745,Snatching,3,Night,Weekend,Poor,Low,185,Community,85
INC03009,Mancheswar,20.320199,85.862117,Harassment,3,Evening,Weekday,Moderate,Low,992,Community,63
INC03010,Kalpana Square,20.261687,85.840745,Assault on Woman,5,Evening,Weekend,Good,Low,177,Police,87
INC03011,Lingaraj,20.240128,85.834602,Harassment,3,Night,Weekday,Poor,Medium,918,Community,75
INC03012,Patia,20.355956,85.817204,Stalking,4,Evening,Weekday,Poor,Low,468,Community,86
INC03013,Patia,20.357298,85.820268,Harassment,3,Evening,Weekday,Good,Low,768,Community,52
INC03014,Saheed Nagar,20.299484,85.83904,Harassment,3,Morning,Weekend,Poor,Low,1159,Community,60
INC03015,Dumduma,20.265691,85.791195,Suspicious Activity,2,Afternoon,Weekend,Poor,Low,809,Community,49
INC03016,Saheed Nagar,20.295953,85.842739,Kidnapping Attempt,5,Evening,Weekend,Moderate,High,1176,Police,90
INC03017,Nayapalli,20.294965,85.805158,Assault on Woman,5,Afternoon,Weekday,Poor,Medium,1095,Community,100
INC03018,Dumduma,20.26362,85.792647,Suspicious Activity,2,Afternoon,Weekend,Moderate,Low,1133,Community,40
INC03019,Master Canteen,20.270644,85.842701,Snatching,3,Night,Weekday,Good,Low,1311,Community,55
INC03020,Mancheswar,20.32336,85.865983,Stalking,4,Evening,Weekend,Moderate,Low,1028,Community,83
INC03021,Patia,20.356673,85.819575,Sexual Harassment,5,Afternoon,Weekday,Poor,Low,766,Police,98
INC03022,Khandagiri,20.258771,85.779046,Harassment,3,Night,Weekend,Good,Low,945,Community,60
INC03023,Old Town,20.2398,85.836605,Assault on Woman,5,Evening,Weekday,Moderate,Medium,226,Community,90
INC03024,Master Canteen,20.267978,85.840682,Stalking,4,Night,Weekend,Moderate,Low,656,Community,82
INC03025,Baramunda,20.267705,85.802301,Suspicious Activity,2,Evening,Weekday,Poor,Low,608,Community,60
INC03026,Patia,20.356364,85.821745,Stalking,4,Night,Weekend,Moderate,High,735,Community,86
INC03027,Khandagiri,20.259573,85.779433,Kidnapping Attempt,5,Evening,Weekday,Good,Medium,963,Community,85
INC03028,Jaydev Vihar,20.301517,85.819061,Stalking,4,Morning,Weekend,Good,Medium,1014,Community,55
INC03029,Baramunda,20.267929,85.805655,Harassment,3,Afternoon,Weekend,Good,Medium,838,Community,41
INC03030,Old Town,20.239161,85.832212,Kidnapping Attempt,5,Afternoon,Weekend,Poor,Medium,201,Community,94
INC03031,Nayapalli,20.297742,85.804119,Assault on Woman,5,Evening,Weekend,Moderate,Low,991,Police,89
INC03032,Pokhariput,20.255981,85.802221,Eve-teasing,2,Night,Weekend,Poor,Medium,949,Community,60
INC03033,Patia,20.356921,85.819983,Stalking,4,Morning,Weekday,Moderate,Low,701,Community,72
INC03034,Old Town,20.239083,85.834355,Kidnapping Attempt,5,Night,Weekend,Good,Low,1035,Community,88
INC03035,Pokhariput,20.252277,85.806629,Stalking,4,Night,Weekend,Good,High,1492,Community,78
INC03036,Patia,20.3523,85.818731,Eve-teasing,2,Night,Weekday,Good,High,321,Community,43
INC03037,KIIT Square,20.35171,85.815198,Harassment,3,Night,Weekday,Poor,Low,544,Police,81
INC03038,CRP Square,20.31311,85.819015,Assault on Woman,5,Night,Weekday,Good,Medium,1016,Community,95
INC03039,Pokhariput,20.253268,85.802783,Assault on Woman,5,Night,Weekend,Moderate,High,944,Police,100
INC03040,Rasulgarh,20.288938,85.87306,Snatching,3,Afternoon,Weekend,Good,High,1149,Community,42
INC03041,Acharya Vihar,20.299429,85.833753,Snatching,3,Afternoon,Weekend,Poor,Medium,662,Police,64
INC03042,Pokhariput,20.256105,85.801999,Harassment,3,Evening,Weekend,Poor,Medium,1005,Community,78
INC03043,Dumduma,20.265158,85.793846,Harassment,3,Night,Weekend,Moderate,Medium,445,Community,73
INC03044,Infocity,20.346699,85.815304,Stalking,4,Evening,Weekend,Poor,Medium,785,Community,88
INC03045,Kalpana Square,20.260922,85.841176,Stalking,4,Afternoon,Weekend,Poor,Medium,1294,Police,83
INC03046,Khandagiri,20.258035,85.781143,Sexual Harassment,5,Night,Weekday,Poor,High,349,Community,100
INC03047,Jaydev Vihar,20.302744,85.818458,Assault on Woman,5,Night,Weekend,Moderate,Low,379,Community,100
INC03048,Jaydev Vihar,20.298315,85.819806,Harassment,3,Afternoon,Weekday,Poor,Low,209,Police,70
INC03049,Saheed Nagar,20.296752,85.840005,Assault on Woman,5,Night,Weekend,Moderate,Medium,1126,Community,99
INC03050,Nayapalli,20.297119,85.80748,Assault on Woman,5,Evening,Weekend,Poor,Medium,1434,Police,100
INC03051,Dumduma,20.265062,85.791325,Stalking,4,Evening,Weekend,Good,Low,910,Community,70
INC03052,Khandagiri,20.260144,85.780384,Assault on Woman,5,Night,Weekend,Poor,High,174,Community,100
INC03053,Kalpana Square,20.262297,85.844798,Stalking,4,Afternoon,Weekend,Good,High,1144,Community,59
INC03054,Chandrasekharpur,20.329824,85.819497,Suspicious Activity,2,Morning,Weekday,Moderate,Medium,1180,Community,45
INC03055,Nayapalli,20.296764,85.803413,Stalking,4,Evening,Weekday,Poor,Medium,1212,Community,87
INC03056,Acharya Vihar,20.301257,85.835004,Suspicious Activity,2,Night,Weekday,Poor,Medium,519,Community,67
INC03057,Khandagiri,20.255727,85.779375,Harassment,3,Evening,Weekend,Poor,Low,1135,Community,69
INC03058,KIIT Square,20.350907,85.818619,Harassment,3,Evening,Weekend,Moderate,Low,1440,Police,62
INC03059,Old Town,20.235126,85.836083,Assault on Woman,5,Evening,Weekend,Poor,Medium,1370,Community,99
INC03060,Saheed Nagar,20.299681,85.84313,Stalking,4,Morning,Weekday,Poor,High,1091,Community,80
INC03061,Rasulgarh,20.287761,85.871572,Harassment,3,Afternoon,Weekend,Poor,High,922,Community,67
INC03062,Nayapalli,20.294207,85.804759,Sexual Harassment,5,Afternoon,Weekday,Moderate,Low,417,Community,83
INC03063,Vani Vihar,20.295692,85.843799,Harassment,3,Afternoon,Weekend,Moderate,Medium,188,Community,53
INC03064,Infocity,20.346808,85.815039,Kidnapping Attempt,5,Morning,Weekend,Poor,High,767,Community,92
INC03065,Master Canteen,20.271365,85.842047,Kidnapping Attempt,5,Evening,Weekday,Poor,Low,394,Community,100
INC03066,Patia,20.357861,85.821921,Harassment,3,Night,Weekday,Poor,Low,1226,Community,81
INC03067,Nayapalli,20.293456,85.802426,Stalking,4,Afternoon,Weekday,Poor,High,884,Community,84
INC03068,Acharya Vihar,20.29919,85.836774,Eve-teasing,2,Evening,Weekend,Good,Medium,573,Community,38
INC03069,Dumduma,20.264497,85.792918,Harassment,3,Morning,Weekend,Poor,Medium,214,Police,69
INC03070,Saheed Nagar,20.29445,85.841368,Harassment,3,Morning,Weekend,Good,Medium,642,Community,48
INC03071,Nayapalli,20.296441,85.802856,Snatching,3,Morning,Weekday,Good,Low,232,Community,44
INC03072,Nayapalli,20.296641,85.803142,Harassment,3,Evening,Weekday,Moderate,High,953,Community,61
INC03073,Nayapalli,20.297633,85.806199,Stalking,4,Afternoon,Weekday,Poor,High,1283,Police,79
INC03074,Lingaraj,20.241581,85.833705,Sexual Harassment,5,Evening,Weekend,Moderate,High,1047,Community,92
INC03075,KIIT Square,20.351104,85.819223,Harassment,3,Night,Weekend,Good,Low,558,Police,65
INC03076,Infocity,20.346043,85.816234,Stalking,4,Evening,Weekday,Good,Medium,1010,Community,68
INC03077,CRP Square,20.313421,85.823137,Eve-teasing,2,Evening,Weekday,Good,Low,217,Community,38
INC03078,Lingaraj,20.243289,85.832484,Assault on Woman,5,Night,Weekday,Moderate,High,869,Community,100
INC03079,Dumduma,20.2659,85.795336,Assault on Woman,5,Morning,Weekday,Moderate,Low,1389,Community,85
INC03080,Nayapalli,20.298588,85.804212,Assault on Woman,5,Morning,Weekend,Moderate,Low,882,Police,80
INC03081,Lingaraj,20.240074,85.834228,Harassment,3,Evening,Weekday,Moderate,Medium,473,Community,67
INC03082,Kalpana Square,20.257772,85.845594,Harassment,3,Evening,Weekday,Moderate,Low,232,Community,64
INC03083,Chandrasekharpur,20.332638,85.823636,Harassment,3,Afternoon,Weekday,Poor,Medium,239,Community,69
INC03084,Pokhariput,20.254804,85.801294,Harassment,3,Afternoon,Weekend,Good,Medium,1465,Community,40
INC03085,Dumduma,20.26594,85.796107,Stalking,4,Night,Weekday,Good,Medium,1050,Community,76
INC03086,Chandrasekharpur,20.331015,85.821885,Harassment,3,Night,Weekend,Moderate,Medium,988,Community,72
INC03087,Saheed Nagar,20.299571,85.840372,Assault on Woman,5,Night,Weekday,Moderate,High,1314,Police,97
INC03088,Old Town,20.240409,85.831721,Suspicious Activity,2,Afternoon,Weekend,Moderate,Low,1265,Police,45
INC03089,Baramunda,20.271695,85.804659,Snatching,3,Evening,Weekend,Good,Medium,969,Community,52
INC03090,CRP Square,20.315248,85.822306,Harassment,3,Night,Weekend,Moderate,Medium,1143,Community,69
INC03091,Master Canteen,20.268243,85.843909,Assault on Woman,5,Night,Weekday,Poor,Low,1440,Community,100
INC03092,Old Town,20.238472,85.833818,Stalking,4,Afternoon,Weekend,Moderate,Low,264,Community,65
INC03093,Khandagiri,20.257968,85.779692,Stalking,4,Night,Weekday,Good,High,960,Police,79
INC03094,Saheed Nagar,20.297869,85.839477,Stalking,4,Morning,Weekend,Poor,Medium,543,Community,85
INC03095,Dumduma,20.265787,85.795342,Harassment,3,Evening,Weekday,Good,Medium,778,Community,50
INC03096,Jaydev Vihar,20.299661,85.820293,Assault on Woman,5,Evening,Weekday,Moderate,High,481,Community,94
INC03097,Baramunda,20.267733,85.802385,Snatching,3,Night,Weekend,Poor,High,552,Community,85
INC03098,Dumduma,20.266434,85.791048,Stalking,4,Afternoon,Weekday,Poor,Medium,999,Community,85
INC03099,Nayapalli,20.295894,85.805961,Stalking,4,Night,Weekday,Poor,Medium,1039,Community,91
INC03100,Baramunda,20.270844,85.802238,Harassment,3,Afternoon,Weekday,Poor,High,776,Community,60
INC03101,Master Canteen,20.269713,85.841093,Harassment,3,Night,Weekend,Good,Medium,864,Community,60
INC03102,Acharya Vihar,20.298539,85.833197,Suspicious Activity,2,Afternoon,Weekend,Moderate,Low,1043,Police,43
INC03103,Nayapalli,20.296436,85.803634,Harassment,3,Night,Weekday,Moderate,Low,644,Police,65
INC03104,Patia,20.357249,85.821177,Harassment,3,Evening,Weekday,Good,High,670,Police,50
INC03105,Patia,20.355247,85.816926,Harassment,3,Evening,Weekday,Moderate,Medium,1374,Community,61
INC03106,Mancheswar,20.32169,85.866719,Harassment,3,Afternoon,Weekend,Moderate,Medium,1398,Community,51
INC03107,CRP Square,20.313132,85.821748,Harassment,3,Evening,Weekday,Moderate,Low,943,Community,68
INC03108,Lingaraj,20.244993,85.833006,Harassment,3,Evening,Weekend,Moderate,High,464,Police,61
INC03109,Khandagiri,20.258238,85.782975,Sexual Harassment,5,Afternoon,Weekend,Good,High,1103,Police,71
INC03110,Rasulgarh,20.288674,85.87031,Snatching,3,Night,Weekend,Poor,Low,797,Police,79
INC03111,KIIT Square,20.350304,85.815304,Snatching,3,Night,Weekend,Poor,Medium,257,Community,84
INC03112,Chandrasekharpur,20.331024,85.818447,Stalking,4,Evening,Weekend,Poor,Low,100,Police,85
INC03113,Chandrasekharpur,20.331396,85.820298,Stalking,4,Morning,Weekend,Moderate,Medium,1460,Police,73
INC03114,Khandagiri,20.25581,85.779982,Harassment,3,Evening,Weekday,Poor,High,1160,Community,77
INC03115,Nayapalli,20.29718,85.807276,Kidnapping Attempt,5,Evening,Weekday,Moderate,Medium,1465,Community,95
INC03116,Mancheswar,20.320975,85.865426,Harassment,3,Evening,Weekday,Good,High,1297,Police,58
INC03117,Baramunda,20.270497,85.804646,Harassment,3,Evening,Weekend,Good,High,272,Community,56
INC03118,Lingaraj,20.243486,85.834483,Kidnapping Attempt,5,Afternoon,Weekday,Good,Medium,111,Police,72
INC03119,Chandrasekharpur,20.33434,85.818913,Stalking,4,Evening,Weekend,Moderate,Medium,729,Community,81
INC03120,Lingaraj,20.241784,85.831445,Stalking,4,Evening,Weekend,Moderate,Low,1328,Community,83
INC03121,Master Canteen,20.267962,85.84164,Suspicious Activity,2,Afternoon,Weekday,Moderate,Low,1409,Community,40
INC03122,Jaydev Vihar,20.301358,85.817153,Snatching,3,Morning,Weekend,Good,Medium,381,Community,45
INC03123,Pokhariput,20.257323,85.802415,Sexual Harassment,5,Afternoon,Weekend,Good,Low,125,Police,72
INC03124,Lingaraj,20.242358,85.836002,Harassment,3,Evening,Weekday,Poor,High,385,Community,72
INC03125,Rasulgarh,20.289946,85.868236,Assault on Woman,5,Evening,Weekend,Moderate,Medium,375,Community,91
INC03126,Kalpana Square,20.26246,85.841814,Snatching,3,Night,Weekday,Poor,Low,1122,Community,77
INC03127,KIIT Square,20.352028,85.819761,Stalking,4,Night,Weekday,Good,High,547,Community,75
INC03128,Patia,20.356986,85.821026,Snatching,3,Night,Weekend,Moderate,Low,680,Police,67
INC03129,Khandagiri,20.256578,85.784112,Harassment,3,Evening,Weekday,Poor,Low,1313,Community,77
INC03130,CRP Square,20.314606,85.823344,Eve-teasing,2,Night,Weekday,Poor,Medium,753,Community,63
INC03131,Pokhariput,20.257567,85.804459,Harassment,3,Night,Weekend,Moderate,Low,1383,Community,72
INC03132,Dumduma,20.266308,85.795426,Harassment,3,Morning,Weekday,Good,Low,821,Police,47
INC03133,Infocity,20.344613,85.816473,Assault on Woman,5,Morning,Weekday,Good,Medium,1284,Community,80
INC03134,Saheed Nagar,20.295675,85.841005,Stalking,4,Morning,Weekend,Good,Medium,1442,Community,62
INC03135,Patia,20.355409,85.821146,Snatching,3,Afternoon,Weekday,Good,Medium,1353,Police,46
INC03136,Old Town,20.238027,85.835226,Stalking,4,Evening,Weekend,Poor,High,123,Police,92
INC03137,Infocity,20.345939,85.816315,Assault on Woman,5,Night,Weekday,Good,High,859,Community,90
INC03138,Saheed Nagar,20.298747,85.842448,Sexual Harassment,5,Night,Weekend,Moderate,Medium,297,Community,98
INC03139,Chandrasekharpur,20.333224,85.8235,Kidnapping Attempt,5,Morning,Weekday,Moderate,Medium,319,Community,86
INC03140,Lingaraj,20.244405,85.831059,Sexual Harassment,5,Night,Weekday,Poor,High,1106,Community,100
INC03141,Rasulgarh,20.289819,85.872212,Harassment,3,Night,Weekday,Poor,Medium,180,Police,78
INC03142,Saheed Nagar,20.29707,85.83904,Assault on Woman,5,Morning,Weekday,Good,Low,1177,Police,80
INC03143,Old Town,20.236843,85.833659,Kidnapping Attempt,5,Night,Weekend,Poor,Low,345,Community,100
INC03144,Nayapalli,20.295539,85.806545,Kidnapping Attempt,5,Evening,Weekday,Poor,High,726,Community,100
INC03145,Chandrasekharpur,20.334978,85.821023,Suspicious Activity,2,Afternoon,Weekend,Good,Low,784,Police,34
INC03146,Patia,20.356984,85.819695,Harassment,3,Evening,Weekday,Good,Low,709,Community,53
INC03147,KIIT Square,20.350774,85.818005,Kidnapping Attempt,5,Evening,Weekend,Poor,High,278,Community,100
INC03148,Kalpana Square,20.260806,85.842823,Harassment,3,Evening,Weekend,Poor,High,231,Community,77
INC03149,Patia,20.35287,85.816624,Harassment,3,Afternoon,Weekend,Moderate,Medium,536,Police,54
INC03150,Jaydev Vihar,20.300468,85.817398,Harassment,3,Morning,Weekend,Good,Low,103,Community,50
INC03151,Chandrasekharpur,20.330406,85.820198,Harassment,3,Night,Weekday,Moderate,Medium,196,Police,67
INC03152,Rasulgarh,20.289444,85.87253,Assault on Woman,5,Night,Weekend,Moderate,Medium,1101,Community,96
INC03153,Pokhariput,20.256939,85.803947,Kidnapping Attempt,5,Evening,Weekend,Moderate,Medium,230,Community,95
INC03154,Infocity,20.342278,85.816222,Harassment,3,Evening,Weekday,Moderate,Medium,1417,Community,60
INC03155,Khandagiri,20.255849,85.780449,Assault on Woman,5,Afternoon,Weekday,Good,Medium,1126,Community,78
INC03156,Master Canteen,20.26734,85.838681,Sexual Harassment,5,Evening,Weekday,Poor,Medium,1285,Community,100
INC03157,Rasulgarh,20.292072,85.870087,Assault on Woman,5,Evening,Weekend,Moderate,Medium,494,Police,89
INC03158,Rasulgarh,20.291622,85.868198,Snatching,3,Night,Weekday,Poor,Medium,582,Community,82
INC03159,Mancheswar,20.319187,85.863463,Stalking,4,Evening,Weekend,Poor,Low,117,Community,83
INC03160,Infocity,20.342183,85.816354,Sexual Harassment,5,Afternoon,Weekend,Good,Low,835,Community,75
INC03161,Rasulgarh,20.288902,85.873622,Snatching,3,Night,Weekend,Moderate,Low,1157,Police,75
INC03162,Master Canteen,20.271806,85.843247,Stalking,4,Evening,Weekday,Poor,Low,437,Community,85
INC03163,KIIT Square,20.352733,85.815839,Snatching,3,Night,Weekday,Poor,High,1366,Community,76
INC03164,Acharya Vihar,20.297634,85.834662,Harassment,3,Night,Weekend,Moderate,High,672,Community,65
INC03165,Pokhariput,20.254901,85.804131,Stalking,4,Afternoon,Weekend,Good,Low,358,Police,59
INC03166,KIIT Square,20.353378,85.817487,Snatching,3,Morning,Weekday,Poor,Low,1128,Community,60
INC03167,Rasulgarh,20.290079,85.868282,Harassment,3,Afternoon,Weekend,Good,Low,159,Community,42
INC03168,Lingaraj,20.244636,85.834398,Snatching,3,Evening,Weekday,Moderate,Low,1330,Police,68
INC03169,Saheed Nagar,20.294142,85.842989,Assault on Woman,5,Afternoon,Weekday,Poor,Low,1005,Community,98
INC03170,Khandagiri,20.257942,85.780502,Stalking,4,Morning,Weekend,Poor,High,1492,Community,76
INC03171,Baramunda,20.268485,85.805884,Harassment,3,Night,Weekday,Poor,Low,298,Community,76
INC03172,Master Canteen,20.266484,85.842901,Stalking,4,Morning,Weekend,Good,High,1042,Community,57
INC03173,Lingaraj,20.242814,85.83117,Sexual Harassment,5,Night,Weekday,Poor,Medium,530,Community,100
INC03174,Jaydev Vihar,20.298438,85.819019,Harassment,3,Afternoon,Weekend,Good,Medium,155,Community,40
INC03175,Patia,20.353587,85.818912,Stalking,4,Evening,Weekend,Good,High,363,Community,73
INC03176,Khandagiri,20.259688,85.783505,Harassment,3,Evening,Weekend,Poor,High,848,Police,76
INC03177,Jaydev Vihar,20.300547,85.817742,Stalking,4,Evening,Weekend,Poor,Medium,1372,Community,92
INC03178,Khandagiri,20.256979,85.783011,Snatching,3,Evening,Weekday,Poor,Medium,529,Community,73
INC03179,Lingaraj,20.244319,85.834749,Assault on Woman,5,Morning,Weekend,Good,Low,1288,Police,80
INC03180,KIIT Square,20.351149,85.816169,Harassment,3,Evening,Weekend,Moderate,Low,1146,Community,61
INC03181,Acharya Vihar,20.297182,85.832168,Assault on Woman,5,Night,Weekend,Moderate,Low,1463,Community,100
INC03182,Saheed Nagar,20.29853,85.843135,Stalking,4,Night,Weekend,Moderate,High,1069,Community,87
INC03183,Baramunda,20.268641,85.803343,Sexual Harassment,5,Night,Weekend,Good,Medium,678,Police,85
INC03184,Patia,20.355292,85.819566,Stalking,4,Afternoon,Weekday,Good,Medium,1475,Community,60
INC03185,CRP Square,20.313367,85.824316,Stalking,4,Night,Weekday,Moderate,Medium,694,Community,86
INC03186,Mancheswar,20.319728,85.866316,Harassment,3,Afternoon,Weekday,Moderate,Low,618,Police,55
INC03187,Vani Vihar,20.294555,85.841605,Stalking,4,Evening,Weekend,Poor,Low,555,Community,93
INC03188,Master Canteen,20.269382,85.840383,Harassment,3,Afternoon,Weekday,Poor,Low,313,Police,64
INC03189,Chandrasekharpur,20.333643,85.819306,Snatching,3,Evening,Weekend,Moderate,High,1493,Police,67
INC03190,Rasulgarh,20.290885,85.873607,Snatching,3,Afternoon,Weekday,Good,High,1240,Community,42
INC03191,Kalpana Square,20.262107,85.843549,Harassment,3,Afternoon,Weekend,Moderate,High,727,Community,55
INC03192,Master Canteen,20.271255,85.83904,Snatching,3,Night,Weekday,Poor,Medium,689,Community,85
INC03193,Master Canteen,20.269175,85.838796,Snatching,3,Afternoon,Weekend,Poor,Low,430,Community,63
INC03194,Jaydev Vihar,20.298614,85.819452,Stalking,4,Night,Weekend,Poor,Low,666,Police,94
INC03195,Nayapalli,20.293596,85.80298,Snatching,3,Evening,Weekday,Moderate,Low,132,Community,60
INC03196,Pokhariput,20.252972,85.803861,Snatching,3,Evening,Weekday,Poor,Medium,830,Community,76
INC03197,Master Canteen,20.2714,85.840942,Sexual Harassment,5,Night,Weekday,Good,Medium,751,Community,88
INC03198,Master Canteen,20.270725,85.842293,Harassment,3,Evening,Weekday,Good,Medium,1284,Community,53
INC03199,KIIT Square,20.352276,85.817938,Harassment,3,Night,Weekend,Good,High,1386,Community,63
INC03200,Mancheswar,20.321296,85.86574,Snatching,3,Night,Weekday,Good,Medium,839,Police,62
INC03201,Chandrasekharpur,20.331137,85.818026,Eve-teasing,2,Evening,Weekend,Good,Medium,554,Community,42
INC03202,KIIT Square,20.351258,85.816398,Stalking,4,Evening,Weekend,Poor,High,366,Community,86
INC03203,Infocity,20.344103,85.81331,Snatching,3,Night,Weekday,Good,Medium,1471,Police,60
INC03204,Dumduma,20.264265,85.791111,Harassment,3,Evening,Weekday,Moderate,High,1248,Community,65
INC03205,Acharya Vihar,20.297727,85.835506,Kidnapping Attempt,5,Night,Weekend,Good,High,1321,Police,90
INC03206,KIIT Square,20.351258,85.819877,Harassment,3,Night,Weekday,Poor,Low,1156,Police,80
INC03207,Master Canteen,20.270737,85.838177,Stalking,4,Afternoon,Weekday,Good,Low,1176,Community,61
INC03208,Vani Vihar,20.294402,85.841017,Harassment,3,Afternoon,Weekend,Poor,High,552,Police,60
INC03209,Dumduma,20.263539,85.794898,Assault on Woman,5,Evening,Weekend,Poor,Medium,1498,Community,98
INC03210,Mancheswar,20.320822,85.861259,Sexual Harassment,5,Evening,Weekend,Poor,High,608,Community,100
INC03211,Lingaraj,20.241068,85.833575,Harassment,3,Evening,Weekend,Moderate,High,375,Community,61
INC03212,Nayapalli,20.297092,85.806133,Kidnapping Attempt,5,Night,Weekend,Good,Medium,890,Community,88
INC03213,Vani Vihar,20.29915,85.844426,Suspicious Activity,2,Afternoon,Weekend,Poor,Low,873,Community,45
INC03214,Pokhariput,20.255358,85.806262,Suspicious Activity,2,Evening,Weekend,Moderate,Low,837,Community,50
INC03215,Vani Vihar,20.298509,85.839328,Harassment,3,Evening,Weekday,Poor,Medium,409,Police,72
INC03216,Dumduma,20.262417,85.794474,Stalking,4,Evening,Weekend,Poor,High,1068,Community,85
INC03217,Mancheswar,20.324061,85.863587,Harassment,3,Afternoon,Weekday,Poor,Medium,401,Police,64
INC03218,Master Canteen,20.267622,85.838016,Assault on Woman,5,Morning,Weekend,Moderate,High,805,Community,88
INC03219,Old Town,20.238479,85.836915,Stalking,4,Night,Weekday,Poor,High,202,Police,93
INC03220,CRP Square,20.317783,85.823658,Eve-teasing,2,Afternoon,Weekday,Moderate,Low,478,Police,37
INC03221,Patia,20.356783,85.819247,Harassment,3,Evening,Weekend,Moderate,Low,335,Community,60
INC03222,Acharya Vihar,20.29933,85.832118,Stalking,4,Evening,Weekday,Poor,Low,783,Police,91
INC03223,Kalpana Square,20.257277,85.845722,Snatching,3,Morning,Weekend,Poor,High,603,Police,66
INC03224,Saheed Nagar,20.296893,85.840802,Harassment,3,Night,Weekend,Good,Low,1333,Police,62
INC03225,Patia,20.356908,85.819057,Snatching,3,Morning,Weekend,Good,Medium,669,Police,43
INC03226,KIIT Square,20.354704,85.8194,Eve-teasing,2,Morning,Weekday,Poor,Medium,732,Police,49
INC03227,Lingaraj,20.240495,85.835369,Assault on Woman,5,Night,Weekend,Poor,High,1038,Community,100
INC03228,CRP Square,20.3168,85.823995,Snatching,3,Night,Weekday,Good,Medium,1127,Community,56
INC03229,Baramunda,20.271347,85.802846,Sexual Harassment,5,Afternoon,Weekday,Moderate,Medium,578,Community,84
INC03230,Vani Vihar,20.296821,85.84151,Assault on Woman,5,Night,Weekday,Poor,High,1396,Community,100
INC03231,Mancheswar,20.324007,85.864145,Suspicious Activity,2,Night,Weekend,Poor,High,1253,Police,60
INC03232,Chandrasekharpur,20.334819,85.821971,Harassment,3,Morning,Weekend,Poor,Low,629,Police,65
INC03233,Master Canteen,20.268898,85.84018,Kidnapping Attempt,5,Night,Weekend,Good,Low,1051,Community,91
INC03234,Patia,20.354606,85.820035,Harassment,3,Afternoon,Weekend,Good,High,735,Community,50
INC03235,CRP Square,20.316915,85.824677,Kidnapping Attempt,5,Night,Weekend,Moderate,Medium,1070,Police,100
INC03236,Khandagiri,20.256864,85.782173,Stalking,4,Afternoon,Weekend,Moderate,Low,800,Police,67
INC03237,Baramunda,20.268924,85.80211,Stalking,4,Evening,Weekday,Good,Medium,1200,Community,71
INC03238,Mancheswar,20.321926,85.861862,Assault on Woman,5,Evening,Weekend,Poor,High,110,Community,100
INC03239,KIIT Square,20.353644,85.818569,Stalking,4,Evening,Weekend,Poor,High,1177,Community,93
INC03240,KIIT Square,20.354802,85.815838,Harassment,3,Evening,Weekend,Poor,High,176,Community,69
INC03241,Rasulgarh,20.287834,85.872178,Harassment,3,Night,Weekday,Poor,High,140,Police,76
INC03242,Dumduma,20.261129,85.793122,Harassment,3,Evening,Weekend,Moderate,Medium,754,Community,62
INC03243,Jaydev Vihar,20.298626,85.817449,Assault on Woman,5,Afternoon,Weekday,Moderate,Low,809,Community,88
INC03244,Nayapalli,20.295718,85.805431,Harassment,3,Evening,Weekend,Poor,Medium,282,Community,73
INC03245,Lingaraj,20.245483,85.833592,Eve-teasing,2,Night,Weekend,Poor,High,1211,Police,69
INC03246,Pokhariput,20.253502,85.803784,Stalking,4,Evening,Weekday,Good,Low,892,Police,64
INC03247,Kalpana Square,20.262164,85.845606,Harassment,3,Evening,Weekend,Moderate,Low,444,Community,64
INC03248,Jaydev Vihar,20.30316,85.822019,Stalking,4,Evening,Weekday,Moderate,High,1085,Community,82
INC03249,Infocity,20.341024,85.81693,Sexual Harassment,5,Night,Weekend,Poor,Low,1342,Police,100
INC03250,Jaydev Vihar,20.299127,85.822731,Suspicious Activity,2,Evening,Weekday,Good,High,848,Community,42
INC03251,Khandagiri,20.258886,85.781096,Suspicious Activity,2,Night,Weekday,Poor,Low,954,Community,62
INC03252,Chandrasekharpur,20.33155,85.819302,Stalking,4,Night,Weekend,Moderate,Low,822,Community,82
INC03253,Saheed Nagar,20.2961,85.840138,Snatching,3,Night,Weekend,Good,High,581,Community,62
INC03254,Nayapalli,20.296572,85.805162,Kidnapping Attempt,5,Afternoon,Weekend,Poor,Low,225,Community,94
INC03255,Saheed Nagar,20.295879,85.841127,Sexual Harassment,5,Evening,Weekday,Poor,Low,534,Police,100
INC03256,Dumduma,20.264506,85.796642,Harassment,3,Evening,Weekday,Poor,High,642,Community,72
INC03257,Infocity,20.344718,85.815808,Harassment,3,Morning,Weekday,Moderate,High,772,Police,53
INC03258,CRP Square,20.315858,85.821937,Stalking,4,Evening,Weekend,Good,Medium,996,Community,68
INC03259,Rasulgarh,20.28916,85.873561,Stalking,4,Afternoon,Weekend,Poor,High,897,Community,76
INC03260,Rasulgarh,20.292092,85.871463,Assault on Woman,5,Night,Weekend,Moderate,High,204,Police,96
INC03261,KIIT Square,20.350589,85.820308,Kidnapping Attempt,5,Night,Weekend,Good,High,203,Community,92
INC03262,Dumduma,20.262728,85.793679,Harassment,3,Afternoon,Weekday,Poor,Low,243,Police,69
INC03263,Rasulgarh,20.287972,85.871603,Stalking,4,Afternoon,Weekend,Moderate,Medium,1261,Community,70
INC03264,Master Canteen,20.266525,85.839727,Snatching,3,Afternoon,Weekday,Poor,High,1479,Community,62
INC03265,Lingaraj,20.24433,85.832951,Suspicious Activity,2,Morning,Weekday,Good,High,614,Community,29
INC03266,Lingaraj,20.241506,85.835942,Harassment,3,Night,Weekday,Moderate,Low,1304,Community,67
INC03267,Patia,20.35488,85.817401,Assault on Woman,5,Night,Weekend,Poor,Medium,1124,Community,100
INC03268,Dumduma,20.264763,85.796415,Harassment,3,Night,Weekday,Poor,Medium,1087,Community,84
INC03269,Saheed Nagar,20.296033,85.838437,Assault on Woman,5,Morning,Weekend,Good,High,966,Community,72
INC03270,Dumduma,20.263545,85.796744,Snatching,3,Night,Weekend,Poor,High,857,Community,76
INC03271,Acharya Vihar,20.298854,85.834775,Assault on Woman,5,Morning,Weekend,Good,Low,1406,Community,72
INC03272,Lingaraj,20.244734,85.835564,Stalking,4,Evening,Weekday,Poor,High,233,Community,89
INC03273,Nayapalli,20.294876,85.803224,Harassment,3,Night,Weekend,Poor,Low,1154,Community,82
INC03274,Mancheswar,20.321154,85.865902,Snatching,3,Evening,Weekday,Moderate,Medium,943,Community,68
INC03275,Rasulgarh,20.289189,85.869094,Stalking,4,Night,Weekday,Poor,Medium,1405,Community,90
INC03276,Acharya Vihar,20.297767,85.832555,Eve-teasing,2,Afternoon,Weekend,Moderate,Low,1398,Community,38
INC03277,Jaydev Vihar,20.300379,85.81727,Harassment,3,Morning,Weekend,Good,Medium,538,Community,49
INC03278,KIIT Square,20.351324,85.81792,Assault on Woman,5,Afternoon,Weekday,Moderate,High,1369,Police,85
INC03279,Baramunda,20.271027,85.804637,Suspicious Activity,2,Afternoon,Weekend,Moderate,High,1479,Community,39
INC03280,Jaydev Vihar,20.298153,85.821832,Assault on Woman,5,Night,Weekend,Poor,Low,505,Community,100
INC03281,Pokhariput,20.255955,85.804938,Kidnapping Attempt,5,Night,Weekday,Moderate,Medium,149,Community,100
INC03282,Baramunda,20.269586,85.803353,Stalking,4,Evening,Weekend,Poor,High,109,Community,92
INC03283,Saheed Nagar,20.296833,85.843473,Assault on Woman,5,Night,Weekend,Poor,High,769,Community,100
INC03284,Kalpana Square,20.25986,85.841106,Harassment,3,Evening,Weekend,Poor,High,392,Community,70
INC03285,Rasulgarh,20.289125,85.872967,Assault on Woman,5,Evening,Weekend,Moderate,Low,439,Community,88
INC03286,Master Canteen,20.270686,85.84208,Harassment,3,Afternoon,Weekday,Good,Low,981,Community,41
INC03287,Old Town,20.240738,85.834597,Harassment,3,Night,Weekday,Good,High,875,Police,61
INC03288,Dumduma,20.263317,85.795433,Sexual Harassment,5,Evening,Weekend,Moderate,Medium,1361,Police,92
INC03289,Vani Vihar,20.295529,85.839114,Suspicious Activity,2,Afternoon,Weekday,Poor,Low,1484,Police,50
INC03290,Dumduma,20.264729,85.792944,Eve-teasing,2,Night,Weekday,Good,High,196,Police,48
INC03291,Rasulgarh,20.290567,85.871267,Suspicious Activity,2,Afternoon,Weekday,Moderate,High,1060,Community,36
INC03292,Saheed Nagar,20.296763,85.844017,Stalking,4,Afternoon,Weekday,Poor,Medium,104,Community,85
INC03293,Acharya Vihar,20.297167,85.834313,Kidnapping Attempt,5,Morning,Weekday,Poor,High,112,Community,93
INC03294,Old Town,20.235439,85.832169,Harassment,3,Night,Weekday,Moderate,Low,544,Community,69
INC03295,Mancheswar,20.319477,85.86391,Assault on Woman,5,Afternoon,Weekday,Good,Medium,973,Community,70
INC03296,Acharya Vihar,20.300626,85.837385,Assault on Woman,5,Night,Weekday,Good,Low,1095,Community,91
INC03297,Patia,20.356242,85.820437,Snatching,3,Evening,Weekday,Poor,High,1048,Community,73
INC03298,Acharya Vihar,20.3021,85.835178,Kidnapping Attempt,5,Afternoon,Weekend,Good,Low,1085,Community,71
INC03299,Baramunda,20.268827,85.804713,Snatching,3,Afternoon,Weekend,Poor,High,1231,Community,62
INC03300,Jaydev Vihar,20.299118,85.817199,Assault on Woman,5,Afternoon,Weekday,Good,High,1164,Community,78
INC03301,Baramunda,20.270407,85.801684,Assault on Woman,5,Night,Weekday,Good,Medium,1495,Community,90
INC03302,Acharya Vihar,20.297456,85.833401,Harassment,3,Night,Weekday,Poor,High,1023,Community,80
INC03303,KIIT Square,20.35053,85.81567,Suspicious Activity,2,Evening,Weekday,Moderate,Low,439,Community,46
INC03304,Lingaraj,20.240159,85.835496,Stalking,4,Morning,Weekend,Moderate,High,986,Police,72
INC03305,Jaydev Vihar,20.298042,85.818919,Eve-teasing,2,Evening,Weekday,Moderate,Low,446,Community,46
INC03306,Acharya Vihar,20.300689,85.833793,Harassment,3,Evening,Weekend,Poor,Low,527,Community,68
INC03307,Patia,20.353284,85.82015,Stalking,4,Afternoon,Weekday,Good,Medium,156,Community,60
INC03308,Dumduma,20.262919,85.794286,Harassment,3,Evening,Weekend,Moderate,High,1116,Community,64
INC03309,Vani Vihar,20.298403,85.842355,Stalking,4,Night,Weekday,Poor,Medium,904,Community,94
INC03310,Nayapalli,20.294394,85.803966,Kidnapping Attempt,5,Night,Weekend,Good,Low,1004,Community,95
INC03311,Rasulgarh,20.288125,85.869124,Kidnapping Attempt,5,Morning,Weekday,Poor,Medium,583,Community,95
INC03312,Infocity,20.341379,85.81416,Sexual Harassment,5,Morning,Weekday,Poor,Low,1193,Community,99
INC03313,Old Town,20.236817,85.833407,Harassment,3,Morning,Weekday,Poor,Medium,659,Police,67
INC03314,Infocity,20.34501,85.814629,Stalking,4,Evening,Weekend,Poor,Medium,992,Police,91
INC03315,Saheed Nagar,20.294337,85.843565,Assault on Woman,5,Night,Weekend,Good,High,1452,Community,89
INC03316,Pokhariput,20.25764,85.804254,Snatching,3,Night,Weekend,Good,High,354,Community,59
INC03317,Kalpana Square,20.261171,85.842788,Stalking,4,Evening,Weekday,Good,Low,364,Community,69
INC03318,Chandrasekharpur,20.332409,85.822741,Stalking,4,Evening,Weekday,Moderate,High,1089,Police,80
INC03319,Jaydev Vihar,20.301993,85.820331,Suspicious Activity,2,Afternoon,Weekend,Poor,Low,725,Community,47
INC03320,Master Canteen,20.267936,85.839138,Snatching,3,Afternoon,Weekend,Moderate,Medium,1304,Community,52
INC03321,Dumduma,20.263846,85.792414,Assault on Woman,5,Night,Weekday,Moderate,Low,451,Community,98
INC03322,Nayapalli,20.29835,85.805762,Snatching,3,Afternoon,Weekend,Poor,High,1354,Community,68
INC03323,Kalpana Square,20.260639,85.843171,Harassment,3,Night,Weekday,Good,High,377,Community,58
INC03324,Nayapalli,20.295357,85.806062,Snatching,3,Afternoon,Weekend,Good,High,1232,Community,47
INC03325,Acharya Vihar,20.297933,85.833494,Sexual Harassment,5,Night,Weekday,Poor,Low,738,Police,100
INC03326,KIIT Square,20.352466,85.816167,Suspicious Activity,2,Afternoon,Weekday,Good,High,372,Community,31
INC03327,Khandagiri,20.26041,85.779862,Suspicious Activity,2,Night,Weekday,Good,High,1181,Community,42
INC03328,Saheed Nagar,20.293993,85.839856,Stalking,4,Evening,Weekend,Poor,High,1436,Police,86
INC03329,Baramunda,20.267504,85.801632,Kidnapping Attempt,5,Evening,Weekend,Poor,High,1262,Community,100
INC03330,Acharya Vihar,20.297486,85.835325,Sexual Harassment,5,Night,Weekday,Good,Medium,714,Community,93
INC03331,Old Town,20.238744,85.831738,Harassment,3,Night,Weekend,Good,Medium,1350,Community,59
INC03332,Baramunda,20.270577,85.804007,Harassment,3,Evening,Weekend,Good,Low,761,Community,57
INC03333,Old Town,20.23842,85.83171,Sexual Harassment,5,Afternoon,Weekday,Good,Medium,344,Community,80
INC03334,Dumduma,20.262668,85.796301,Harassment,3,Afternoon,Weekday,Poor,High,795,Police,68
INC03335,Khandagiri,20.255679,85.779257,Stalking,4,Night,Weekend,Good,High,714,Police,73
INC03336,Pokhariput,20.256955,85.803304,Assault on Woman,5,Afternoon,Weekend,Good,High,1401,Community,74
INC03337,Patia,20.356518,85.820042,Stalking,4,Afternoon,Weekend,Good,Low,1318,Community,58
INC03338,Baramunda,20.272286,85.801882,Assault on Woman,5,Night,Weekday,Good,Low,1324,Police,95
INC03339,Lingaraj,20.242548,85.836097,Stalking,4,Afternoon,Weekend,Good,Medium,309,Community,57
INC03340,Patia,20.358046,85.816988,Harassment,3,Morning,Weekday,Poor,Low,483,Police,67
INC03341,Pokhariput,20.255726,85.803494,Kidnapping Attempt,5,Night,Weekday,Poor,Low,1408,Community,100
INC03342,Pokhariput,20.25248,85.805485,Stalking,4,Evening,Weekend,Good,Medium,1046,Community,69
INC03343,Dumduma,20.261984,85.796589,Suspicious Activity,2,Evening,Weekday,Good,High,652,Community,39
INC03344,CRP Square,20.31493,85.82048,Harassment,3,Night,Weekend,Poor,High,824,Community,77
INC03345,Vani Vihar,20.297598,85.841742,Snatching,3,Evening,Weekday,Moderate,Medium,1103,Police,67
INC03346,Mancheswar,20.32104,85.863993,Harassment,3,Evening,Weekend,Poor,Medium,1194,Police,71
INC03347,Master Canteen,20.268814,85.842319,Stalking,4,Morning,Weekday,Moderate,High,658,Police,73
INC03348,Nayapalli,20.294684,85.807082,Harassment,3,Evening,Weekend,Poor,Medium,988,Police,70
INC03349,Pokhariput,20.255714,85.806783,Assault on Woman,5,Evening,Weekend,Good,Medium,533,Community,88
INC03350,Lingaraj,20.242917,85.836072,Harassment,3,Night,Weekday,Good,High,695,Community,57
INC03351,Lingaraj,20.243932,85.836489,Stalking,4,Evening,Weekday,Poor,High,668,Community,87
INC03352,Dumduma,20.265717,85.794799,Stalking,4,Evening,Weekend,Moderate,Medium,666,Community,80
INC03353,Mancheswar,20.323938,85.865336,Stalking,4,Evening,Weekend,Poor,Medium,760,Community,86
INC03354,Khandagiri,20.258997,85.78316,Assault on Woman,5,Night,Weekend,Poor,Medium,449,Community,100
INC03355,Kalpana Square,20.260555,85.843841,Stalking,4,Morning,Weekday,Moderate,Medium,447,Police,72
INC03356,Vani Vihar,20.298114,85.844085,Harassment,3,Evening,Weekday,Poor,High,1378,Community,72
INC03357,Jaydev Vihar,20.299344,85.820102,Harassment,3,Afternoon,Weekday,Moderate,High,637,Police,55
INC03358,Jaydev Vihar,20.300489,85.821439,Harassment,3,Evening,Weekend,Moderate,Low,1212,Community,61
INC03359,Lingaraj,20.242002,85.83469,Snatching,3,Evening,Weekend,Moderate,Low,443,Community,58
INC03360,Jaydev Vihar,20.302744,85.818227,Harassment,3,Night,Weekend,Good,Medium,1120,Community,58
INC03361,Jaydev Vihar,20.301904,85.822412,Assault on Woman,5,Night,Weekend,Poor,High,547,Community,100
INC03362,Chandrasekharpur,20.332678,85.820886,Snatching,3,Night,Weekday,Poor,High,602,Community,85
INC03363,KIIT Square,20.352242,85.816688,Assault on Woman,5,Evening,Weekday,Moderate,Medium,980,Community,90
INC03364,Vani Vihar,20.294523,85.841827,Kidnapping Attempt,5,Evening,Weekend,Good,High,236,Community,81
INC03365,CRP Square,20.316339,85.821479,Snatching,3,Night,Weekend,Poor,Medium,952,Community,82
INC03366,Baramunda,20.268793,85.804705,Stalking,4,Morning,Weekday,Good,Low,326,Community,59
INC03367,Old Town,20.239332,85.831647,Sexual Harassment,5,Morning,Weekday,Moderate,High,745,Community,83
INC03368,Pokhariput,20.256507,85.802153,Assault on Woman,5,Afternoon,Weekend,Poor,Low,521,Community,91
INC03369,Dumduma,20.26548,85.791171,Stalking,4,Morning,Weekday,Moderate,High,383,Police,71
INC03370,Lingaraj,20.244304,85.832919,Stalking,4,Night,Weekday,Poor,High,1138,Community,92
INC03371,Kalpana Square,20.260375,85.841468,Eve-teasing,2,Night,Weekday,Poor,Medium,1285,Community,60
INC03372,Mancheswar,20.321621,85.862963,Harassment,3,Evening,Weekday,Good,High,168,Community,53
INC03373,Master Canteen,20.26667,85.840245,Stalking,4,Afternoon,Weekend,Good,Low,1245,Community,56
INC03374,Vani Vihar,20.294495,85.843072,Stalking,4,Evening,Weekend,Moderate,Low,1295,Community,79
INC03375,Baramunda,20.271605,85.801866,Stalking,4,Night,Weekend,Good,High,858,Community,72
INC03376,CRP Square,20.313981,85.821962,Assault on Woman,5,Morning,Weekday,Good,Medium,1099,Community,75
INC03377,Chandrasekharpur,20.330808,85.820709,Suspicious Activity,2,Morning,Weekend,Poor,Medium,567,Community,47
INC03378,KIIT Square,20.355446,85.819186,Snatching,3,Morning,Weekend,Poor,Medium,1045,Community,60
INC03379,Rasulgarh,20.292404,85.868257,Harassment,3,Afternoon,Weekday,Moderate,High,710,Community,57
INC03380,Infocity,20.342609,85.815889,Stalking,4,Night,Weekday,Moderate,High,466,Police,90
INC03381,Jaydev Vihar,20.302527,85.819939,Sexual Harassment,5,Night,Weekend,Moderate,High,827,Community,100
INC03382,Dumduma,20.261421,85.793151,Kidnapping Attempt,5,Evening,Weekend,Poor,Medium,951,Community,99
INC03383,Kalpana Square,20.260494,85.841809,Assault on Woman,5,Morning,Weekday,Good,Low,589,Community,76
INC03384,Nayapalli,20.295223,85.802717,Assault on Woman,5,Evening,Weekday,Poor,High,524,Community,100
INC03385,Acharya Vihar,20.302438,85.837587,Harassment,3,Evening,Weekday,Moderate,Medium,237,Community,59
INC03386,Kalpana Square,20.259706,85.844434,Kidnapping Attempt,5,Evening,Weekend,Poor,Medium,894,Community,100
INC03387,Dumduma,20.265522,85.794045,Stalking,4,Evening,Weekday,Moderate,High,1270,Community,76
INC03388,Old Town,20.238762,85.832559,Harassment,3,Afternoon,Weekday,Moderate,Low,475,Community,55
INC03389,Kalpana Square,20.25841,85.845648,Harassment,3,Afternoon,Weekday,Good,Medium,120,Community,46
INC03390,Chandrasekharpur,20.329543,85.822953,Sexual Harassment,5,Night,Weekend,Good,Low,1434,Community,93
INC03391,Old Town,20.23733,85.83352,Harassment,3,Afternoon,Weekend,Good,Medium,813,Community,43
INC03392,CRP Square,20.31435,85.823388,Stalking,4,Afternoon,Weekday,Moderate,Medium,232,Community,69
INC03393,KIIT Square,20.354467,85.817813,Harassment,3,Morning,Weekend,Poor,Medium,1172,Community,67
INC03394,Lingaraj,20.244763,85.831764,Harassment,3,Night,Weekday,Poor,Low,265,Community,83
INC03395,Patia,20.357109,85.81974,Eve-teasing,2,Night,Weekend,Moderate,Low,1293,Community,60
INC03396,Jaydev Vihar,20.301373,85.818199,Snatching,3,Evening,Weekday,Poor,High,310,Community,70
INC03397,Master Canteen,20.269617,85.842857,Stalking,4,Afternoon,Weekend,Moderate,Medium,568,Community,74
INC03398,CRP Square,20.312442,85.820478,Harassment,3,Evening,Weekday,Poor,Medium,673,Community,71
INC03399,CRP Square,20.316303,85.823007,Assault on Woman,5,Evening,Weekend,Poor,High,560,Community,100
INC03400,Saheed Nagar,20.294446,85.839405,Snatching,3,Night,Weekend,Poor,High,1017,Police,80
INC03401,Master Canteen,20.269492,85.840054,Suspicious Activity,2,Night,Weekend,Poor,Low,211,Community,68
INC03402,Pokhariput,20.256738,85.801755,Harassment,3,Night,Weekday,Moderate,High,1375,Community,73
INC03403,Dumduma,20.265796,85.794596,Stalking,4,Evening,Weekend,Moderate,Low,108,Police,74
INC03404,Chandrasekharpur,20.331801,85.82098,Harassment,3,Afternoon,Weekend,Good,Medium,273,Community,45
INC03405,Kalpana Square,20.257826,85.845413,Suspicious Activity,2,Afternoon,Weekend,Good,Low,892,Community,34
INC03406,Khandagiri,20.257881,85.783688,Snatching,3,Night,Weekend,Poor,Medium,1250,Police,84
INC03407,Saheed Nagar,20.298268,85.839736,Snatching,3,Night,Weekday,Moderate,Low,938,Police,66
INC03408,Pokhariput,20.254622,85.804752,Assault on Woman,5,Morning,Weekday,Poor,Low,169,Police,99
INC03409,Old Town,20.239322,85.835469,Assault on Woman,5,Evening,Weekday,Good,High,1433,Police,83
INC03410,Lingaraj,20.245542,85.834475,Sexual Harassment,5,Afternoon,Weekend,Good,Medium,950,Community,78
INC03411,Rasulgarh,20.291533,85.870956,Stalking,4,Morning,Weekday,Poor,High,1469,Community,78
INC03412,Pokhariput,20.252601,85.8014,Kidnapping Attempt,5,Morning,Weekday,Poor,Medium,911,Police,96
INC03413,Master Canteen,20.266105,85.841881,Harassment,3,Afternoon,Weekday,Poor,Medium,868,Community,67
INC03414,Master Canteen,20.269476,85.842179,Assault on Woman,5,Evening,Weekend,Poor,Medium,687,Police,100
INC03415,CRP Square,20.313906,85.821347,Stalking,4,Evening,Weekend,Moderate,High,614,Police,73
INC03416,Khandagiri,20.259866,85.782723,Eve-teasing,2,Evening,Weekend,Poor,Low,202,Police,61
INC03417,Pokhariput,20.257099,85.802983,Harassment,3,Night,Weekday,Good,Medium,460,Community,61
INC03418,Nayapalli,20.295972,85.80505,Harassment,3,Morning,Weekend,Good,Medium,205,Community,41
INC03419,Lingaraj,20.241893,85.835725,Harassment,3,Night,Weekend,Good,High,1287,Community,55
INC03420,Saheed Nagar,20.299429,85.839746,Assault on Woman,5,Evening,Weekday,Poor,High,732,Police,100
INC03421,Lingaraj,20.241392,85.834442,Sexual Harassment,5,Night,Weekend,Moderate,High,531,Community,100
INC03422,Mancheswar,20.319406,85.862314,Stalking,4,Afternoon,Weekend,Poor,Medium,357,Police,83
INC03423,Acharya Vihar,20.297407,85.83252,Stalking,4,Night,Weekend,Poor,High,823,Community,90
INC03424,Acharya Vihar,20.298696,85.836954,Snatching,3,Evening,Weekday,Moderate,Medium,1307,Community,68
INC03425,Jaydev Vihar,20.301253,85.819686,Harassment,3,Evening,Weekday,Moderate,Low,174,Police,64
INC03426,Dumduma,20.262921,85.796972,Assault on Woman,5,Morning,Weekend,Good,Low,734,Community,73
INC03427,Pokhariput,20.254767,85.802741,Harassment,3,Night,Weekday,Good,Medium,1145,Community,58
INC03428,Mancheswar,20.322802,85.866236,Snatching,3,Night,Weekday,Poor,High,882,Community,77
INC03429,CRP Square,20.3176,85.822355,Harassment,3,Evening,Weekend,Good,High,315,Community,55
INC03430,KIIT Square,20.354975,85.817436,Stalking,4,Evening,Weekday,Good,High,1461,Community,72
INC03431,KIIT Square,20.350354,85.815937,Suspicious Activity,2,Night,Weekday,Poor,Medium,996,Community,65
INC03432,Rasulgarh,20.287378,85.870506,Snatching,3,Evening,Weekend,Moderate,Medium,1317,Police,60
INC03433,Vani Vihar,20.299573,85.841268,Stalking,4,Evening,Weekend,Poor,High,929,Community,89
INC03434,Khandagiri,20.255068,85.783271,Snatching,3,Evening,Weekend,Moderate,Low,827,Community,62
INC03435,Dumduma,20.266899,85.792939,Assault on Woman,5,Night,Weekend,Poor,Low,1274,Police,100
INC03436,Chandrasekharpur,20.329618,85.818673,Sexual Harassment,5,Night,Weekday,Moderate,High,575,Community,100
INC03437,Nayapalli,20.294721,85.804523,Stalking,4,Night,Weekday,Moderate,High,947,Police,88
INC03438,Vani Vihar,20.297024,85.840257,Assault on Woman,5,Morning,Weekend,Moderate,High,762,Police,82
INC03439,Nayapalli,20.29557,85.803492,Assault on Woman,5,Evening,Weekday,Poor,Low,871,Community,100
INC03440,Pokhariput,20.253465,85.804742,Assault on Woman,5,Night,Weekend,Good,Low,1025,Community,86
INC03441,Nayapalli,20.298119,85.807631,Snatching,3,Evening,Weekday,Moderate,Medium,115,Police,61
INC03442,Khandagiri,20.258934,85.784248,Eve-teasing,2,Evening,Weekend,Moderate,Medium,1475,Community,45
INC03443,Mancheswar,20.324752,85.862506,Kidnapping Attempt,5,Evening,Weekday,Poor,Low,541,Community,98
INC03444,Pokhariput,20.257961,85.803818,Stalking,4,Night,Weekday,Poor,Medium,946,Community,99
INC03445,Chandrasekharpur,20.32993,85.822343,Sexual Harassment,5,Night,Weekday,Good,Low,459,Police,88
INC03446,Dumduma,20.261006,85.796634,Sexual Harassment,5,Night,Weekend,Moderate,Medium,1287,Community,96
INC03447,Khandagiri,20.256169,85.78386,Stalking,4,Evening,Weekday,Moderate,Low,589,Community,73
INC03448,Rasulgarh,20.288648,85.869218,Stalking,4,Night,Weekday,Moderate,Medium,490,Community,84
INC03449,Baramunda,20.270477,85.80553,Eve-teasing,2,Night,Weekday,Moderate,High,1131,Community,56
INC03450,Infocity,20.345677,85.817763,Harassment,3,Morning,Weekend,Moderate,Low,935,Police,55
INC03451,Baramunda,20.268262,85.80363,Eve-teasing,2,Morning,Weekday,Poor,Low,1202,Community,45
INC03452,Old Town,20.236063,85.834588,Assault on Woman,5,Night,Weekday,Good,Medium,1460,Community,88
INC03453,Lingaraj,20.240099,85.834325,Harassment,3,Evening,Weekday,Good,High,907,Police,50
INC03454,Rasulgarh,20.291506,85.870431,Kidnapping Attempt,5,Evening,Weekday,Moderate,Low,1467,Community,97
INC03455,Infocity,20.346992,85.814525,Stalking,4,Night,Weekday,Good,Low,170,Community,71
INC03456,Chandrasekharpur,20.330409,85.820252,Stalking,4,Afternoon,Weekend,Poor,High,661,Community,80
INC03457,Infocity,20.341016,85.816814,Harassment,3,Evening,Weekend,Poor,Low,874,Community,77
INC03458,Infocity,20.341625,85.813011,Sexual Harassment,5,Evening,Weekday,Moderate,High,949,Police,98
INC03459,Acharya Vihar,20.302346,85.833777,Suspicious Activity,2,Evening,Weekday,Moderate,Medium,1354,Community,46
INC03460,Lingaraj,20.240805,85.832874,Suspicious Activity,2,Morning,Weekend,Good,Medium,1106,Community,29
INC03461,CRP Square,20.313325,85.823966,Suspicious Activity,2,Night,Weekday,Moderate,High,463,Police,54
INC03462,Saheed Nagar,20.297233,85.840279,Sexual Harassment,5,Night,Weekday,Poor,High,256,Police,100
INC03463,Master Canteen,20.269699,85.840249,Sexual Harassment,5,Afternoon,Weekend,Poor,High,808,Community,90
INC03464,Kalpana Square,20.258515,85.842039,Stalking,4,Night,Weekend,Poor,Low,1123,Police,94
INC03465,Mancheswar,20.321141,85.865413,Sexual Harassment,5,Morning,Weekday,Moderate,Low,1231,Community,84
INC03466,Acharya Vihar,20.301698,85.835046,Harassment,3,Night,Weekend,Moderate,Medium,1438,Community,73
INC03467,Jaydev Vihar,20.300643,85.819355,Harassment,3,Morning,Weekday,Poor,High,1343,Community,65
INC03468,Nayapalli,20.295863,85.803368,Sexual Harassment,5,Night,Weekend,Good,Low,229,Community,94
INC03469,Rasulgarh,20.29221,85.872128,Harassment,3,Afternoon,Weekday,Good,Low,1096,Community,46
INC03470,Rasulgarh,20.290335,85.86969,Assault on Woman,5,Morning,Weekend,Poor,Low,1490,Police,97
INC03471,Old Town,20.238577,85.834551,Harassment,3,Afternoon,Weekday,Poor,Low,1174,Community,63
INC03472,Dumduma,20.262528,85.791576,Stalking,4,Evening,Weekend,Poor,Low,1309,Community,91
INC03473,Patia,20.352443,85.821479,Stalking,4,Night,Weekend,Moderate,Medium,316,Community,80
INC03474,Chandrasekharpur,20.334468,85.8208,Assault on Woman,5,Afternoon,Weekday,Good,High,618,Community,77
INC03475,Mancheswar,20.31943,85.861749,Harassment,3,Night,Weekend,Poor,High,510,Police,80
INC03476,Dumduma,20.264025,85.792662,Snatching,3,Night,Weekend,Moderate,Medium,1096,Police,72
INC03477,Khandagiri,20.256929,85.784474,Assault on Woman,5,Evening,Weekend,Good,Medium,218,Police,85
INC03478,Chandrasekharpur,20.33235,85.821259,Harassment,3,Afternoon,Weekend,Moderate,High,1409,Community,52
INC03479,Patia,20.355585,85.821142,Stalking,4,Afternoon,Weekend,Good,Medium,772,Community,62
INC03480,Jaydev Vihar,20.300583,85.820364,Snatching,3,Night,Weekend,Poor,High,302,Community,81
INC03481,Dumduma,20.262891,85.79257,Harassment,3,Evening,Weekday,Good,Medium,1098,Community,52
INC03482,Vani Vihar,20.299681,85.84038,Sexual Harassment,5,Evening,Weekday,Good,Low,832,Community,83
INC03483,Lingaraj,20.243921,85.83689,Harassment,3,Afternoon,Weekday,Moderate,Medium,1058,Police,54
INC03484,Infocity,20.344716,85.816614,Harassment,3,Night,Weekend,Moderate,Low,657,Police,68
INC03485,Master Canteen,20.270565,85.843717,Harassment,3,Morning,Weekend,Poor,Medium,238,Community,65
INC03486,Nayapalli,20.298675,85.803398,Assault on Woman,5,Evening,Weekday,Poor,High,510,Police,100
INC03487,Nayapalli,20.298451,85.804409,Stalking,4,Night,Weekend,Poor,High,204,Community,90
INC03488,Chandrasekharpur,20.331981,85.823302,Snatching,3,Evening,Weekday,Moderate,Low,164,Community,60
INC03489,Dumduma,20.264037,85.794971,Snatching,3,Night,Weekend,Poor,Medium,1280,Community,81
INC03490,Dumduma,20.26239,85.792483,Stalking,4,Night,Weekend,Good,High,779,Community,78
INC03491,Master Canteen,20.266662,85.838872,Kidnapping Attempt,5,Evening,Weekday,Moderate,High,236,Community,90
INC03492,Acharya Vihar,20.301549,85.835743,Suspicious Activity,2,Night,Weekday,Moderate,Low,437,Community,60
INC03493,Vani Vihar,20.294155,85.842179,Suspicious Activity,2,Morning,Weekday,Poor,Medium,1247,Police,50
INC03494,Master Canteen,20.26637,85.842769,Snatching,3,Afternoon,Weekend,Poor,High,1184,Community,69
INC03495,CRP Square,20.316929,85.821611,Harassment,3,Evening,Weekday,Good,Medium,295,Community,52
INC03496,Patia,20.356505,85.816717,Harassment,3,Evening,Weekend,Moderate,High,351,Community,64
INC03497,KIIT Square,20.355951,85.817918,Stalking,4,Evening,Weekend,Moderate,High,1250,Community,78
INC03498,Jaydev Vihar,20.299237,85.818604,Stalking,4,Night,Weekday,Poor,Medium,1327,Community,95
INC03499,Vani Vihar,20.295169,85.841466,Stalking,4,Evening,Weekend,Poor,Low,1012,Police,88
INC03500,Pokhariput,20.25764,85.806805,Snatching,3,Afternoon,Weekday,Poor,Low,222,Police,65
INC03501,Mancheswar,20.319857,85.864885,Snatching,3,Evening,Weekend,Poor,Medium,1114,Community,76
INC03502,Saheed Nagar,20.293812,85.842011,Snatching,3,Evening,Weekend,Poor,Low,626,Community,70
INC03503,Lingaraj,20.240353,85.832761,Eve-teasing,2,Afternoon,Weekend,Good,Medium,1112,Community,27
INC03504,Patia,20.358044,85.821788,Stalking,4,Evening,Weekend,Poor,Medium,310,Community,86
INC03505,Patia,20.356881,85.818274,Stalking,4,Night,Weekday,Moderate,Medium,1344,Police,84
INC03506,Dumduma,20.261604,85.796451,Assault on Woman,5,Evening,Weekday,Moderate,Low,443,Police,95
INC03507,Jaydev Vihar,20.299872,85.822705,Snatching,3,Evening,Weekend,Poor,High,236,Community,72
INC03508,Khandagiri,20.255257,85.781311,Suspicious Activity,2,Night,Weekday,Moderate,Medium,1149,Community,60
INC03509,Saheed Nagar,20.293929,85.842362,Stalking,4,Afternoon,Weekend,Poor,Low,167,Community,77
INC03510,Infocity,20.341177,85.816743,Harassment,3,Night,Weekday,Good,Low,416,Police,65
INC03511,Kalpana Square,20.259613,85.845821,Stalking,4,Afternoon,Weekday,Good,High,1400,Community,57
INC03512,Kalpana Square,20.258665,85.84201,Eve-teasing,2,Night,Weekday,Poor,Medium,989,Police,67
INC03513,Old Town,20.235407,85.836856,Assault on Woman,5,Evening,Weekend,Poor,Medium,482,Community,100
INC03514,Pokhariput,20.257476,85.804361,Sexual Harassment,5,Afternoon,Weekday,Moderate,Medium,937,Community,81
INC03515,Master Canteen,20.27041,85.841994,Harassment,3,Night,Weekday,Good,Low,420,Community,60
INC03516,Pokhariput,20.254956,85.805787,Stalking,4,Afternoon,Weekend,Good,High,1479,Community,63
INC03517,Acharya Vihar,20.298908,85.834383,Kidnapping Attempt,5,Afternoon,Weekday,Moderate,Medium,151,Community,90
INC03518,Nayapalli,20.293377,85.802524,Snatching,3,Night,Weekday,Poor,Low,1014,Community,80
INC03519,Mancheswar,20.324265,85.862503,Harassment,3,Evening,Weekend,Good,Low,1030,Police,52
INC03520,Nayapalli,20.293119,85.802397,Assault on Woman,5,Night,Weekday,Moderate,High,504,Police,100
INC03521,Lingaraj,20.24226,85.832919,Harassment,3,Night,Weekday,Poor,Medium,786,Community,77
INC03522,Khandagiri,20.259143,85.779035,Kidnapping Attempt,5,Night,Weekday,Good,Low,319,Community,86
INC03523,Mancheswar,20.319434,85.86435,Snatching,3,Afternoon,Weekend,Poor,Medium,1448,Community,67
INC03524,Pokhariput,20.257504,85.804887,Snatching,3,Night,Weekday,Poor,Low,922,Community,82
INC03525,Patia,20.355227,85.816609,Snatching,3,Evening,Weekday,Poor,Medium,124,Community,78
INC03526,Pokhariput,20.252096,85.8023,Harassment,3,Night,Weekday,Good,Low,1232,Police,56
INC03527,Nayapalli,20.298693,85.803328,Stalking,4,Night,Weekday,Moderate,Low,984,Police,89
INC03528,Acharya Vihar,20.301667,85.837998,Eve-teasing,2,Morning,Weekday,Poor,Medium,956,Community,47
INC03529,Acharya Vihar,20.302281,85.837434,Kidnapping Attempt,5,Night,Weekend,Poor,Low,395,Community,100
INC03530,Mancheswar,20.320141,85.865664,Assault on Woman,5,Morning,Weekend,Poor,High,1142,Police,94
INC03531,Vani Vihar,20.295033,85.839027,Harassment,3,Evening,Weekend,Good,High,631,Police,53
INC03532,Old Town,20.240409,85.83172,Stalking,4,Evening,Weekday,Moderate,Low,1149,Community,76
INC03533,Baramunda,20.270742,85.806096,Eve-teasing,2,Evening,Weekend,Poor,Medium,911,Community,54
INC03534,Khandagiri,20.25767,85.779665,Stalking,4,Night,Weekday,Poor,Low,489,Police,92
INC03535,Rasulgarh,20.293277,85.873959,Harassment,3,Night,Weekday,Poor,Medium,1101,Community,76
INC03536,Kalpana Square,20.258305,85.845198,Harassment,3,Evening,Weekend,Poor,Low,1103,Community,76
INC03537,Chandrasekharpur,20.32908,85.819937,Assault on Woman,5,Evening,Weekend,Moderate,Medium,174,Community,93
INC03538,Khandagiri,20.258552,85.781643,Suspicious Activity,2,Evening,Weekend,Moderate,Low,355,Community,43
INC03539,Vani Vihar,20.296285,85.840177,Stalking,4,Evening,Weekday,Poor,Medium,390,Police,89
INC03540,Jaydev Vihar,20.301233,85.817497,Harassment,3,Afternoon,Weekend,Moderate,Low,351,Community,59
INC03541,Nayapalli,20.295822,85.805366,Assault on Woman,5,Night,Weekday,Poor,High,374,Police,100
INC03542,Master Canteen,20.270068,85.83816,Stalking,4,Afternoon,Weekend,Good,Low,136,Community,61
INC03543,Khandagiri,20.259162,85.782802,Stalking,4,Afternoon,Weekday,Poor,Low,677,Community,84
INC03544,Patia,20.353218,85.81793,Snatching,3,Night,Weekday,Poor,Medium,1457,Police,82
INC03545,Kalpana Square,20.259918,85.844468,Stalking,4,Evening,Weekday,Moderate,High,205,Police,74
INC03546,KIIT Square,20.353308,85.818056,Harassment,3,Afternoon,Weekend,Moderate,Medium,907,Community,51
INC03547,CRP Square,20.316715,85.823518,Snatching,3,Evening,Weekday,Good,Low,678,Community,53
INC03548,Mancheswar,20.322696,85.861804,Harassment,3,Afternoon,Weekend,Poor,Medium,1023,Police,67
INC03549,Khandagiri,20.258547,85.779087,Stalking,4,Night,Weekend,Poor,Medium,805,Community,91
INC03550,Dumduma,20.266972,85.792364,Stalking,4,Evening,Weekend,Moderate,Medium,911,Police,81
INC03551,Pokhariput,20.257239,85.802058,Suspicious Activity,2,Night,Weekday,Poor,Low,684,Community,70
INC03552,Old Town,20.23975,85.832866,Snatching,3,Night,Weekend,Good,Medium,600,Community,57
INC03553,Rasulgarh,20.291134,85.868901,Harassment,3,Night,Weekend,Moderate,Medium,959,Police,75
INC03554,Mancheswar,20.321469,85.866923,Eve-teasing,2,Evening,Weekend,Moderate,Low,1164,Police,52
INC03555,Saheed Nagar,20.298278,85.838671,Snatching,3,Afternoon,Weekday,Moderate,Medium,695,Police,55
INC03556,Infocity,20.344362,85.81749,Harassment,3,Afternoon,Weekend,Poor,Medium,1390,Community,69
INC03557,Master Canteen,20.268924,85.840535,Harassment,3,Evening,Weekend,Good,Low,1294,Community,53
INC03558,Mancheswar,20.324267,85.865074,Kidnapping Attempt,5,Evening,Weekday,Poor,Medium,1393,Community,100
INC03559,KIIT Square,20.353869,85.815139,Assault on Woman,5,Morning,Weekday,Poor,High,935,Community,99
INC03560,Lingaraj,20.240515,85.833931,Harassment,3,Evening,Weekend,Good,Low,187,Community,54
INC03561,Chandrasekharpur,20.333707,85.823945,Assault on Woman,5,Morning,Weekend,Moderate,High,643,Community,85
INC03562,Acharya Vihar,20.300954,85.834903,Harassment,3,Night,Weekend,Moderate,Low,1306,Police,71
INC03563,Jaydev Vihar,20.302897,85.81819,Assault on Woman,5,Morning,Weekend,Poor,High,354,Community,92
INC03564,Infocity,20.342303,85.818461,Harassment,3,Afternoon,Weekend,Poor,Medium,984,Community,70
INC03565,CRP Square,20.313276,85.824419,Stalking,4,Night,Weekend,Good,Low,785,Community,77
INC03566,KIIT Square,20.350418,85.816797,Harassment,3,Evening,Weekday,Moderate,High,102,Community,65
INC03567,Acharya Vihar,20.297179,85.836731,Suspicious Activity,2,Morning,Weekend,Poor,Medium,172,Community,49
INC03568,Lingaraj,20.245876,85.834625,Suspicious Activity,2,Evening,Weekend,Poor,Medium,284,Community,55
INC03569,Rasulgarh,20.289839,85.871939,Stalking,4,Afternoon,Weekend,Poor,High,414,Community,78
INC03570,Mancheswar,20.319866,85.863174,Stalking,4,Evening,Weekend,Poor,Low,1102,Community,83
INC03571,Pokhariput,20.256477,85.804967,Sexual Harassment,5,Afternoon,Weekend,Poor,Medium,709,Police,96
INC03572,Kalpana Square,20.262791,85.840432,Snatching,3,Night,Weekend,Good,Medium,1408,Police,58
INC03573,Rasulgarh,20.290739,85.869056,Harassment,3,Night,Weekday,Moderate,Medium,710,Community,74
INC03574,Mancheswar,20.322777,85.866021,Stalking,4,Evening,Weekday,Poor,High,133,Community,89
INC03575,Lingaraj,20.245553,85.835755,Harassment,3,Morning,Weekday,Poor,Medium,215,Community,67
INC03576,Baramunda,20.270009,85.801542,Suspicious Activity,2,Night,Weekday,Moderate,Low,500,Police,57
INC03577,Vani Vihar,20.299586,85.841896,Stalking,4,Evening,Weekend,Good,Low,749,Community,71
INC03578,Master Canteen,20.270182,85.840008,Stalking,4,Afternoon,Weekend,Moderate,Low,175,Community,67
INC03579,Vani Vihar,20.299583,85.840954,Sexual Harassment,5,Night,Weekday,Good,Low,1079,Community,95
INC03580,Mancheswar,20.323656,85.865952,Harassment,3,Afternoon,Weekend,Good,Medium,499,Community,44
INC03581,Patia,20.353598,85.821047,Harassment,3,Night,Weekday,Good,Medium,1087,Community,57
INC03582,Dumduma,20.265202,85.794877,Harassment,3,Morning,Weekend,Moderate,Low,274,Community,60
INC03583,Nayapalli,20.293939,85.803321,Assault on Woman,5,Evening,Weekday,Poor,Medium,761,Community,100
INC03584,Kalpana Square,20.261703,85.840908,Harassment,3,Afternoon,Weekend,Poor,Low,1345,Police,63
INC03585,Jaydev Vihar,20.300633,85.820675,Assault on Woman,5,Afternoon,Weekend,Poor,High,1325,Community,94
INC03586,Acharya Vihar,20.300985,85.837103,Stalking,4,Evening,Weekday,Moderate,Medium,757,Community,83
INC03587,Dumduma,20.265549,85.79654,Harassment,3,Afternoon,Weekend,Moderate,Medium,200,Community,50
INC03588,Nayapalli,20.294863,85.807613,Stalking,4,Evening,Weekend,Good,Medium,1211,Community,63
INC03589,Dumduma,20.261009,85.796427,Harassment,3,Evening,Weekend,Poor,Medium,1317,Community,72
INC03590,CRP Square,20.31553,85.821679,Stalking,4,Night,Weekend,Poor,Low,871,Community,96
INC03591,Lingaraj,20.241453,85.832316,Sexual Harassment,5,Evening,Weekday,Moderate,High,1275,Community,91
INC03592,CRP Square,20.317164,85.819937,Assault on Woman,5,Night,Weekday,Poor,Low,448,Community,100
INC03593,Old Town,20.236311,85.832741,Harassment,3,Evening,Weekday,Moderate,High,741,Community,60
INC03594,Vani Vihar,20.295917,85.8428,Harassment,3,Afternoon,Weekend,Good,Medium,1378,Community,50
INC03595,Acharya Vihar,20.298618,85.837697,Assault on Woman,5,Evening,Weekend,Good,Low,873,Community,86
INC03596,Mancheswar,20.32234,85.863635,Harassment,3,Afternoon,Weekend,Poor,High,992,Community,69
INC03597,Dumduma,20.264144,85.795837,Assault on Woman,5,Evening,Weekday,Moderate,Medium,1440,Police,95
INC03598,Rasulgarh,20.29109,85.871211,Harassment,3,Night,Weekend,Good,Low,1330,Police,56
INC03599,Rasulgarh,20.289221,85.870034,Suspicious Activity,2,Afternoon,Weekday,Moderate,High,998,Community,36
INC03600,Rasulgarh,20.290391,85.870666,Assault on Woman,5,Evening,Weekend,Poor,Low,1371,Community,100
INC03601,Nayapalli,20.296556,85.806013,Stalking,4,Night,Weekday,Good,Low,1317,Community,70
INC03602,Nayapalli,20.294918,85.804104,Assault on Woman,5,Afternoon,Weekday,Good,Medium,846,Community,75
INC03603,Mancheswar,20.320818,85.862109,Harassment,3,Evening,Weekday,Poor,Low,1061,Community,70
INC03604,Vani Vihar,20.299626,85.844462,Harassment,3,Night,Weekend,Poor,Medium,514,Community,78
INC03605,Vani Vihar,20.295883,85.844441,Kidnapping Attempt,5,Evening,Weekend,Moderate,Medium,420,Community,89
INC03606,Patia,20.355461,85.821083,Assault on Woman,5,Evening,Weekday,Moderate,Medium,1230,Community,95
INC03607,Master Canteen,20.26855,85.838284,Suspicious Activity,2,Night,Weekend,Moderate,Medium,1155,Police,56
INC03608,Kalpana Square,20.259997,85.843416,Harassment,3,Evening,Weekend,Poor,Low,122,Police,68
INC03609,Khandagiri,20.258471,85.781462,Eve-teasing,2,Afternoon,Weekend,Moderate,Low,155,Community,35
INC03610,Vani Vihar,20.295092,85.844697,Harassment,3,Evening,Weekday,Good,Medium,807,Community,51
INC03611,Nayapalli,20.297024,85.806427,Assault on Woman,5,Evening,Weekend,Good,Medium,754,Community,86
INC03612,Acharya Vihar,20.300825,85.835322,Harassment,3,Night,Weekend,Moderate,Low,1232,Community,65
INC03613,Patia,20.356371,85.821089,Stalking,4,Night,Weekend,Poor,Medium,902,Community,100
INC03614,Jaydev Vihar,20.299302,85.820715,Stalking,4,Evening,Weekday,Poor,Low,149,Community,86
INC03615,Kalpana Square,20.259691,85.840389,Assault on Woman,5,Afternoon,Weekday,Good,Medium,596,Community,70
INC03616,CRP Square,20.315124,85.821002,Suspicious Activity,2,Evening,Weekday,Poor,Medium,418,Community,62
INC03617,Baramunda,20.269839,85.803877,Harassment,3,Morning,Weekend,Poor,Medium,1259,Community,68
INC03618,Dumduma,20.263448,85.792565,Harassment,3,Night,Weekend,Good,Low,1156,Police,61
INC03619,Acharya Vihar,20.299368,85.834016,Harassment,3,Evening,Weekend,Poor,Medium,860,Police,73
INC03620,Master Canteen,20.27041,85.84252,Sexual Harassment,5,Evening,Weekend,Good,High,1408,Community,85
INC03621,Jaydev Vihar,20.298072,85.817235,Stalking,4,Evening,Weekday,Poor,Low,1433,Community,91
INC03622,Patia,20.357572,85.821336,Assault on Woman,5,Evening,Weekend,Good,Medium,1131,Community,83
INC03623,Jaydev Vihar,20.298128,85.818729,Harassment,3,Afternoon,Weekday,Poor,High,221,Police,64
INC03624,Chandrasekharpur,20.329083,85.822027,Stalking,4,Evening,Weekend,Poor,High,803,Community,93
INC03625,Kalpana Square,20.260887,85.8401,Harassment,3,Afternoon,Weekend,Poor,Medium,186,Community,64
INC03626,Pokhariput,20.257694,85.804322,Stalking,4,Afternoon,Weekend,Moderate,High,1268,Community,65
INC03627,Baramunda,20.268847,85.802452,Assault on Woman,5,Evening,Weekday,Moderate,Medium,1430,Police,88
INC03628,Lingaraj,20.241305,85.832757,Harassment,3,Afternoon,Weekend,Good,Medium,1144,Police,41
INC03629,KIIT Square,20.351326,85.817097,Assault on Woman,5,Night,Weekend,Poor,Low,1467,Community,100
INC03630,Lingaraj,20.244027,85.831211,Snatching,3,Morning,Weekday,Good,Medium,1311,Police,48
INC03631,Khandagiri,20.259738,85.783146,Snatching,3,Night,Weekday,Moderate,Low,1115,Community,70
INC03632,Baramunda,20.270452,85.801657,Harassment,3,Evening,Weekday,Moderate,Medium,1017,Community,65
INC03633,Mancheswar,20.319694,85.863388,Assault on Woman,5,Evening,Weekend,Moderate,Medium,556,Police,91
INC03634,Lingaraj,20.244076,85.834297,Assault on Woman,5,Evening,Weekday,Good,High,634,Police,84
INC03635,Old Town,20.23567,85.836196,Stalking,4,Afternoon,Weekday,Good,Medium,1315,Community,61
INC03636,Acharya Vihar,20.302665,85.835504,Sexual Harassment,5,Night,Weekday,Poor,Medium,732,Community,100
INC03637,Pokhariput,20.255384,85.804034,Harassment,3,Night,Weekend,Good,Low,1435,Community,60
INC03638,Chandrasekharpur,20.329221,85.819666,Kidnapping Attempt,5,Evening,Weekend,Poor,High,617,Community,100
INC03639,KIIT Square,20.351575,85.815629,Suspicious Activity,2,Afternoon,Weekday,Good,Low,1497,Community,35
INC03640,Vani Vihar,20.296485,85.842576,Kidnapping Attempt,5,Night,Weekday,Moderate,High,1478,Police,96
INC03641,Master Canteen,20.267526,85.841036,Assault on Woman,5,Night,Weekday,Good,Medium,1221,Police,92
INC03642,Vani Vihar,20.295952,85.839989,Stalking,4,Night,Weekend,Poor,Medium,104,Police,97
INC03643,Chandrasekharpur,20.330569,85.822577,Stalking,4,Afternoon,Weekend,Poor,Medium,353,Community,78
INC03644,Jaydev Vihar,20.300049,85.817518,Stalking,4,Afternoon,Weekend,Poor,Medium,412,Police,78
INC03645,Chandrasekharpur,20.331161,85.818434,Suspicious Activity,2,Morning,Weekend,Poor,High,371,Police,55
INC03646,Jaydev Vihar,20.300036,85.819207,Suspicious Activity,2,Night,Weekday,Moderate,High,660,Community,58
INC03647,Patia,20.354925,85.817408,Stalking,4,Afternoon,Weekend,Moderate,Medium,477,Community,68
INC03648,Dumduma,20.2654,85.792489,Kidnapping Attempt,5,Evening,Weekend,Good,High,416,Police,80
INC03649,Master Canteen,20.268577,85.839749,Kidnapping Attempt,5,Night,Weekend,Moderate,Medium,1141,Police,100
INC03650,Lingaraj,20.242678,85.835238,Assault on Woman,5,Night,Weekday,Moderate,High,1277,Community,100
INC03651,Infocity,20.343934,85.816823,Harassment,3,Evening,Weekday,Poor,Low,925,Community,72
INC03652,Nayapalli,20.296895,85.807385,Harassment,3,Evening,Weekday,Good,High,491,Community,49
INC03653,Chandrasekharpur,20.332581,85.820049,Stalking,4,Evening,Weekday,Poor,Medium,1193,Community,86
INC03654,Nayapalli,20.296988,85.807322,Sexual Harassment,5,Morning,Weekday,Good,Medium,672,Community,70
INC03655,Rasulgarh,20.290526,85.873212,Stalking,4,Night,Weekday,Good,Medium,1358,Community,75
INC03656,Infocity,20.342656,85.818312,Harassment,3,Night,Weekend,Moderate,Medium,293,Community,68
INC03657,Infocity,20.344479,85.813507,Suspicious Activity,2,Night,Weekend,Poor,High,960,Police,63
INC03658,Old Town,20.237383,85.836703,Harassment,3,Evening,Weekday,Poor,High,393,Community,75
INC03659,Jaydev Vihar,20.303755,85.817629,Kidnapping Attempt,5,Night,Weekday,Poor,High,972,Police,100
INC03660,Nayapalli,20.295495,85.80239,Harassment,3,Evening,Weekend,Good,Medium,1083,Police,57
INC03661,Patia,20.356355,85.821806,Stalking,4,Morning,Weekend,Moderate,Medium,1415,Community,71
INC03662,Kalpana Square,20.257298,85.8432,Kidnapping Attempt,5,Evening,Weekend,Good,Medium,1479,Police,79
INC03663,KIIT Square,20.351356,85.820914,Stalking,4,Morning,Weekday,Poor,Medium,674,Police,84
INC03664,Saheed Nagar,20.297417,85.843924,Assault on Woman,5,Morning,Weekday,Good,Low,1461,Community,76
INC03665,CRP Square,20.313064,85.822912,Harassment,3,Afternoon,Weekday,Good,Low,1437,Community,48
INC03666,Infocity,20.343771,85.816198,Harassment,3,Night,Weekend,Poor,High,524,Community,84
INC03667,Acharya Vihar,20.298968,85.832223,Eve-teasing,2,Afternoon,Weekend,Poor,Medium,1227,Community,49
INC03668,Old Town,20.238845,85.834035,Harassment,3,Evening,Weekend,Moderate,Medium,1030,Community,58
INC03669,Mancheswar,20.324894,85.865521,Harassment,3,Afternoon,Weekend,Moderate,Medium,1171,Community,55
INC03670,Old Town,20.236681,85.836509,Assault on Woman,5,Evening,Weekend,Moderate,Medium,127,Police,95
INC03671,KIIT Square,20.350325,85.81613,Assault on Woman,5,Evening,Weekday,Good,Medium,259,Police,83
INC03672,Baramunda,20.268419,85.805837,Harassment,3,Evening,Weekend,Moderate,Medium,137,Community,59
INC03673,Lingaraj,20.24532,85.835063,Harassment,3,Night,Weekday,Poor,Medium,114,Police,81
INC03674,Acharya Vihar,20.299299,85.836119,Sexual Harassment,5,Afternoon,Weekday,Poor,Low,367,Police,96
INC03675,Rasulgarh,20.287867,85.868315,Harassment,3,Evening,Weekday,Good,High,230,Community,55
INC03676,Vani Vihar,20.295771,85.841791,Sexual Harassment,5,Night,Weekend,Good,Low,1336,Community,94
INC03677,Patia,20.355688,85.820759,Assault on Woman,5,Morning,Weekend,Poor,Low,945,Police,93
INC03678,Acharya Vihar,20.302986,85.834189,Sexual Harassment,5,Evening,Weekday,Moderate,Medium,840,Community,89
INC03679,Patia,20.353214,85.822071,Harassment,3,Evening,Weekend,Poor,Medium,300,Community,74
INC03680,Kalpana Square,20.258769,85.841006,Harassment,3,Afternoon,Weekday,Poor,Medium,688,Community,64
INC03681,Old Town,20.23799,85.83215,Stalking,4,Afternoon,Weekend,Moderate,Medium,1365,Police,72
INC03682,Acharya Vihar,20.297732,85.835162,Stalking,4,Night,Weekend,Moderate,Low,1173,Community,81
INC03683,Pokhariput,20.252592,85.806825,Suspicious Activity,2,Evening,Weekday,Poor,High,628,Community,57
INC03684,Acharya Vihar,20.301836,85.833871,Harassment,3,Evening,Weekday,Moderate,Medium,544,Community,68
INC03685,Master Canteen,20.270446,85.843374,Harassment,3,Night,Weekend,Good,Medium,101,Community,61
INC03686,Baramunda,20.268905,85.801321,Kidnapping Attempt,5,Evening,Weekday,Poor,High,620,Community,99
INC03687,CRP Square,20.317438,85.821769,Stalking,4,Evening,Weekend,Good,Low,332,Community,65
INC03688,Saheed Nagar,20.298943,85.842188,Assault on Woman,5,Evening,Weekend,Poor,High,432,Community,100
INC03689,CRP Square,20.314146,85.824031,Assault on Woman,5,Afternoon,Weekend,Good,Medium,1463,Police,80
INC03690,Baramunda,20.271687,85.805337,Suspicious Activity,2,Night,Weekday,Poor,Medium,404,Police,61
INC03691,Kalpana Square,20.258235,85.844574,Suspicious Activity,2,Afternoon,Weekend,Poor,Low,242,Police,49
INC03692,Nayapalli,20.296953,85.807656,Suspicious Activity,2,Afternoon,Weekend,Poor,Medium,359,Community,45
INC03693,Baramunda,20.26744,85.801475,Harassment,3,Night,Weekend,Good,High,1161,Police,64
INC03694,Chandrasekharpur,20.331028,85.818893,Assault on Woman,5,Afternoon,Weekend,Poor,Medium,400,Community,97
INC03695,Kalpana Square,20.25813,85.845553,Harassment,3,Morning,Weekend,Moderate,Low,1288,Police,50
INC03696,KIIT Square,20.353873,85.816728,Sexual Harassment,5,Morning,Weekend,Poor,Medium,1437,Community,93
INC03697,Kalpana Square,20.261739,85.843796,Snatching,3,Night,Weekend,Good,Medium,1325,Police,55
INC03698,Pokhariput,20.257014,85.805496,Stalking,4,Evening,Weekend,Moderate,High,1179,Community,73
INC03699,Chandrasekharpur,20.330936,85.823152,Snatching,3,Afternoon,Weekday,Good,Medium,1120,Community,44
INC03700,Old Town,20.239979,85.836139,Eve-teasing,2,Evening,Weekend,Moderate,Medium,170,Community,49
INC03701,Jaydev Vihar,20.300177,85.818449,Suspicious Activity,2,Night,Weekday,Poor,Medium,754,Community,60
INC03702,CRP Square,20.317472,85.819693,Harassment,3,Evening,Weekend,Moderate,Medium,1016,Community,58
INC03703,Acharya Vihar,20.298965,85.836727,Assault on Woman,5,Night,Weekend,Good,Medium,1268,Community,86
INC03704,Master Canteen,20.268343,85.841032,Snatching,3,Evening,Weekend,Good,Low,1340,Community,50
INC03705,Infocity,20.344813,85.813542,Stalking,4,Evening,Weekday,Good,Low,1403,Police,69
INC03706,CRP Square,20.317352,85.822668,Assault on Woman,5,Evening,Weekday,Moderate,Low,1443,Community,96
INC03707,Infocity,20.341901,85.817006,Sexual Harassment,5,Afternoon,Weekday,Poor,Medium,385,Police,92
INC03708,Saheed Nagar,20.294288,85.840176,Harassment,3,Evening,Weekend,Good,High,538,Community,53
INC03709,Chandrasekharpur,20.333134,85.822196,Stalking,4,Night,Weekday,Good,High,457,Community,77
INC03710,Jaydev Vihar,20.301903,85.818395,Harassment,3,Evening,Weekday,Good,Low,307,Community,52
INC03711,Patia,20.353211,85.819136,Assault on Woman,5,Afternoon,Weekend,Moderate,High,1430,Community,81
INC03712,Jaydev Vihar,20.303865,85.820975,Stalking,4,Night,Weekday,Good,Low,775,Community,80
INC03713,Mancheswar,20.323135,85.865435,Stalking,4,Evening,Weekday,Moderate,Low,1342,Community,77
INC03714,CRP Square,20.31551,85.821723,Harassment,3,Afternoon,Weekday,Poor,High,1494,Police,61
INC03715,Mancheswar,20.320436,85.861622,Harassment,3,Night,Weekend,Moderate,High,524,Community,65
INC03716,Nayapalli,20.298673,85.806058,Harassment,3,Afternoon,Weekday,Good,Low,671,Police,44
INC03717,Acharya Vihar,20.301937,85.832757,Harassment,3,Afternoon,Weekend,Good,High,1091,Police,48
INC03718,CRP Square,20.316609,85.823585,Harassment,3,Evening,Weekend,Good,Low,314,Community,48
INC03719,Pokhariput,20.257753,85.802231,Suspicious Activity,2,Evening,Weekday,Good,Low,328,Community,41
INC03720,Jaydev Vihar,20.298325,85.817039,Stalking,4,Night,Weekday,Moderate,Medium,862,Community,83
INC03721,Master Canteen,20.26781,85.842286,Suspicious Activity,2,Evening,Weekend,Poor,Low,1206,Community,60
INC03722,Master Canteen,20.270824,85.841262,Suspicious Activity,2,Morning,Weekend,Poor,Medium,1474,Community,49
INC03723,Acharya Vihar,20.299197,85.833852,Stalking,4,Evening,Weekend,Moderate,Low,131,Community,76
INC03724,Nayapalli,20.296046,85.802781,Snatching,3,Afternoon,Weekday,Good,Low,1466,Community,48
INC03725,Pokhariput,20.255388,85.805476,Sexual Harassment,5,Evening,Weekend,Moderate,Low,379,Police,96
INC03726,CRP Square,20.317852,85.823583,Stalking,4,Night,Weekend,Moderate,Low,548,Community,85
INC03727,Baramunda,20.272306,85.805841,Harassment,3,Afternoon,Weekend,Poor,Medium,133,Community,66
INC03728,KIIT Square,20.353975,85.81741,Assault on Woman,5,Night,Weekday,Good,High,241,Police,86
INC03729,Mancheswar,20.323461,85.861153,Stalking,4,Afternoon,Weekday,Good,High,489,Community,55
INC03730,CRP Square,20.312463,85.821799,Stalking,4,Night,Weekday,Good,Medium,1435,Community,76
INC03731,Pokhariput,20.257275,85.806377,Assault on Woman,5,Afternoon,Weekend,Poor,Medium,192,Community,91
INC03732,Acharya Vihar,20.299693,85.836157,Sexual Harassment,5,Afternoon,Weekend,Moderate,High,1079,Community,85
INC03733,KIIT Square,20.35567,85.820007,Sexual Harassment,5,Evening,Weekday,Moderate,Medium,548,Community,95
INC03734,Jaydev Vihar,20.300702,85.817953,Harassment,3,Night,Weekday,Poor,Medium,1076,Community,85
INC03735,Rasulgarh,20.293152,85.869925,Stalking,4,Night,Weekend,Moderate,Medium,948,Community,84
INC03736,Nayapalli,20.298709,85.80468,Stalking,4,Night,Weekend,Poor,Medium,262,Police,97
INC03737,Baramunda,20.267202,85.802888,Eve-teasing,2,Morning,Weekend,Poor,Medium,273,Police,50
INC03738,Kalpana Square,20.262922,85.840058,Stalking,4,Night,Weekday,Good,Low,1422,Community,75
INC03739,KIIT Square,20.350144,85.816344,Kidnapping Attempt,5,Afternoon,Weekday,Moderate,Medium,168,Community,90
INC03740,Lingaraj,20.240115,85.831433,Assault on Woman,5,Afternoon,Weekday,Poor,Low,835,Community,94
INC03741,KIIT Square,20.355337,85.815224,Harassment,3,Afternoon,Weekday,Moderate,Low,615,Community,56
INC03742,Baramunda,20.270213,85.803644,Snatching,3,Afternoon,Weekend,Moderate,High,1229,Community,52
INC03743,Lingaraj,20.241898,85.833532,Stalking,4,Morning,Weekday,Good,High,1063,Community,56
INC03744,Dumduma,20.265006,85.791641,Harassment,3,Night,Weekday,Moderate,Medium,863,Community,75
INC03745,Old Town,20.23861,85.83285,Assault on Woman,5,Afternoon,Weekday,Poor,Medium,244,Police,94
INC03746,Kalpana Square,20.259886,85.844824,Snatching,3,Night,Weekday,Poor,Medium,486,Police,76
INC03747,Rasulgarh,20.288238,85.869485,Sexual Harassment,5,Evening,Weekday,Moderate,High,841,Community,94
INC03748,Kalpana Square,20.262524,85.841668,Assault on Woman,5,Evening,Weekend,Good,Low,1418,Community,80
INC03749,Baramunda,20.270986,85.802368,Harassment,3,Evening,Weekday,Poor,Low,595,Police,78
INC03750,Khandagiri,20.258597,85.780474,Kidnapping Attempt,5,Evening,Weekend,Poor,Low,421,Police,100
INC03751,Mancheswar,20.324155,85.866493,Harassment,3,Afternoon,Weekend,Moderate,Low,726,Community,50
INC03752,Lingaraj,20.244564,85.834266,Stalking,4,Night,Weekend,Good,Low,1287,Community,74
INC03753,Pokhariput,20.257745,85.805512,Harassment,3,Evening,Weekend,Poor,Medium,1077,Community,72
INC03754,Saheed Nagar,20.294072,85.839689,Stalking,4,Night,Weekday,Moderate,Medium,1201,Community,86
INC03755,Pokhariput,20.25384,85.803611,Assault on Woman,5,Evening,Weekday,Moderate,Low,217,Community,89
INC03756,Vani Vihar,20.296189,85.841283,Harassment,3,Afternoon,Weekend,Moderate,Medium,1351,Community,57
INC03757,Mancheswar,20.32457,85.861093,Stalking,4,Night,Weekend,Moderate,Low,752,Community,80
INC03758,Kalpana Square,20.258275,85.845346,Snatching,3,Evening,Weekend,Poor,Low,1093,Community,72
INC03759,Master Canteen,20.268888,85.842949,Stalking,4,Afternoon,Weekday,Good,Low,1058,Police,55
INC03760,Old Town,20.239499,85.835183,Eve-teasing,2,Evening,Weekend,Poor,High,677,Community,62
INC03761,Master Canteen,20.266793,85.840337,Sexual Harassment,5,Evening,Weekend,Moderate,Low,647,Police,96
INC03762,Old Town,20.237021,85.835015,Stalking,4,Evening,Weekend,Poor,Low,1478,Community,86
INC03763,Khandagiri,20.254519,85.784228,Eve-teasing,2,Evening,Weekend,Poor,Low,541,Police,63
INC03764,Acharya Vihar,20.301402,85.832784,Stalking,4,Evening,Weekend,Poor,High,896,Community,93
INC03765,KIIT Square,20.353332,85.820946,Kidnapping Attempt,5,Night,Weekday,Poor,Low,1421,Police,100
INC03766,Rasulgarh,20.289842,85.871661,Stalking,4,Morning,Weekend,Moderate,Low,991,Community,69
INC03767,Pokhariput,20.257427,85.8046,Harassment,3,Night,Weekend,Poor,High,838,Community,82
INC03768,Chandrasekharpur,20.330344,85.820974,Stalking,4,Night,Weekend,Poor,High,669,Community,96
INC03769,Mancheswar,20.322519,85.863338,Eve-teasing,2,Night,Weekday,Moderate,Medium,1064,Police,55
INC03770,Old Town,20.237329,85.831444,Harassment,3,Evening,Weekday,Moderate,High,1379,Community,61
INC03771,CRP Square,20.312127,85.81938,Snatching,3,Afternoon,Weekend,Poor,Medium,1286,Community,63
INC03772,Baramunda,20.271987,85.803593,Harassment,3,Night,Weekday,Good,Low,1376,Community,63
INC03773,Infocity,20.345036,85.816832,Snatching,3,Night,Weekend,Moderate,High,457,Community,69
INC03774,Khandagiri,20.254909,85.779442,Harassment,3,Afternoon,Weekend,Moderate,Medium,293,Community,55
INC03775,Chandrasekharpur,20.332921,85.818165,Eve-teasing,2,Afternoon,Weekend,Good,Low,221,Police,34
INC03776,Kalpana Square,20.260878,85.841523,Snatching,3,Afternoon,Weekend,Poor,High,486,Community,63
INC03777,Old Town,20.239056,85.836311,Suspicious Activity,2,Afternoon,Weekday,Good,Medium,888,Community,32
INC03778,Baramunda,20.27078,85.802947,Assault on Woman,5,Night,Weekday,Good,Low,467,Police,92
INC03779,Infocity,20.344453,85.817884,Eve-teasing,2,Evening,Weekend,Moderate,Low,775,Community,45
INC03780,Master Canteen,20.266874,85.843171,Assault on Woman,5,Night,Weekday,Moderate,Low,1146,Community,100
INC03781,Lingaraj,20.244312,85.835574,Eve-teasing,2,Evening,Weekday,Poor,Low,1463,Community,57
INC03782,Acharya Vihar,20.302805,85.834655,Suspicious Activity,2,Evening,Weekday,Moderate,Medium,1202,Community,52
INC03783,KIIT Square,20.352659,85.81923,Harassment,3,Night,Weekend,Good,Medium,1370,Police,61
INC03784,Acharya Vihar,20.29869,85.836462,Suspicious Activity,2,Evening,Weekend,Good,Medium,388,Community,33
INC03785,Infocity,20.341048,85.817834,Snatching,3,Evening,Weekend,Good,Low,673,Community,51
INC03786,KIIT Square,20.35108,85.817186,Eve-teasing,2,Evening,Weekday,Good,Medium,554,Police,38
INC03787,Infocity,20.34322,85.818416,Assault on Woman,5,Night,Weekend,Good,High,762,Community,90
INC03788,Master Canteen,20.271726,85.83855,Suspicious Activity,2,Afternoon,Weekend,Good,High,234,Police,32
INC03789,Mancheswar,20.324431,85.863706,Harassment,3,Evening,Weekend,Good,Medium,577,Community,49
INC03790,Saheed Nagar,20.295216,85.841773,Stalking,4,Night,Weekday,Poor,High,111,Community,94
INC03791,Kalpana Square,20.261963,85.845877,Harassment,3,Evening,Weekday,Good,Low,1487,Police,48
INC03792,Kalpana Square,20.260145,85.842008,Harassment,3,Night,Weekend,Moderate,Low,208,Community,75
INC03793,Infocity,20.342625,85.815048,Eve-teasing,2,Night,Weekday,Poor,Low,270,Community,68
INC03794,KIIT Square,20.352034,85.815497,Eve-teasing,2,Evening,Weekend,Good,High,330,Community,38
INC03795,KIIT Square,20.350907,85.817437,Suspicious Activity,2,Night,Weekend,Poor,Low,661,Police,67
INC03796,Vani Vihar,20.294298,85.840964,Stalking,4,Night,Weekday,Poor,Medium,406,Community,95
INC03797,Khandagiri,20.256358,85.783989,Harassment,3,Night,Weekend,Moderate,Low,1457,Police,73
INC03798,Chandrasekharpur,20.33356,85.820025,Sexual Harassment,5,Afternoon,Weekday,Good,Medium,1121,Police,71
INC03799,Baramunda,20.271964,85.801583,Assault on Woman,5,Morning,Weekend,Poor,High,254,Community,100
INC03800,Old Town,20.235252,85.832022,Kidnapping Attempt,5,Evening,Weekend,Moderate,Low,767,Police,92
INC03801,Baramunda,20.268794,85.806901,Harassment,3,Night,Weekday,Moderate,Low,396,Police,72
INC03802,Dumduma,20.2652,85.796088,Assault on Woman,5,Morning,Weekday,Poor,High,1470,Community,96
INC03803,Kalpana Square,20.262267,85.845684,Assault on Woman,5,Evening,Weekday,Good,High,941,Police,88
INC03804,Baramunda,20.272439,85.801033,Harassment,3,Night,Weekday,Poor,High,1438,Community,81
INC03805,Khandagiri,20.25666,85.781634,Harassment,3,Night,Weekday,Good,Low,1057,Community,56
INC03806,Nayapalli,20.298193,85.806701,Harassment,3,Evening,Weekend,Good,Medium,128,Community,55
INC03807,Chandrasekharpur,20.332221,85.818036,Snatching,3,Night,Weekend,Poor,Medium,466,Community,80
INC03808,Master Canteen,20.269177,85.840567,Stalking,4,Evening,Weekday,Poor,Medium,1099,Community,84
INC03809,Acharya Vihar,20.298395,85.835517,Assault on Woman,5,Afternoon,Weekend,Good,Low,1312,Police,71
INC03810,Acharya Vihar,20.29806,85.834181,Stalking,4,Evening,Weekday,Good,Medium,1049,Police,67
INC03811,Dumduma,20.261614,85.795122,Snatching,3,Morning,Weekend,Moderate,Low,686,Community,60
INC03812,Mancheswar,20.3222,85.866163,Snatching,3,Morning,Weekday,Good,Low,800,Police,42
INC03813,Pokhariput,20.252576,85.801087,Harassment,3,Evening,Weekend,Good,Medium,1447,Community,49
INC03814,Acharya Vihar,20.301411,85.834389,Snatching,3,Afternoon,Weekday,Good,Low,790,Community,49
INC03815,Nayapalli,20.295629,85.804273,Harassment,3,Morning,Weekend,Poor,High,1272,Community,65
INC03816,Saheed Nagar,20.299721,85.838997,Stalking,4,Evening,Weekday,Poor,Medium,1099,Community,85
INC03817,Vani Vihar,20.295957,85.840655,Harassment,3,Morning,Weekday,Moderate,Low,140,Community,54
INC03818,Vani Vihar,20.298805,85.841779,Stalking,4,Afternoon,Weekday,Poor,Medium,1244,Community,76
INC03819,Baramunda,20.271528,85.806893,Suspicious Activity,2,Evening,Weekday,Moderate,Medium,699,Community,46
INC03820,Patia,20.35376,85.816872,Sexual Harassment,5,Night,Weekend,Moderate,Medium,948,Community,100
INC03821,KIIT Square,20.353391,85.820095,Stalking,4,Afternoon,Weekday,Moderate,Low,682,Community,74
INC03822,Nayapalli,20.297929,85.802346,Snatching,3,Evening,Weekend,Good,Medium,1281,Community,55
INC03823,Khandagiri,20.260487,85.778826,Stalking,4,Night,Weekend,Good,Low,202,Police,71
INC03824,CRP Square,20.314893,85.824417,Stalking,4,Evening,Weekday,Good,High,1092,Community,69
INC03825,Dumduma,20.262953,85.791016,Harassment,3,Afternoon,Weekend,Moderate,High,858,Community,58
INC03826,Infocity,20.343219,85.813337,Stalking,4,Afternoon,Weekend,Good,Medium,288,Police,63
INC03827,Old Town,20.237169,85.83225,Harassment,3,Night,Weekday,Poor,High,1186,Community,76
INC03828,Old Town,20.23993,85.831611,Snatching,3,Morning,Weekend,Poor,Low,1108,Community,60
INC03829,Old Town,20.237567,85.834622,Harassment,3,Night,Weekday,Good,Low,1068,Community,64
INC03830,Lingaraj,20.24536,85.834503,Assault on Woman,5,Evening,Weekend,Moderate,Low,515,Community,90
INC03831,Acharya Vihar,20.300616,85.834253,Suspicious Activity,2,Morning,Weekend,Moderate,Medium,192,Community,37
INC03832,Chandrasekharpur,20.330231,85.823072,Harassment,3,Evening,Weekend,Good,Medium,242,Community,54
INC03833,Mancheswar,20.320138,85.862785,Harassment,3,Night,Weekend,Moderate,Medium,272,Community,70
INC03834,Old Town,20.238312,85.831704,Eve-teasing,2,Morning,Weekday,Moderate,Medium,322,Police,41
INC03835,Chandrasekharpur,20.332704,85.821474,Assault on Woman,5,Night,Weekday,Poor,High,1479,Police,100
INC03836,Patia,20.356963,85.817761,Harassment,3,Night,Weekend,Poor,Medium,590,Community,84
INC03837,Patia,20.354046,85.820163,Sexual Harassment,5,Night,Weekday,Good,High,111,Community,89
INC03838,Pokhariput,20.257573,85.803572,Kidnapping Attempt,5,Evening,Weekend,Good,Medium,412,Community,80
INC03839,Nayapalli,20.296037,85.804511,Stalking,4,Evening,Weekday,Moderate,High,520,Police,80
INC03840,Dumduma,20.264329,85.794155,Harassment,3,Night,Weekday,Good,Low,188,Community,55
INC03841,Vani Vihar,20.297485,85.840018,Sexual Harassment,5,Evening,Weekday,Good,Medium,841,Community,84
INC03842,Chandrasekharpur,20.332042,85.821752,Harassment,3,Night,Weekday,Poor,Medium,485,Community,83
INC03843,Dumduma,20.261408,85.793542,Assault on Woman,5,Night,Weekday,Moderate,High,917,Police,100
INC03844,Acharya Vihar,20.297282,85.836361,Stalking,4,Afternoon,Weekend,Good,Medium,872,Community,55
INC03845,Pokhariput,20.256066,85.804581,Sexual Harassment,5,Afternoon,Weekend,Good,Medium,1348,Police,79
INC03846,Patia,20.352348,85.816874,Harassment,3,Afternoon,Weekend,Moderate,High,1218,Police,55
INC03847,Khandagiri,20.260416,85.782106,Kidnapping Attempt,5,Morning,Weekend,Poor,Low,1193,Community,94
INC03848,Nayapalli,20.298508,85.804747,Assault on Woman,5,Night,Weekday,Good,High,304,Community,95
INC03849,Kalpana Square,20.261486,85.84249,Snatching,3,Morning,Weekend,Poor,Medium,1283,Community,70
INC03850,Rasulgarh,20.290487,85.872349,Assault on Woman,5,Morning,Weekend,Poor,Medium,454,Police,100
INC03851,Rasulgarh,20.28806,85.87241,Stalking,4,Night,Weekend,Moderate,High,264,Community,85
INC03852,Pokhariput,20.252591,85.80479,Eve-teasing,2,Evening,Weekend,Poor,High,442,Police,54
INC03853,Nayapalli,20.293825,85.804883,Stalking,4,Evening,Weekday,Poor,High,502,Police,90
INC03854,Master Canteen,20.270843,85.840111,Harassment,3,Night,Weekend,Moderate,Medium,165,Community,65
INC03855,Dumduma,20.266493,85.792518,Harassment,3,Morning,Weekday,Good,Medium,702,Community,46
INC03856,Chandrasekharpur,20.333188,85.821066,Assault on Woman,5,Evening,Weekend,Moderate,Medium,747,Police,98
INC03857,Jaydev Vihar,20.301373,85.819531,Harassment,3,Evening,Weekday,Moderate,Medium,212,Police,60
INC03858,Kalpana Square,20.258628,85.842601,Stalking,4,Morning,Weekend,Moderate,Low,313,Community,67
INC03859,Rasulgarh,20.291326,85.871154,Assault on Woman,5,Night,Weekend,Moderate,Low,1198,Community,100
INC03860,Jaydev Vihar,20.301881,85.818517,Harassment,3,Evening,Weekday,Poor,High,944,Police,69
INC03861,Rasulgarh,20.289538,85.869612,Stalking,4,Evening,Weekend,Moderate,Medium,1104,Community,74
INC03862,Mancheswar,20.319874,85.862391,Harassment,3,Evening,Weekend,Moderate,High,258,Community,64
INC03863,Baramunda,20.27082,85.801218,Suspicious Activity,2,Night,Weekday,Good,Medium,174,Community,41
INC03864,KIIT Square,20.352578,85.817134,Assault on Woman,5,Night,Weekday,Poor,Medium,736,Police,100
INC03865,KIIT Square,20.355311,85.820216,Harassment,3,Night,Weekday,Good,Low,1105,Police,65
INC03866,Patia,20.353989,85.821428,Kidnapping Attempt,5,Afternoon,Weekday,Poor,Medium,1137,Police,97
INC03867,KIIT Square,20.35575,85.815947,Stalking,4,Evening,Weekday,Moderate,Low,918,Community,74
INC03868,Master Canteen,20.269193,85.842007,Harassment,3,Night,Weekend,Good,High,1113,Community,65
INC03869,Patia,20.354246,85.822203,Assault on Woman,5,Evening,Weekday,Good,Low,961,Police,82
INC03870,Baramunda,20.270878,85.805577,Suspicious Activity,2,Evening,Weekday,Good,Medium,829,Community,38
INC03871,Baramunda,20.269942,85.806099,Stalking,4,Morning,Weekend,Poor,High,1141,Community,84
INC03872,Saheed Nagar,20.299694,85.843924,Snatching,3,Evening,Weekend,Moderate,Medium,1409,Police,65
INC03873,Mancheswar,20.320124,85.862562,Kidnapping Attempt,5,Morning,Weekday,Moderate,Medium,1184,Police,82
INC03874,KIIT Square,20.350594,85.820542,Sexual Harassment,5,Afternoon,Weekend,Good,Low,604,Community,72
INC03875,Master Canteen,20.267769,85.842647,Snatching,3,Afternoon,Weekend,Poor,Low,1314,Police,65
INC03876,Dumduma,20.266514,85.793993,Stalking,4,Evening,Weekend,Good,Low,704,Police,70
INC03877,Jaydev Vihar,20.301819,85.81936,Harassment,3,Afternoon,Weekday,Moderate,High,1144,Community,54
INC03878,Mancheswar,20.32146,85.864767,Sexual Harassment,5,Night,Weekend,Poor,High,1321,Community,100
INC03879,Baramunda,20.270682,85.80199,Eve-teasing,2,Evening,Weekday,Good,Medium,368,Community,41
INC03880,Kalpana Square,20.259092,85.843627,Stalking,4,Night,Weekday,Good,Low,468,Community,79
INC03881,Patia,20.354282,85.819883,Stalking,4,Evening,Weekend,Moderate,Low,1182,Police,76
INC03882,Old Town,20.237102,85.831702,Suspicious Activity,2,Afternoon,Weekday,Poor,High,643,Community,52
INC03883,Dumduma,20.263486,85.794914,Sexual Harassment,5,Morning,Weekend,Poor,Medium,1349,Community,93
INC03884,Master Canteen,20.270701,85.843498,Assault on Woman,5,Night,Weekday,Moderate,Low,528,Police,96
INC03885,Dumduma,20.264823,85.795765,Harassment,3,Afternoon,Weekend,Moderate,High,1451,Community,55
INC03886,Khandagiri,20.260348,85.781831,Sexual Harassment,5,Afternoon,Weekday,Moderate,Low,206,Community,85
INC03887,Master Canteen,20.268226,85.841872,Harassment,3,Morning,Weekend,Moderate,High,1469,Community,57
INC03888,Acharya Vihar,20.301283,85.837241,Kidnapping Attempt,5,Night,Weekday,Good,Medium,1027,Community,92
INC03889,Khandagiri,20.254741,85.781881,Snatching,3,Night,Weekend,Poor,Medium,1003,Community,83
INC03890,CRP Square,20.312978,85.824823,Snatching,3,Afternoon,Weekend,Moderate,Medium,499,Community,51
INC03891,Old Town,20.235646,85.835073,Harassment,3,Evening,Weekday,Poor,Low,842,Community,77
INC03892,Dumduma,20.265851,85.795454,Harassment,3,Morning,Weekend,Moderate,Low,314,Community,59
INC03893,Acharya Vihar,20.298704,85.837114,Stalking,4,Evening,Weekday,Poor,Medium,302,Community,88
INC03894,Saheed Nagar,20.294224,85.842086,Eve-teasing,2,Evening,Weekend,Poor,High,1462,Community,57
INC03895,Nayapalli,20.298279,85.805698,Suspicious Activity,2,Evening,Weekday,Good,Medium,838,Community,35
INC03896,Patia,20.356815,85.817529,Sexual Harassment,5,Evening,Weekend,Moderate,Medium,1253,Community,96
INC03897,KIIT Square,20.352106,85.818819,Sexual Harassment,5,Night,Weekday,Good,Low,209,Police,91
INC03898,Chandrasekharpur,20.329017,85.823402,Assault on Woman,5,Night,Weekend,Poor,Medium,1324,Community,100
INC03899,Mancheswar,20.323102,85.865254,Kidnapping Attempt,5,Night,Weekend,Moderate,Medium,888,Police,97
INC03900,Dumduma,20.263854,85.792167,Snatching,3,Morning,Weekend,Poor,High,632,Police,63
INC03901,Jaydev Vihar,20.298158,85.818951,Suspicious Activity,2,Evening,Weekend,Poor,Medium,1433,Community,63
INC03902,Chandrasekharpur,20.332387,85.821959,Assault on Woman,5,Evening,Weekend,Poor,Low,1434,Community,100
INC03903,Saheed Nagar,20.293838,85.841648,Assault on Woman,5,Night,Weekend,Poor,Low,1014,Police,100
INC03904,Master Canteen,20.267371,85.841817,Suspicious Activity,2,Evening,Weekday,Good,Medium,756,Community,41
INC03905,Old Town,20.240447,85.835742,Harassment,3,Night,Weekend,Good,Medium,1027,Community,55
INC03906,Old Town,20.236643,85.835972,Assault on Woman,5,Evening,Weekend,Moderate,Low,1368,Community,94
INC03907,Lingaraj,20.245812,85.83532,Sexual Harassment,5,Morning,Weekday,Good,High,103,Police,70
INC03908,Lingaraj,20.242053,85.833271,Snatching,3,Evening,Weekday,Moderate,Low,908,Community,65
INC03909,Jaydev Vihar,20.30086,85.822845,Assault on Woman,5,Morning,Weekday,Good,High,1164,Community,70
INC03910,Rasulgarh,20.290972,85.869782,Harassment,3,Night,Weekday,Poor,High,736,Police,85
INC03911,Kalpana Square,20.262026,85.845705,Suspicious Activity,2,Evening,Weekend,Poor,Low,550,Police,53
INC03912,Saheed Nagar,20.299042,85.839189,Sexual Harassment,5,Evening,Weekday,Poor,Low,243,Community,100
INC03913,Mancheswar,20.324607,85.865819,Harassment,3,Evening,Weekend,Moderate,High,328,Police,58
INC03914,Lingaraj,20.243623,85.832322,Harassment,3,Night,Weekend,Moderate,Medium,220,Community,66
INC03915,Mancheswar,20.323086,85.863658,Assault on Woman,5,Evening,Weekend,Good,Medium,683,Community,78
INC03916,KIIT Square,20.351627,85.817521,Assault on Woman,5,Morning,Weekend,Good,Medium,1147,Community,78
INC03917,Pokhariput,20.256273,85.803714,Assault on Woman,5,Evening,Weekend,Moderate,Medium,624,Police,95
INC03918,Vani Vihar,20.297186,85.84135,Stalking,4,Night,Weekday,Poor,Medium,619,Police,92
INC03919,Patia,20.35777,85.819919,Suspicious Activity,2,Evening,Weekday,Poor,High,781,Community,58
INC03920,Chandrasekharpur,20.330166,85.822567,Sexual Harassment,5,Night,Weekend,Moderate,Low,1447,Community,100
INC03921,Master Canteen,20.269131,85.838397,Sexual Harassment,5,Morning,Weekend,Good,Medium,701,Police,76
INC03922,Vani Vihar,20.298995,85.843867,Assault on Woman,5,Afternoon,Weekday,Good,High,767,Community,74
INC03923,Saheed Nagar,20.296042,85.84162,Snatching,3,Evening,Weekday,Moderate,Medium,556,Community,68
INC03924,Old Town,20.239363,85.835255,Harassment,3,Evening,Weekday,Moderate,High,664,Police,67
INC03925,Baramunda,20.268832,85.804591,Stalking,4,Morning,Weekday,Moderate,Low,232,Community,74
INC03926,Vani Vihar,20.294934,85.842358,Harassment,3,Night,Weekday,Poor,Low,248,Community,85
INC03927,Kalpana Square,20.260209,85.840326,Sexual Harassment,5,Evening,Weekday,Poor,Medium,1488,Community,100
INC03928,Baramunda,20.267484,85.806379,Stalking,4,Evening,Weekday,Poor,High,1076,Police,93
INC03929,Vani Vihar,20.299822,85.841455,Harassment,3,Night,Weekday,Good,Low,801,Police,60
INC03930,Khandagiri,20.25457,85.782538,Eve-teasing,2,Evening,Weekend,Poor,Medium,760,Police,55
INC03931,Patia,20.352452,85.817001,Harassment,3,Morning,Weekend,Poor,Low,289,Community,69
INC03932,Acharya Vihar,20.301118,85.835665,Sexual Harassment,5,Evening,Weekend,Moderate,High,305,Community,97
INC03933,Dumduma,20.262087,85.793177,Kidnapping Attempt,5,Evening,Weekday,Good,High,926,Community,82
INC03934,Jaydev Vihar,20.302511,85.821184,Stalking,4,Evening,Weekday,Moderate,Medium,1490,Community,81
INC03935,Rasulgarh,20.291761,85.872448,Assault on Woman,5,Afternoon,Weekday,Poor,High,472,Community,98
INC03936,Chandrasekharpur,20.332888,85.820033,Harassment,3,Evening,Weekday,Good,High,859,Police,49
INC03937,Vani Vihar,20.299357,85.844896,Assault on Woman,5,Night,Weekday,Good,Low,519,Community,85
INC03938,Vani Vihar,20.294704,85.840918,Stalking,4,Afternoon,Weekend,Moderate,Medium,551,Community,68
INC03939,Jaydev Vihar,20.299227,85.819097,Harassment,3,Night,Weekday,Poor,Low,767,Police,77
INC03940,CRP Square,20.313336,85.819114,Harassment,3,Evening,Weekend,Good,Medium,767,Police,48
INC03941,Dumduma,20.266354,85.79125,Harassment,3,Night,Weekend,Moderate,Medium,483,Community,70
INC03942,Acharya Vihar,20.302204,85.836495,Assault on Woman,5,Morning,Weekend,Moderate,Low,1390,Community,88
INC03943,Saheed Nagar,20.296941,85.840403,Stalking,4,Evening,Weekday,Poor,High,394,Police,93
INC03944,Kalpana Square,20.25924,85.840121,Eve-teasing,2,Morning,Weekend,Good,High,1020,Police,28
INC03945,Chandrasekharpur,20.334246,85.823623,Sexual Harassment,5,Evening,Weekend,Poor,Low,1215,Community,100
INC03946,Saheed Nagar,20.294338,85.844123,Snatching,3,Night,Weekday,Moderate,Medium,1175,Community,70
INC03947,Dumduma,20.26661,85.794305,Harassment,3,Night,Weekend,Poor,Low,1440,Police,78
INC03948,Nayapalli,20.297487,85.80707,Stalking,4,Night,Weekday,Moderate,Low,652,Police,85
INC03949,Acharya Vihar,20.302561,85.832928,Assault on Woman,5,Afternoon,Weekend,Good,Low,1445,Community,74
INC03950,Khandagiri,20.2593,85.779589,Snatching,3,Evening,Weekend,Poor,High,1160,Community,69
INC03951,KIIT Square,20.352595,85.818556,Kidnapping Attempt,5,Night,Weekday,Moderate,High,252,Community,100
INC03952,Dumduma,20.264698,85.791424,Snatching,3,Afternoon,Weekend,Moderate,Low,873,Community,52
INC03953,Dumduma,20.263972,85.795793,Stalking,4,Night,Weekend,Good,Medium,1398,Community,76
INC03954,Kalpana Square,20.258896,85.840207,Kidnapping Attempt,5,Evening,Weekday,Moderate,High,538,Community,96
INC03955,Pokhariput,20.256558,85.804114,Suspicious Activity,2,Evening,Weekday,Good,High,107,Community,37
INC03956,Saheed Nagar,20.293954,85.84288,Snatching,3,Evening,Weekend,Good,Medium,1243,Community,52
INC03957,Khandagiri,20.259496,85.779606,Harassment,3,Afternoon,Weekday,Good,Medium,1112,Police,46
INC03958,Pokhariput,20.253342,85.806656,Sexual Harassment,5,Night,Weekend,Good,Low,212,Police,88
INC03959,Rasulgarh,20.290848,85.870814,Harassment,3,Night,Weekday,Moderate,Low,1149,Police,69
INC03960,Chandrasekharpur,20.332337,85.823765,Assault on Woman,5,Morning,Weekday,Moderate,Low,671,Community,89
INC03961,Rasulgarh,20.288257,85.870319,Harassment,3,Evening,Weekday,Moderate,Medium,544,Community,68
INC03962,Chandrasekharpur,20.331936,85.81868,Harassment,3,Night,Weekend,Good,High,600,Police,62
INC03963,Dumduma,20.261551,85.791476,Assault on Woman,5,Evening,Weekday,Poor,High,547,Community,100
INC03964,Lingaraj,20.245193,85.832005,Stalking,4,Evening,Weekday,Moderate,Medium,119,Community,76
INC03965,KIIT Square,20.355393,85.815417,Harassment,3,Evening,Weekday,Poor,Low,231,Community,78
INC03966,Jaydev Vihar,20.301914,85.817451,Harassment,3,Night,Weekday,Poor,High,1258,Community,83
INC03967,Vani Vihar,20.294448,85.844495,Stalking,4,Afternoon,Weekend,Moderate,High,583,Police,65
INC03968,CRP Square,20.314946,85.819218,Harassment,3,Night,Weekend,Moderate,Medium,1270,Police,65
INC03969,Saheed Nagar,20.299125,85.840305,Snatching,3,Afternoon,Weekday,Good,High,923,Police,46
INC03970,Nayapalli,20.293214,85.807058,Eve-teasing,2,Evening,Weekday,Moderate,High,600,Community,48
INC03971,Nayapalli,20.294328,85.802753,Harassment,3,Evening,Weekend,Moderate,High,1301,Police,60
INC03972,Patia,20.35266,85.821555,Stalking,4,Evening,Weekday,Moderate,Medium,791,Community,82
INC03973,Rasulgarh,20.288652,85.873882,Sexual Harassment,5,Night,Weekend,Moderate,High,553,Community,100
INC03974,Dumduma,20.26107,85.795772,Harassment,3,Afternoon,Weekend,Moderate,Medium,1099,Community,51
INC03975,Kalpana Square,20.26089,85.841608,Assault on Woman,5,Evening,Weekend,Poor,Low,561,Community,100
INC03976,Old Town,20.239053,85.835311,Assault on Woman,5,Afternoon,Weekday,Poor,High,430,Community,98
INC03977,Vani Vihar,20.295282,85.839013,Harassment,3,Evening,Weekend,Moderate,Medium,1221,Police,58
INC03978,Patia,20.352773,85.81942,Suspicious Activity,2,Evening,Weekend,Moderate,Medium,1284,Police,49
INC03979,CRP Square,20.316814,85.820683,Assault on Woman,5,Morning,Weekend,Moderate,High,397,Community,88
INC03980,Saheed Nagar,20.297843,85.840275,Snatching,3,Evening,Weekday,Poor,Medium,1408,Community,70
INC03981,Jaydev Vihar,20.299543,85.822819,Suspicious Activity,2,Evening,Weekend,Moderate,Low,565,Community,53
INC03982,Rasulgarh,20.28956,85.869772,Harassment,3,Afternoon,Weekend,Poor,Low,1060,Community,69
INC03983,Baramunda,20.267387,85.80278,Stalking,4,Evening,Weekday,Moderate,Low,204,Community,83
INC03984,Kalpana Square,20.259101,85.842823,Snatching,3,Night,Weekend,Moderate,Low,376,Police,67
INC03985,Saheed Nagar,20.294357,85.843924,Stalking,4,Evening,Weekday,Moderate,Low,634,Community,83
INC03986,Khandagiri,20.25849,85.781452,Snatching,3,Afternoon,Weekend,Good,High,705,Community,40
INC03987,Patia,20.354278,85.818514,Harassment,3,Night,Weekend,Good,Medium,485,Community,56
INC03988,Kalpana Square,20.25812,85.840169,Harassment,3,Evening,Weekday,Good,High,857,Community,48
INC03989,Lingaraj,20.245867,85.834684,Harassment,3,Evening,Weekday,Moderate,Medium,1233,Community,61
INC03990,Saheed Nagar,20.297466,85.840637,Sexual Harassment,5,Evening,Weekend,Good,Low,1212,Community,87
INC03991,Old Town,20.235655,85.835873,Stalking,4,Night,Weekend,Poor,High,668,Police,97
INC03992,Khandagiri,20.2594,85.781094,Stalking,4,Evening,Weekday,Good,High,822,Community,73
INC03993,Baramunda,20.272905,85.80679,Harassment,3,Evening,Weekday,Good,Medium,131,Police,57
INC03994,Dumduma,20.26105,85.794126,Stalking,4,Evening,Weekend,Poor,High,588,Community,85
INC03995,Nayapalli,20.294477,85.807633,Harassment,3,Night,Weekday,Poor,Low,790,Police,76
INC03996,Mancheswar,20.322175,85.865674,Sexual Harassment,5,Afternoon,Weekday,Poor,Low,187,Police,95
INC03997,Patia,20.355034,85.821837,Eve-teasing,2,Night,Weekend,Moderate,Low,564,Community,58
INC03998,Patia,20.354685,85.819349,Harassment,3,Night,Weekday,Moderate,Medium,233,Community,75
INC03999,Patia,20.357168,85.821787,Stalking,4,Evening,Weekend,Good,Medium,1093,Community,67
INC04000,Khandagiri,20.257119,85.784462,Harassment,3,Night,Weekday,Poor,High,1031,Police,82
INC04001,Pokhariput,20.253474,85.80563,Assault on Woman,5,Night,Weekend,Moderate,Low,946,Community,100
INC04002,Vani Vihar,20.29775,85.842379,Kidnapping Attempt,5,Afternoon,Weekday,Moderate,High,1074,Community,84
INC04003,CRP Square,20.313144,85.82417,Sexual Harassment,5,Evening,Weekday,Moderate,Low,768,Community,93
INC04004,Khandagiri,20.255901,85.779947,Harassment,3,Night,Weekend,Moderate,Medium,572,Community,74
INC04005,Lingaraj,20.243284,85.834846,Sexual Harassment,5,Night,Weekend,Good,Medium,1384,Community,86
INC04006,Patia,20.353708,85.821694,Harassment,3,Evening,Weekday,Good,High,1454,Community,51
INC04007,Infocity,20.341451,85.818972,Harassment,3,Afternoon,Weekend,Good,Medium,1480,Community,41
INC04008,Pokhariput,20.252746,85.801652,Harassment,3,Night,Weekend,Moderate,Low,449,Community,68
INC04009,Master Canteen,20.271315,85.842501,Assault on Woman,5,Night,Weekend,Moderate,High,762,Police,100
INC04010,Master Canteen,20.271939,85.838385,Kidnapping Attempt,5,Morning,Weekday,Moderate,Medium,1313,Community,86
INC04011,CRP Square,20.312113,85.822273,Assault on Woman,5,Evening,Weekend,Poor,High,1223,Community,99
INC04012,Pokhariput,20.254844,85.805415,Snatching,3,Night,Weekend,Moderate,Low,120,Community,65
INC04013,Infocity,20.344725,85.817506,Assault on Woman,5,Night,Weekend,Good,Low,478,Community,87
INC04014,Infocity,20.342574,85.815265,Stalking,4,Night,Weekend,Poor,Medium,988,Police,91
INC04015,Mancheswar,20.319562,85.861512,Harassment,3,Evening,Weekend,Good,High,512,Community,48
INC04016,Nayapalli,20.294375,85.806657,Harassment,3,Evening,Weekend,Poor,High,1262,Community,69
INC04017,Baramunda,20.26853,85.80211,Stalking,4,Evening,Weekday,Moderate,Low,1236,Police,76
INC04018,CRP Square,20.317328,85.819968,Assault on Woman,5,Evening,Weekday,Poor,Medium,1243,Community,100
INC04019,Mancheswar,20.32313,85.86421,Harassment,3,Morning,Weekday,Good,High,1096,Community,40
INC04020,Rasulgarh,20.287736,85.872356,Assault on Woman,5,Night,Weekday,Moderate,High,1146,Community,100
INC04021,CRP Square,20.31748,85.823114,Harassment,3,Evening,Weekend,Good,Medium,162,Community,49
INC04022,CRP Square,20.313042,85.822064,Assault on Woman,5,Afternoon,Weekday,Moderate,High,1427,Community,90
INC04023,KIIT Square,20.355357,85.820793,Sexual Harassment,5,Night,Weekend,Poor,Medium,1158,Community,100
INC04024,Rasulgarh,20.288771,85.872644,Assault on Woman,5,Evening,Weekend,Poor,High,457,Community,100
INC04025,Dumduma,20.266159,85.791513,Stalking,4,Evening,Weekend,Poor,Low,426,Community,83
INC04026,CRP Square,20.312387,85.822456,Assault on Woman,5,Evening,Weekday,Good,High,258,Police,86
INC04027,Khandagiri,20.255131,85.784707,Harassment,3,Night,Weekend,Good,Medium,959,Community,63
INC04028,Baramunda,20.269416,85.802284,Assault on Woman,5,Evening,Weekday,Moderate,Medium,243,Community,91
INC04029,Master Canteen,20.268443,85.842221,Stalking,4,Night,Weekend,Good,Low,779,Community,73
INC04030,Pokhariput,20.255493,85.80356,Assault on Woman,5,Night,Weekday,Good,Medium,1315,Community,95
INC04031,Kalpana Square,20.26125,85.844053,Stalking,4,Evening,Weekend,Poor,Medium,275,Police,91
INC04032,Old Town,20.237891,85.83389,Harassment,3,Evening,Weekday,Moderate,Medium,1348,Community,63
INC04033,Kalpana Square,20.262838,85.845573,Harassment,3,Evening,Weekday,Poor,Medium,739,Community,77
INC04034,Saheed Nagar,20.29912,85.840464,Sexual Harassment,5,Afternoon,Weekend,Good,Medium,473,Community,76
INC04035,KIIT Square,20.355917,85.819872,Harassment,3,Afternoon,Weekend,Moderate,Low,1237,Community,51
INC04036,Chandrasekharpur,20.334775,85.820629,Snatching,3,Evening,Weekday,Poor,Medium,105,Community,76
INC04037,Baramunda,20.268533,85.804751,Harassment,3,Evening,Weekend,Poor,Medium,119,Community,74
INC04038,Nayapalli,20.293091,85.804479,Suspicious Activity,2,Night,Weekday,Moderate,Medium,106,Police,58
INC04039,Vani Vihar,20.298071,85.840409,Sexual Harassment,5,Evening,Weekend,Good,Medium,851,Community,80
INC04040,KIIT Square,20.355643,85.817241,Harassment,3,Evening,Weekday,Moderate,Medium,874,Community,60
INC04041,Patia,20.356098,85.820518,Snatching,3,Night,Weekday,Poor,Medium,790,Police,82
INC04042,Dumduma,20.265579,85.796029,Snatching,3,Afternoon,Weekday,Moderate,High,158,Police,56
INC04043,Kalpana Square,20.261825,85.845169,Suspicious Activity,2,Night,Weekend,Good,High,875,Community,42
INC04044,Baramunda,20.26926,85.803778,Snatching,3,Evening,Weekend,Moderate,High,571,Police,64
INC04045,Nayapalli,20.298082,85.804172,Stalking,4,Evening,Weekend,Good,Medium,649,Police,65
INC04046,Patia,20.353513,85.819649,Stalking,4,Afternoon,Weekend,Moderate,Medium,1305,Police,74
INC04047,Lingaraj,20.24328,85.835688,Snatching,3,Night,Weekday,Poor,High,1054,Police,83
INC04048,Baramunda,20.270837,85.802158,Harassment,3,Night,Weekend,Poor,Medium,632,Community,77
INC04049,Chandrasekharpur,20.334279,85.823199,Kidnapping Attempt,5,Evening,Weekend,Poor,High,1343,Community,98
INC04050,Baramunda,20.272637,85.805119,Harassment,3,Morning,Weekday,Good,Low,762,Community,47
INC04051,KIIT Square,20.352056,85.817324,Stalking,4,Night,Weekday,Poor,Medium,611,Community,100
INC04052,Kalpana Square,20.262181,85.845851,Stalking,4,Evening,Weekend,Good,Medium,323,Police,63
INC04053,Chandrasekharpur,20.331914,85.8209,Harassment,3,Evening,Weekday,Moderate,Medium,1287,Community,68
INC04054,Jaydev Vihar,20.298796,85.822222,Snatching,3,Evening,Weekend,Good,High,963,Community,53
INC04055,Mancheswar,20.323854,85.861181,Eve-teasing,2,Evening,Weekend,Moderate,Medium,434,Community,52
INC04056,Baramunda,20.272555,85.80417,Harassment,3,Evening,Weekend,Moderate,Medium,671,Police,61
INC04057,Lingaraj,20.244599,85.834125,Stalking,4,Night,Weekend,Moderate,Medium,1333,Police,88
INC04058,Dumduma,20.264389,85.791472,Stalking,4,Night,Weekend,Good,Medium,762,Community,79
INC04059,Vani Vihar,20.295689,85.840746,Harassment,3,Evening,Weekend,Good,High,382,Community,52
INC04060,Jaydev Vihar,20.300472,85.817365,Stalking,4,Evening,Weekend,Moderate,Medium,1225,Community,73
INC04061,Nayapalli,20.298233,85.803474,Eve-teasing,2,Afternoon,Weekday,Good,Low,589,Community,27
INC04062,Rasulgarh,20.290439,85.87159,Stalking,4,Night,Weekend,Poor,High,1435,Community,98
INC04063,CRP Square,20.317344,85.821818,Stalking,4,Morning,Weekday,Good,Medium,1378,Community,64
INC04064,Nayapalli,20.298691,85.807025,Stalking,4,Night,Weekday,Poor,Medium,723,Police,96
INC04065,Infocity,20.343875,85.815894,Sexual Harassment,5,Evening,Weekend,Good,Medium,1000,Police,86
INC04066,Infocity,20.342395,85.814359,Stalking,4,Evening,Weekday,Good,Medium,595,Community,66
INC04067,Kalpana Square,20.261109,85.84369,Harassment,3,Evening,Weekend,Good,High,912,Community,52
INC04068,Master Canteen,20.267877,85.840365,Harassment,3,Afternoon,Weekend,Poor,High,625,Police,70
INC04069,Baramunda,20.267654,85.80379,Harassment,3,Afternoon,Weekday,Poor,Medium,256,Police,68
INC04070,Khandagiri,20.255481,85.778855,Kidnapping Attempt,5,Morning,Weekend,Poor,High,138,Community,96
INC04071,Patia,20.354229,85.819648,Harassment,3,Evening,Weekday,Moderate,High,263,Community,61
INC04072,Infocity,20.342897,85.817837,Sexual Harassment,5,Morning,Weekend,Good,Low,741,Community,75
INC04073,Jaydev Vihar,20.301104,85.822856,Stalking,4,Morning,Weekday,Poor,Medium,1268,Police,78
INC04074,Rasulgarh,20.289272,85.873632,Harassment,3,Evening,Weekend,Poor,High,1229,Community,73
INC04075,Lingaraj,20.240504,85.836213,Eve-teasing,2,Night,Weekend,Poor,Low,845,Community,66
INC04076,Infocity,20.341467,85.814842,Harassment,3,Evening,Weekend,Poor,Low,603,Community,78
INC04077,Old Town,20.236272,85.834807,Sexual Harassment,5,Evening,Weekday,Poor,Low,676,Community,99
INC04078,KIIT Square,20.354556,85.816683,Harassment,3,Night,Weekday,Moderate,High,633,Community,65
INC04079,Vani Vihar,20.298522,85.842706,Kidnapping Attempt,5,Night,Weekday,Moderate,Medium,714,Community,100
INC04080,Nayapalli,20.296844,85.806953,Suspicious Activity,2,Evening,Weekend,Poor,Low,356,Police,61
INC04081,Patia,20.358038,85.817008,Stalking,4,Night,Weekend,Poor,Low,681,Police,97
INC04082,Infocity,20.345588,85.817648,Harassment,3,Evening,Weekday,Good,High,749,Community,56
INC04083,Khandagiri,20.256575,85.784403,Harassment,3,Night,Weekday,Moderate,Medium,368,Community,74
INC04084,Kalpana Square,20.260745,85.844694,Harassment,3,Evening,Weekday,Moderate,High,1000,Community,61
INC04085,Rasulgarh,20.290511,85.870272,Harassment,3,Afternoon,Weekday,Poor,Low,655,Police,62
INC04086,Nayapalli,20.293101,85.805507,Harassment,3,Afternoon,Weekend,Poor,Low,320,Community,60
INC04087,Pokhariput,20.252091,85.806112,Stalking,4,Night,Weekday,Moderate,Low,591,Police,90
INC04088,Acharya Vihar,20.297954,85.83433,Snatching,3,Morning,Weekday,Moderate,Medium,853,Police,56
INC04089,Dumduma,20.263987,85.793307,Stalking,4,Evening,Weekday,Poor,Medium,549,Police,86
INC04090,Vani Vihar,20.295736,85.83943,Assault on Woman,5,Evening,Weekend,Moderate,Low,1133,Community,95
INC04091,Dumduma,20.265711,85.794176,Kidnapping Attempt,5,Night,Weekday,Poor,Medium,1087,Community,100
INC04092,Vani Vihar,20.295191,85.843093,Stalking,4,Morning,Weekend,Moderate,Medium,840,Community,74
INC04093,Lingaraj,20.24381,85.835387,Sexual Harassment,5,Night,Weekend,Poor,Medium,959,Community,100
INC04094,Master Canteen,20.267255,85.838939,Harassment,3,Morning,Weekend,Moderate,Medium,1015,Community,57
INC04095,KIIT Square,20.353313,85.815191,Sexual Harassment,5,Afternoon,Weekend,Moderate,Low,1457,Police,80
INC04096,Lingaraj,20.243513,85.831282,Sexual Harassment,5,Evening,Weekend,Good,Medium,1395,Community,82
INC04097,CRP Square,20.313141,85.820006,Eve-teasing,2,Afternoon,Weekday,Moderate,High,650,Community,42
INC04098,Chandrasekharpur,20.329484,85.821249,Assault on Woman,5,Evening,Weekend,Poor,High,470,Community,100
INC04099,CRP Square,20.315663,85.824822,Kidnapping Attempt,5,Morning,Weekday,Moderate,Low,617,Police,86
INC04100,Lingaraj,20.242522,85.8339,Stalking,4,Night,Weekend,Moderate,Medium,809,Community,85
INC04101,Old Town,20.239206,85.83115,Harassment,3,Afternoon,Weekday,Poor,Low,494,Community,60
INC04102,Lingaraj,20.245195,85.832327,Harassment,3,Morning,Weekend,Good,Medium,195,Community,47
INC04103,Infocity,20.343299,85.815265,Sexual Harassment,5,Night,Weekday,Good,High,873,Community,89
INC04104,Pokhariput,20.253411,85.803387,Suspicious Activity,2,Afternoon,Weekend,Good,Low,882,Police,29
INC04105,CRP Square,20.314285,85.823744,Harassment,3,Morning,Weekday,Moderate,Medium,1106,Police,58
INC04106,Infocity,20.34426,85.813236,Harassment,3,Evening,Weekday,Poor,High,1453,Community,77
INC04107,Chandrasekharpur,20.331737,85.822409,Snatching,3,Night,Weekend,Good,Medium,1488,Community,60
INC04108,Master Canteen,20.268699,85.838128,Sexual Harassment,5,Afternoon,Weekend,Poor,Medium,1044,Police,95
INC04109,CRP Square,20.317863,85.824001,Kidnapping Attempt,5,Morning,Weekday,Moderate,Medium,1367,Community,90
INC04110,CRP Square,20.31524,85.824119,Assault on Woman,5,Evening,Weekday,Good,High,109,Community,81
INC04111,Khandagiri,20.254649,85.782471,Suspicious Activity,2,Evening,Weekend,Good,Medium,166,Community,35
INC04112,Master Canteen,20.267571,85.840083,Stalking,4,Night,Weekend,Poor,Medium,695,Police,91
INC04113,Saheed Nagar,20.295849,85.838825,Assault on Woman,5,Night,Weekday,Good,Low,514,Community,90
INC04114,Infocity,20.346747,85.818891,Stalking,4,Night,Weekend,Poor,Low,1214,Police,90
INC04115,Pokhariput,20.257057,85.804824,Kidnapping Attempt,5,Evening,Weekday,Moderate,Medium,979,Police,89
INC04116,Acharya Vihar,20.300013,85.833816,Sexual Harassment,5,Night,Weekend,Good,Medium,752,Community,92
INC04117,Jaydev Vihar,20.298801,85.817642,Harassment,3,Evening,Weekend,Good,Medium,294,Police,58
INC04118,Kalpana Square,20.262845,85.845477,Kidnapping Attempt,5,Afternoon,Weekend,Moderate,Low,1091,Community,90
INC04119,Chandrasekharpur,20.331712,85.818039,Harassment,3,Evening,Weekday,Moderate,Medium,661,Community,62
INC04120,Baramunda,20.268411,85.806249,Stalking,4,Night,Weekday,Moderate,Medium,492,Community,84
INC04121,Nayapalli,20.295756,85.807552,Harassment,3,Evening,Weekend,Poor,Medium,1106,Police,71
INC04122,Infocity,20.346403,85.813204,Stalking,4,Night,Weekday,Poor,Medium,1444,Community,90
INC04123,Khandagiri,20.254602,85.78249,Snatching,3,Night,Weekday,Poor,Medium,1423,Police,80
INC04124,Vani Vihar,20.29628,85.843005,Assault on Woman,5,Night,Weekday,Good,High,728,Community,92
INC04125,Nayapalli,20.295511,85.806212,Snatching,3,Evening,Weekday,Poor,Medium,805,Community,78
INC04126,Rasulgarh,20.290331,85.869747,Sexual Harassment,5,Evening,Weekend,Poor,Low,1287,Community,98
INC04127,Acharya Vihar,20.301584,85.832523,Assault on Woman,5,Night,Weekday,Poor,Medium,1455,Police,100
INC04128,Mancheswar,20.321108,85.861503,Assault on Woman,5,Evening,Weekend,Good,High,1262,Community,81
INC04129,Kalpana Square,20.261154,85.845597,Assault on Woman,5,Evening,Weekend,Moderate,Low,609,Community,90
INC04130,Khandagiri,20.257046,85.781126,Harassment,3,Morning,Weekend,Moderate,Low,594,Community,56
INC04131,CRP Square,20.315616,85.820206,Stalking,4,Evening,Weekday,Good,Medium,1089,Community,73
INC04132,Mancheswar,20.319625,85.865032,Suspicious Activity,2,Evening,Weekend,Moderate,Medium,813,Community,45
INC04133,Jaydev Vihar,20.303435,85.818339,Stalking,4,Night,Weekend,Good,Medium,367,Community,78
INC04134,Lingaraj,20.241338,85.831042,Eve-teasing,2,Night,Weekend,Moderate,Low,616,Community,57
INC04135,Nayapalli,20.298099,85.802774,Snatching,3,Evening,Weekend,Moderate,Medium,778,Police,59
INC04136,Mancheswar,20.32186,85.861433,Harassment,3,Afternoon,Weekend,Moderate,Medium,1388,Community,55
INC04137,Master Canteen,20.269757,85.839963,Harassment,3,Evening,Weekday,Moderate,Low,632,Community,66
INC04138,CRP Square,20.313874,85.821758,Stalking,4,Afternoon,Weekday,Good,Medium,343,Community,61
INC04139,CRP Square,20.313409,85.821101,Assault on Woman,5,Afternoon,Weekday,Good,Low,361,Police,75
INC04140,Baramunda,20.271821,85.804246,Sexual Harassment,5,Afternoon,Weekday,Poor,Medium,846,Police,94
INC04141,CRP Square,20.316978,85.820868,Stalking,4,Afternoon,Weekday,Good,High,1285,Community,55
INC04142,Baramunda,20.269775,85.802334,Snatching,3,Evening,Weekday,Poor,High,446,Police,76
INC04143,Nayapalli,20.29469,85.807899,Assault on Woman,5,Night,Weekend,Poor,High,1072,Community,100
INC04144,Chandrasekharpur,20.331311,85.821011,Kidnapping Attempt,5,Evening,Weekend,Poor,Medium,1309,Community,100
INC04145,Khandagiri,20.25996,85.780314,Stalking,4,Night,Weekday,Good,High,1201,Community,72
INC04146,Mancheswar,20.324173,85.862569,Assault on Woman,5,Morning,Weekday,Moderate,Medium,1238,Police,80
INC04147,Mancheswar,20.321525,85.862932,Harassment,3,Night,Weekday,Moderate,Medium,365,Community,67
INC04148,Pokhariput,20.253921,85.802071,Suspicious Activity,2,Evening,Weekday,Poor,Medium,847,Community,53
INC04149,Dumduma,20.264069,85.791042,Sexual Harassment,5,Afternoon,Weekend,Good,Low,1034,Community,78
INC04150,Dumduma,20.264778,85.795716,Snatching,3,Night,Weekday,Moderate,High,490,Community,66
INC04151,Pokhariput,20.256582,85.804427,Harassment,3,Afternoon,Weekend,Good,Low,1308,Community,50
INC04152,Acharya Vihar,20.298615,85.83409,Harassment,3,Night,Weekday,Good,Medium,1249,Community,55
INC04153,Master Canteen,20.269718,85.839,Snatching,3,Night,Weekday,Moderate,Low,416,Community,71
INC04154,Nayapalli,20.298112,85.803838,Assault on Woman,5,Afternoon,Weekend,Poor,High,1293,Police,100
INC04155,Khandagiri,20.256607,85.779331,Assault on Woman,5,Evening,Weekend,Poor,Low,591,Community,100
INC04156,Master Canteen,20.266891,85.841093,Suspicious Activity,2,Afternoon,Weekend,Moderate,High,1156,Police,36
INC04157,Infocity,20.34116,85.814927,Snatching,3,Night,Weekday,Moderate,High,1403,Community,71
INC04158,Khandagiri,20.258109,85.783348,Snatching,3,Night,Weekend,Poor,Low,1348,Community,81
INC04159,Mancheswar,20.322952,85.864912,Stalking,4,Afternoon,Weekend,Moderate,Low,1359,Community,66
INC04160,Nayapalli,20.298533,85.802485,Suspicious Activity,2,Morning,Weekend,Poor,Low,1069,Community,53
INC04161,Nayapalli,20.294805,85.806432,Sexual Harassment,5,Afternoon,Weekday,Good,Low,1280,Police,76
INC04162,Pokhariput,20.255101,85.803387,Kidnapping Attempt,5,Night,Weekday,Poor,Low,1110,Community,100
INC04163,Pokhariput,20.252135,85.803741,Assault on Woman,5,Morning,Weekend,Moderate,Medium,530,Police,90
INC04164,Master Canteen,20.266881,85.843446,Stalking,4,Afternoon,Weekday,Moderate,Low,865,Police,71
INC04165,Pokhariput,20.256908,85.805374,Harassment,3,Morning,Weekend,Moderate,Medium,327,Community,53
INC04166,Jaydev Vihar,20.299123,85.820724,Harassment,3,Night,Weekday,Good,Medium,176,Community,60
INC04167,Mancheswar,20.321359,85.864905,Snatching,3,Night,Weekend,Moderate,High,970,Community,70
INC04168,CRP Square,20.317026,85.822196,Suspicious Activity,2,Evening,Weekday,Moderate,High,211,Police,51
INC04169,Nayapalli,20.297016,85.805619,Stalking,4,Night,Weekday,Good,Low,216,Community,76
INC04170,Khandagiri,20.256344,85.783422,Assault on Woman,5,Morning,Weekday,Good,High,375,Community,72
INC04171,Saheed Nagar,20.298486,85.841582,Harassment,3,Night,Weekday,Moderate,High,986,Police,75
INC04172,Dumduma,20.263269,85.796745,Suspicious Activity,2,Evening,Weekend,Moderate,High,1142,Community,48
INC04173,Pokhariput,20.256348,85.803557,Stalking,4,Evening,Weekend,Poor,Medium,1175,Community,89
INC04174,Dumduma,20.262345,85.791308,Stalking,4,Afternoon,Weekday,Moderate,Medium,642,Community,68
INC04175,Baramunda,20.270058,85.801817,Stalking,4,Afternoon,Weekday,Moderate,Medium,689,Community,69
INC04176,Baramunda,20.268974,85.805471,Stalking,4,Afternoon,Weekday,Good,High,1335,Police,65
INC04177,Infocity,20.344543,85.81689,Assault on Woman,5,Afternoon,Weekend,Moderate,Low,845,Community,85
INC04178,Mancheswar,20.320069,85.864147,Harassment,3,Afternoon,Weekend,Good,Low,1426,Community,41
INC04179,Master Canteen,20.266486,85.838035,Snatching,3,Afternoon,Weekend,Poor,Medium,1043,Community,63
INC04180,KIIT Square,20.353273,85.820833,Sexual Harassment,5,Night,Weekday,Moderate,Medium,998,Community,99
INC04181,Kalpana Square,20.258628,85.841517,Assault on Woman,5,Evening,Weekday,Poor,Medium,1082,Community,100
INC04182,Dumduma,20.263346,85.795424,Stalking,4,Night,Weekday,Moderate,Medium,1040,Community,85
INC04183,Pokhariput,20.252488,85.80471,Harassment,3,Evening,Weekday,Good,High,1015,Police,48
INC04184,Nayapalli,20.293389,85.807957,Harassment,3,Morning,Weekend,Moderate,Low,712,Community,60
INC04185,Nayapalli,20.296227,85.807811,Assault on Woman,5,Evening,Weekday,Moderate,Medium,292,Community,94
INC04186,Rasulgarh,20.290411,85.870706,Harassment,3,Afternoon,Weekday,Poor,Medium,595,Community,64
INC04187,Acharya Vihar,20.30159,85.837934,Snatching,3,Evening,Weekday,Poor,High,857,Community,68
INC04188,Baramunda,20.27202,85.801465,Stalking,4,Afternoon,Weekend,Moderate,High,1052,Community,68
INC04189,Chandrasekharpur,20.330698,85.818753,Kidnapping Attempt,5,Night,Weekend,Good,Medium,212,Community,86
INC04190,Khandagiri,20.260241,85.779578,Assault on Woman,5,Night,Weekday,Good,Medium,1392,Police,91
INC04191,Baramunda,20.268246,85.805078,Harassment,3,Morning,Weekday,Moderate,Low,868,Police,53
INC04192,Old Town,20.235443,85.833421,Stalking,4,Afternoon,Weekend,Poor,Medium,1114,Community,77
INC04193,Jaydev Vihar,20.302327,85.822255,Harassment,3,Afternoon,Weekend,Moderate,Low,818,Police,51
INC04194,Jaydev Vihar,20.302011,85.822538,Assault on Woman,5,Evening,Weekday,Good,Low,1449,Community,83
INC04195,Lingaraj,20.245302,85.83185,Harassment,3,Night,Weekend,Good,High,1063,Community,57
INC04196,KIIT Square,20.355566,85.820597,Suspicious Activity,2,Night,Weekday,Poor,High,930,Police,61
INC04197,Vani Vihar,20.295598,85.842936,Harassment,3,Night,Weekday,Good,Medium,1399,Community,59
INC04198,Dumduma,20.265512,85.793513,Stalking,4,Night,Weekend,Poor,Medium,548,Community,95
INC04199,Rasulgarh,20.29084,85.86838,Assault on Woman,5,Night,Weekend,Moderate,Low,1354,Community,100
INC04200,Dumduma,20.264479,85.791254,Sexual Harassment,5,Night,Weekday,Poor,Medium,527,Police,100
INC04201,Master Canteen,20.270406,85.838755,Assault on Woman,5,Evening,Weekend,Good,Medium,120,Community,85
INC04202,Patia,20.356944,85.816593,Harassment,3,Evening,Weekday,Poor,Medium,761,Community,77
INC04203,Lingaraj,20.2456,85.836205,Stalking,4,Evening,Weekend,Poor,Low,372,Community,85
INC04204,Acharya Vihar,20.298441,85.832368,Harassment,3,Afternoon,Weekend,Good,High,176,Police,49
INC04205,Chandrasekharpur,20.330477,85.822553,Snatching,3,Evening,Weekday,Good,Medium,286,Police,50
INC04206,Jaydev Vihar,20.298653,85.821894,Assault on Woman,5,Afternoon,Weekend,Moderate,Medium,347,Community,82
INC04207,Nayapalli,20.293874,85.806429,Harassment,3,Afternoon,Weekday,Good,High,573,Community,40
INC04208,Patia,20.352876,85.819659,Harassment,3,Evening,Weekday,Moderate,Medium,642,Community,63
INC04209,Mancheswar,20.322403,85.865285,Suspicious Activity,2,Afternoon,Weekend,Good,High,760,Police,26
INC04210,Kalpana Square,20.258684,85.844419,Harassment,3,Evening,Weekend,Moderate,Medium,869,Community,66
INC04211,Master Canteen,20.268177,85.840256,Assault on Woman,5,Night,Weekday,Good,High,1414,Community,94
INC04212,Lingaraj,20.245579,85.83326,Harassment,3,Afternoon,Weekend,Poor,Low,784,Community,62
INC04213,Infocity,20.346595,85.817684,Stalking,4,Evening,Weekend,Moderate,High,1325,Community,82
INC04214,Master Canteen,20.267173,85.842358,Suspicious Activity,2,Afternoon,Weekday,Moderate,Low,419,Community,41
INC04215,Vani Vihar,20.295116,85.839964,Harassment,3,Evening,Weekday,Good,Medium,269,Community,53
INC04216,Acharya Vihar,20.300608,85.832168,Harassment,3,Afternoon,Weekday,Poor,Low,696,Police,60
INC04217,Khandagiri,20.255531,85.78083,Harassment,3,Afternoon,Weekday,Moderate,High,857,Community,60
INC04218,Dumduma,20.26487,85.792323,Snatching,3,Night,Weekday,Poor,Medium,813,Community,81
INC04219,Vani Vihar,20.29518,85.844727,Snatching,3,Afternoon,Weekday,Moderate,High,800,Community,53
INC04220,Dumduma,20.264864,85.794495,Stalking,4,Night,Weekday,Good,Low,1348,Community,73
INC04221,Mancheswar,20.320608,85.864368,Assault on Woman,5,Evening,Weekday,Moderate,Medium,479,Community,95
INC04222,Rasulgarh,20.291489,85.869147,Harassment,3,Morning,Weekend,Good,Medium,243,Community,49
INC04223,Dumduma,20.263363,85.793738,Sexual Harassment,5,Evening,Weekday,Moderate,Medium,1369,Community,96
INC04224,Old Town,20.237285,85.833178,Eve-teasing,2,Evening,Weekday,Poor,Medium,1461,Police,60
INC04225,Acharya Vihar,20.297781,85.836099,Stalking,4,Night,Weekday,Moderate,Low,1381,Community,81
INC04226,Old Town,20.237463,85.83492,Stalking,4,Night,Weekday,Good,Medium,1012,Community,80
INC04227,Mancheswar,20.324698,85.865434,Sexual Harassment,5,Evening,Weekday,Moderate,High,510,Community,92
INC04228,Baramunda,20.268949,85.802192,Suspicious Activity,2,Night,Weekday,Good,Medium,560,Community,46
INC04229,Baramunda,20.26879,85.801352,Eve-teasing,2,Night,Weekday,Poor,Low,525,Community,65
INC04230,Khandagiri,20.255219,85.782452,Harassment,3,Evening,Weekend,Poor,Medium,606,Community,68
INC04231,Rasulgarh,20.292989,85.872485,Snatching,3,Afternoon,Weekend,Poor,High,922,Community,67
INC04232,Master Canteen,20.26637,85.84063,Assault on Woman,5,Evening,Weekday,Moderate,High,1136,Community,91
INC04233,Master Canteen,20.270422,85.840761,Eve-teasing,2,Morning,Weekend,Good,High,175,Community,29
INC04234,Dumduma,20.263232,85.794636,Sexual Harassment,5,Afternoon,Weekday,Good,High,1142,Community,79
INC04235,Patia,20.355605,85.82146,Harassment,3,Night,Weekend,Poor,High,447,Community,76
INC04236,Mancheswar,20.319185,85.864411,Harassment,3,Afternoon,Weekday,Poor,Medium,215,Police,61
INC04237,Infocity,20.341241,85.818084,Harassment,3,Night,Weekday,Good,High,812,Community,55
INC04238,Infocity,20.344133,85.815734,Stalking,4,Evening,Weekday,Moderate,High,981,Community,78
INC04239,Khandagiri,20.257634,85.780873,Harassment,3,Morning,Weekend,Moderate,Medium,346,Community,52
INC04240,CRP Square,20.312936,85.821057,Harassment,3,Afternoon,Weekend,Moderate,High,785,Community,51
INC04241,Acharya Vihar,20.299825,85.832577,Suspicious Activity,2,Afternoon,Weekend,Moderate,High,329,Community,36
INC04242,Nayapalli,20.294529,85.806185,Harassment,3,Evening,Weekend,Poor,Medium,348,Police,68
INC04243,Saheed Nagar,20.294246,85.839074,Stalking,4,Evening,Weekday,Moderate,High,1427,Police,78
INC04244,Baramunda,20.270293,85.803622,Kidnapping Attempt,5,Night,Weekday,Poor,Medium,1314,Community,100
INC04245,Kalpana Square,20.261033,85.845537,Harassment,3,Evening,Weekday,Poor,Medium,252,Police,77
INC04246,Khandagiri,20.254654,85.78237,Sexual Harassment,5,Night,Weekday,Good,Low,1378,Community,86
INC04247,Acharya Vihar,20.299685,85.837392,Assault on Woman,5,Night,Weekend,Moderate,Medium,626,Community,100
INC04248,Saheed Nagar,20.295785,85.838464,Harassment,3,Evening,Weekend,Good,High,597,Community,54
INC04249,Kalpana Square,20.260292,85.845272,Suspicious Activity,2,Morning,Weekend,Good,Low,1258,Community,27
INC04250,Jaydev Vihar,20.299134,85.821416,Sexual Harassment,5,Evening,Weekday,Moderate,Medium,1458,Community,95
INC04251,Patia,20.355164,85.821845,Stalking,4,Afternoon,Weekday,Good,Medium,556,Community,56
INC04252,Saheed Nagar,20.294383,85.840333,Snatching,3,Evening,Weekday,Good,High,609,Police,54
INC04253,Lingaraj,20.240097,85.833677,Assault on Woman,5,Night,Weekday,Good,Low,766,Police,95
INC04254,Lingaraj,20.245243,85.831348,Assault on Woman,5,Night,Weekday,Poor,Medium,1301,Community,100
INC04255,Patia,20.35211,85.817936,Assault on Woman,5,Morning,Weekend,Moderate,Medium,1475,Police,87
INC04256,CRP Square,20.314472,85.823647,Harassment,3,Evening,Weekday,Poor,High,1294,Community,73
INC04257,Lingaraj,20.242426,85.836984,Stalking,4,Evening,Weekday,Poor,Medium,140,Community,83
INC04258,Nayapalli,20.293292,85.805651,Suspicious Activity,2,Evening,Weekday,Good,Medium,482,Community,42
INC04259,Old Town,20.24078,85.836347,Eve-teasing,2,Night,Weekday,Moderate,High,1275,Police,51
INC04260,Khandagiri,20.254895,85.779089,Harassment,3,Morning,Weekend,Good,Medium,1296,Community,40
INC04261,Lingaraj,20.240706,85.834782,Harassment,3,Afternoon,Weekend,Poor,Medium,1198,Community,67
INC04262,Vani Vihar,20.294804,85.844673,Harassment,3,Evening,Weekend,Good,Low,291,Police,55
INC04263,Master Canteen,20.26614,85.842159,Stalking,4,Night,Weekday,Good,High,1111,Community,73
INC04264,Nayapalli,20.295126,85.807638,Sexual Harassment,5,Night,Weekend,Poor,Medium,207,Police,100
INC04265,KIIT Square,20.355681,85.815353,Kidnapping Attempt,5,Evening,Weekend,Good,Medium,837,Police,85
INC04266,Saheed Nagar,20.29575,85.83865,Sexual Harassment,5,Evening,Weekday,Good,Medium,1111,Community,87
INC04267,CRP Square,20.312628,85.81934,Harassment,3,Evening,Weekday,Poor,Low,524,Community,69
INC04268,Chandrasekharpur,20.332804,85.822813,Harassment,3,Morning,Weekday,Good,High,298,Police,46
INC04269,Vani Vihar,20.294148,85.841784,Snatching,3,Evening,Weekend,Moderate,Low,824,Community,64
INC04270,Infocity,20.343992,85.815377,Assault on Woman,5,Evening,Weekend,Poor,High,557,Police,100
INC04271,Infocity,20.344881,85.813751,Stalking,4,Afternoon,Weekday,Moderate,Low,1009,Community,66
INC04272,Nayapalli,20.296889,85.807143,Harassment,3,Morning,Weekend,Poor,High,468,Community,64
INC04273,Old Town,20.238508,85.836417,Snatching,3,Night,Weekday,Moderate,Medium,1138,Police,69
INC04274,Saheed Nagar,20.296499,85.839847,Snatching,3,Afternoon,Weekend,Moderate,High,187,Community,58
INC04275,Pokhariput,20.252506,85.804834,Stalking,4,Evening,Weekday,Good,Low,559,Community,70
INC04276,Lingaraj,20.243876,85.834723,Sexual Harassment,5,Night,Weekend,Moderate,Medium,556,Police,100
INC04277,Master Canteen,20.267296,85.841172,Stalking,4,Afternoon,Weekday,Good,Low,132,Community,59
INC04278,CRP Square,20.316777,85.819942,Assault on Woman,5,Afternoon,Weekday,Moderate,Low,260,Community,82
INC04279,Kalpana Square,20.261411,85.844924,Stalking,4,Night,Weekend,Moderate,High,874,Police,86
INC04280,Dumduma,20.263675,85.795066,Suspicious Activity,2,Night,Weekday,Good,Medium,963,Community,42
INC04281,Pokhariput,20.253503,85.804832,Sexual Harassment,5,Morning,Weekend,Poor,Low,1382,Community,93
INC04282,Saheed Nagar,20.299231,85.842679,Assault on Woman,5,Evening,Weekend,Poor,Medium,146,Community,100
INC04283,Vani Vihar,20.299979,85.839825,Assault on Woman,5,Night,Weekday,Poor,Low,475,Community,100
INC04284,Old Town,20.236208,85.833876,Snatching,3,Evening,Weekend,Moderate,Low,1365,Community,62
INC04285,Dumduma,20.261137,85.793153,Stalking,4,Evening,Weekend,Poor,Low,588,Police,87
INC04286,Infocity,20.344167,85.816617,Harassment,3,Evening,Weekend,Good,High,278,Community,51
INC04287,Pokhariput,20.253826,85.803949,Assault on Woman,5,Night,Weekday,Moderate,Low,148,Community,99
INC04288,Dumduma,20.261275,85.7922,Suspicious Activity,2,Evening,Weekend,Poor,Medium,213,Community,59
INC04289,Master Canteen,20.268004,85.838207,Suspicious Activity,2,Evening,Weekday,Poor,Medium,1404,Community,59
INC04290,Rasulgarh,20.290014,85.869304,Stalking,4,Evening,Weekday,Good,Low,1066,Community,68
INC04291,Kalpana Square,20.257899,85.841896,Snatching,3,Evening,Weekday,Good,High,420,Police,52
INC04292,Kalpana Square,20.259052,85.842662,Stalking,4,Afternoon,Weekend,Moderate,Medium,1114,Community,65
INC04293,Infocity,20.346474,85.813177,Harassment,3,Evening,Weekday,Good,High,873,Community,48
INC04294,Mancheswar,20.321474,85.864065,Harassment,3,Afternoon,Weekday,Poor,Medium,1329,Community,66
INC04295,Master Canteen,20.269755,85.843785,Assault on Woman,5,Evening,Weekend,Moderate,Medium,100,Community,92
INC04296,Chandrasekharpur,20.329687,85.81916,Harassment,3,Afternoon,Weekend,Poor,Low,1188,Community,62
INC04297,Old Town,20.238869,85.833589,Sexual Harassment,5,Evening,Weekday,Moderate,Low,870,Community,94
INC04298,Master Canteen,20.267511,85.842045,Stalking,4,Afternoon,Weekday,Good,Medium,1398,Police,64
INC04299,Vani Vihar,20.297721,85.840975,Stalking,4,Evening,Weekend,Good,Low,471,Community,72
INC04300,Master Canteen,20.267542,85.83956,Harassment,3,Night,Weekday,Moderate,Low,511,Community,65
INC04301,Pokhariput,20.254811,85.805635,Snatching,3,Night,Weekend,Good,Medium,658,Police,63
INC04302,Jaydev Vihar,20.301117,85.817377,Suspicious Activity,2,Night,Weekend,Poor,Medium,655,Community,70
INC04303,Rasulgarh,20.292238,85.871719,Harassment,3,Night,Weekend,Poor,High,751,Community,77
INC04304,KIIT Square,20.355382,85.819616,Harassment,3,Night,Weekday,Moderate,High,968,Community,71
INC04305,Pokhariput,20.254403,85.80633,Snatching,3,Night,Weekday,Poor,High,439,Community,82
INC04306,Chandrasekharpur,20.332299,85.819161,Stalking,4,Night,Weekday,Moderate,Medium,932,Community,86
INC04307,Infocity,20.34227,85.818594,Snatching,3,Night,Weekday,Good,Medium,1114,Community,59
INC04308,Saheed Nagar,20.297215,85.843261,Kidnapping Attempt,5,Evening,Weekend,Moderate,Low,346,Community,92
INC04309,Vani Vihar,20.297136,85.842463,Snatching,3,Night,Weekday,Moderate,Low,452,Police,66
INC04310,Acharya Vihar,20.300417,85.835775,Stalking,4,Afternoon,Weekend,Good,Medium,1230,Community,55
INC04311,Chandrasekharpur,20.331659,85.821827,Stalking,4,Evening,Weekend,Moderate,Medium,388,Community,81
INC04312,Acharya Vihar,20.298893,85.832908,Harassment,3,Evening,Weekday,Poor,High,1370,Community,69
INC04313,Master Canteen,20.268047,85.838771,Harassment,3,Afternoon,Weekend,Poor,Low,296,Police,65
INC04314,Dumduma,20.266145,85.796692,Eve-teasing,2,Evening,Weekday,Poor,Medium,1010,Community,62
INC04315,Master Canteen,20.268609,85.840833,Sexual Harassment,5,Evening,Weekend,Poor,High,339,Community,100
INC04316,Nayapalli,20.294179,85.804401,Harassment,3,Afternoon,Weekday,Moderate,Low,556,Police,53
INC04317,Acharya Vihar,20.297531,85.832601,Sexual Harassment,5,Evening,Weekday,Good,Medium,770,Police,87
INC04318,Baramunda,20.271011,85.803149,Assault on Woman,5,Evening,Weekday,Poor,Medium,186,Community,100
INC04319,Old Town,20.238948,85.831756,Stalking,4,Evening,Weekend,Good,High,644,Police,66
INC04320,Baramunda,20.271828,85.806185,Stalking,4,Night,Weekend,Poor,Medium,1155,Community,93
INC04321,Dumduma,20.263516,85.79611,Stalking,4,Evening,Weekday,Poor,Low,1286,Community,84
INC04322,Lingaraj,20.241164,85.831794,Kidnapping Attempt,5,Evening,Weekday,Moderate,High,385,Community,94
INC04323,Khandagiri,20.260453,85.780567,Harassment,3,Evening,Weekend,Poor,Low,283,Community,70
INC04324,Master Canteen,20.267275,85.842567,Harassment,3,Evening,Weekday,Good,Medium,1089,Community,50
INC04325,Mancheswar,20.320242,85.863881,Assault on Woman,5,Night,Weekday,Good,Low,541,Community,94
INC04326,Mancheswar,20.324832,85.866282,Sexual Harassment,5,Night,Weekend,Good,Low,1464,Police,95
INC04327,Vani Vihar,20.295788,85.844906,Stalking,4,Morning,Weekday,Moderate,Low,1386,Police,73
INC04328,Rasulgarh,20.291664,85.87313,Harassment,3,Morning,Weekday,Poor,Medium,653,Police,68
INC04329,Infocity,20.345613,85.813711,Sexual Harassment,5,Night,Weekend,Good,Low,952,Community,90
INC04330,Khandagiri,20.255114,85.784094,Harassment,3,Afternoon,Weekday,Poor,High,780,Community,70
INC04331,Mancheswar,20.3231,85.864571,Harassment,3,Night,Weekday,Moderate,Low,1372,Police,65
INC04332,Rasulgarh,20.287695,85.871861,Stalking,4,Evening,Weekday,Poor,High,854,Police,87
INC04333,Lingaraj,20.24342,85.831164,Harassment,3,Night,Weekend,Good,Low,127,Community,56
INC04334,Saheed Nagar,20.296298,85.841944,Eve-teasing,2,Afternoon,Weekend,Moderate,Medium,500,Community,44
INC04335,Saheed Nagar,20.293818,85.8417,Harassment,3,Morning,Weekend,Good,High,512,Police,40
INC04336,Rasulgarh,20.291926,85.873791,Harassment,3,Night,Weekday,Poor,Medium,1248,Community,83
INC04337,Baramunda,20.269973,85.802588,Eve-teasing,2,Afternoon,Weekend,Poor,Medium,829,Police,46
INC04338,Mancheswar,20.319978,85.862697,Snatching,3,Night,Weekend,Poor,Medium,1022,Police,85
INC04339,Chandrasekharpur,20.332841,85.819229,Harassment,3,Afternoon,Weekday,Good,High,1150,Community,49
INC04340,Lingaraj,20.242402,85.833644,Sexual Harassment,5,Morning,Weekend,Poor,Low,417,Community,98
INC04341,Dumduma,20.263272,85.796252,Suspicious Activity,2,Morning,Weekday,Poor,High,633,Community,45
INC04342,Dumduma,20.264187,85.796923,Snatching,3,Evening,Weekday,Poor,Medium,1399,Community,76
INC04343,Vani Vihar,20.299763,85.839271,Snatching,3,Evening,Weekend,Good,Medium,269,Community,53
INC04344,Mancheswar,20.320835,85.863129,Assault on Woman,5,Night,Weekend,Moderate,Medium,1228,Community,98
INC04345,Patia,20.354194,85.820423,Snatching,3,Night,Weekend,Good,High,247,Community,58
INC04346,Infocity,20.341201,85.813223,Stalking,4,Afternoon,Weekday,Poor,Medium,1445,Community,77
INC04347,Khandagiri,20.255121,85.784048,Assault on Woman,5,Evening,Weekend,Poor,High,769,Police,100
INC04348,Jaydev Vihar,20.300167,85.81747,Stalking,4,Afternoon,Weekday,Poor,Medium,1255,Community,75
INC04349,KIIT Square,20.353968,85.815727,Assault on Woman,5,Afternoon,Weekend,Good,Medium,983,Community,71
INC04350,Dumduma,20.261945,85.795501,Eve-teasing,2,Morning,Weekday,Moderate,Medium,377,Police,41
INC04351,Jaydev Vihar,20.302907,85.819478,Harassment,3,Night,Weekday,Good,High,1404,Community,56
INC04352,Acharya Vihar,20.298316,85.836176,Snatching,3,Afternoon,Weekend,Moderate,Low,790,Police,60
INC04353,Master Canteen,20.267121,85.84129,Kidnapping Attempt,5,Evening,Weekday,Poor,High,1134,Community,100
INC04354,Baramunda,20.272346,85.802051,Harassment,3,Evening,Weekday,Poor,High,1334,Community,73
INC04355,Dumduma,20.266158,85.794428,Snatching,3,Evening,Weekday,Moderate,Medium,115,Community,62
INC04356,Dumduma,20.263616,85.792389,Assault on Woman,5,Afternoon,Weekend,Poor,Medium,275,Community,98
INC04357,Acharya Vihar,20.302721,85.832734,Stalking,4,Morning,Weekday,Poor,Medium,816,Police,84
INC04358,Old Town,20.235546,85.832872,Stalking,4,Evening,Weekend,Poor,Medium,1375,Community,86
INC04359,Jaydev Vihar,20.300903,85.817769,Harassment,3,Evening,Weekday,Good,Medium,1417,Community,57
INC04360,Acharya Vihar,20.297929,85.832456,Harassment,3,Night,Weekend,Poor,Medium,317,Community,78
INC04361,Jaydev Vihar,20.301751,85.822046,Harassment,3,Evening,Weekday,Good,Low,318,Community,54
INC04362,Old Town,20.236312,85.836302,Harassment,3,Afternoon,Weekend,Good,High,336,Community,41
INC04363,Kalpana Square,20.258845,85.840502,Stalking,4,Afternoon,Weekend,Moderate,Medium,1486,Community,70
INC04364,Vani Vihar,20.294799,85.841871,Harassment,3,Evening,Weekend,Poor,High,208,Police,77
INC04365,Lingaraj,20.243903,85.834675,Assault on Woman,5,Night,Weekend,Moderate,Medium,476,Community,100
INC04366,Baramunda,20.26827,85.801093,Harassment,3,Evening,Weekend,Moderate,High,1375,Community,60
INC04367,Lingaraj,20.243388,85.834036,Harassment,3,Night,Weekend,Moderate,Low,1361,Police,72
INC04368,KIIT Square,20.354686,85.81881,Snatching,3,Afternoon,Weekend,Good,High,1090,Police,40
INC04369,Jaydev Vihar,20.302198,85.822592,Harassment,3,Night,Weekday,Good,Low,383,Community,63
INC04370,Baramunda,20.26767,85.80637,Harassment,3,Night,Weekend,Moderate,Medium,1372,Police,72
INC04371,Baramunda,20.26948,85.803919,Kidnapping Attempt,5,Evening,Weekday,Good,Low,1287,Community,79
INC04372,Chandrasekharpur,20.332271,85.820722,Stalking,4,Afternoon,Weekend,Good,High,340,Community,60
INC04373,Patia,20.353909,85.817761,Harassment,3,Night,Weekend,Poor,Medium,1143,Community,79
INC04374,Mancheswar,20.321676,85.865875,Suspicious Activity,2,Evening,Weekend,Moderate,Medium,152,Community,43
INC04375,Master Canteen,20.266405,85.843849,Assault on Woman,5,Night,Weekend,Moderate,Medium,671,Community,97
INC04376,Khandagiri,20.258114,85.77982,Sexual Harassment,5,Evening,Weekday,Good,Medium,519,Community,84
INC04377,Baramunda,20.271535,85.805715,Stalking,4,Night,Weekday,Good,Medium,255,Community,78
INC04378,CRP Square,20.315868,85.820775,Snatching,3,Evening,Weekday,Good,Medium,1160,Police,53
INC04379,Master Canteen,20.27015,85.839454,Suspicious Activity,2,Evening,Weekend,Good,Medium,1164,Community,39
INC04380,Nayapalli,20.293725,85.803282,Suspicious Activity,2,Evening,Weekend,Moderate,Low,820,Community,50
INC04381,Patia,20.355707,85.820815,Snatching,3,Evening,Weekend,Moderate,High,732,Community,63
INC04382,Saheed Nagar,20.293918,85.84111,Harassment,3,Afternoon,Weekday,Poor,High,1064,Community,65
INC04383,Chandrasekharpur,20.332448,85.821325,Assault on Woman,5,Evening,Weekday,Poor,High,851,Community,100
INC04384,Nayapalli,20.293628,85.804815,Suspicious Activity,2,Evening,Weekend,Moderate,Medium,1431,Community,45
INC04385,Saheed Nagar,20.294727,85.842666,Stalking,4,Night,Weekend,Good,High,663,Community,76
INC04386,Mancheswar,20.321746,85.863256,Stalking,4,Afternoon,Weekend,Good,Low,318,Police,63
INC04387,Kalpana Square,20.259467,85.845704,Harassment,3,Evening,Weekend,Moderate,High,588,Police,59
INC04388,Lingaraj,20.24594,85.832171,Snatching,3,Afternoon,Weekend,Moderate,High,811,Community,59
INC04389,Chandrasekharpur,20.333608,85.820015,Snatching,3,Evening,Weekend,Good,Medium,359,Community,52
INC04390,Infocity,20.345456,85.817802,Harassment,3,Night,Weekday,Poor,High,1266,Community,81
INC04391,Baramunda,20.271737,85.801863,Harassment,3,Night,Weekend,Good,Medium,1054,Community,64
INC04392,CRP Square,20.313073,85.822459,Assault on Woman,5,Morning,Weekday,Moderate,Medium,265,Police,90
INC04393,Khandagiri,20.255577,85.781772,Suspicious Activity,2,Morning,Weekday,Good,High,192,Police,32
INC04394,Acharya Vihar,20.299801,85.835707,Harassment,3,Night,Weekend,Poor,Low,1260,Community,81
INC04395,Baramunda,20.271366,85.801198,Harassment,3,Evening,Weekend,Moderate,Low,1413,Community,66
INC04396,Saheed Nagar,20.298378,85.841296,Kidnapping Attempt,5,Afternoon,Weekday,Good,High,1437,Community,80
INC04397,Saheed Nagar,20.295985,85.84399,Assault on Woman,5,Afternoon,Weekday,Moderate,Medium,652,Community,88
INC04398,Lingaraj,20.243775,85.832584,Snatching,3,Evening,Weekday,Moderate,Medium,939,Community,59
INC04399,Kalpana Square,20.261344,85.842199,Harassment,3,Evening,Weekend,Good,Medium,502,Community,57
INC04400,KIIT Square,20.355328,85.816787,Harassment,3,Evening,Weekend,Poor,Medium,171,Community,78
INC04401,Infocity,20.346791,85.818144,Harassment,3,Night,Weekday,Moderate,Low,639,Community,74
INC04402,Khandagiri,20.25729,85.778999,Harassment,3,Evening,Weekend,Moderate,Low,167,Community,61
INC04403,Kalpana Square,20.261992,85.841426,Sexual Harassment,5,Evening,Weekend,Good,Low,913,Community,83
INC04404,Patia,20.35666,85.82184,Harassment,3,Night,Weekday,Good,Medium,928,Community,61
INC04405,Acharya Vihar,20.30104,85.834911,Suspicious Activity,2,Morning,Weekend,Good,Low,1141,Community,27
INC04406,Vani Vihar,20.298089,85.840071,Snatching,3,Night,Weekday,Good,Medium,385,Police,57
INC04407,Old Town,20.236543,85.834312,Harassment,3,Evening,Weekend,Poor,Low,899,Community,74
INC04408,CRP Square,20.316019,85.824177,Harassment,3,Night,Weekend,Poor,Low,1165,Police,78
INC04409,Kalpana Square,20.260512,85.841298,Harassment,3,Night,Weekend,Good,Medium,498,Community,58
INC04410,Chandrasekharpur,20.332807,85.819095,Stalking,4,Evening,Weekend,Moderate,Medium,1160,Community,73
INC04411,Mancheswar,20.321015,85.861305,Stalking,4,Morning,Weekend,Poor,Medium,846,Community,78
INC04412,Patia,20.357342,85.820213,Harassment,3,Evening,Weekday,Good,High,278,Community,58
INC04413,Saheed Nagar,20.295532,85.843144,Sexual Harassment,5,Evening,Weekend,Moderate,Medium,1392,Community,94
INC04414,Mancheswar,20.319947,85.865939,Stalking,4,Night,Weekday,Good,High,604,Police,79
INC04415,Jaydev Vihar,20.298179,85.819828,Sexual Harassment,5,Night,Weekday,Moderate,Low,1363,Police,100
INC04416,Kalpana Square,20.260989,85.840153,Kidnapping Attempt,5,Night,Weekend,Poor,High,1194,Community,100
INC04417,Patia,20.353487,85.820839,Assault on Woman,5,Evening,Weekend,Poor,Low,774,Police,100
INC04418,Old Town,20.235817,85.833931,Assault on Woman,5,Night,Weekday,Poor,Low,1091,Community,100
INC04419,Nayapalli,20.294429,85.803921,Eve-teasing,2,Night,Weekend,Moderate,Low,484,Police,52
INC04420,Khandagiri,20.255012,85.782791,Stalking,4,Evening,Weekend,Poor,Low,240,Community,91
INC04421,Acharya Vihar,20.298777,85.835557,Sexual Harassment,5,Evening,Weekend,Good,High,970,Community,78
INC04422,Master Canteen,20.266894,85.84145,Stalking,4,Evening,Weekday,Moderate,Low,234,Police,74
INC04423,Saheed Nagar,20.294608,85.838223,Kidnapping Attempt,5,Afternoon,Weekend,Poor,High,278,Community,96
INC04424,Old Town,20.239652,85.836624,Suspicious Activity,2,Evening,Weekend,Poor,Low,796,Police,54
INC04425,Master Canteen,20.271221,85.841893,Suspicious Activity,2,Evening,Weekend,Moderate,Low,1288,Community,52
INC04426,Kalpana Square,20.259436,85.844444,Assault on Woman,5,Afternoon,Weekday,Moderate,Low,1271,Police,85
INC04427,Baramunda,20.271,85.805428,Harassment,3,Afternoon,Weekday,Poor,Low,707,Community,66
INC04428,Kalpana Square,20.259985,85.842816,Harassment,3,Afternoon,Weekend,Poor,High,397,Community,62
INC04429,Jaydev Vihar,20.298646,85.8213,Eve-teasing,2,Evening,Weekday,Moderate,Low,289,Community,53
INC04430,Rasulgarh,20.288524,85.870722,Harassment,3,Afternoon,Weekend,Poor,Medium,848,Community,68
INC04431,Patia,20.353335,85.81751,Assault on Woman,5,Afternoon,Weekend,Good,High,760,Community,73
INC04432,Kalpana Square,20.262908,85.844254,Snatching,3,Night,Weekday,Good,Medium,259,Community,65
INC04433,Lingaraj,20.244838,85.835558,Harassment,3,Afternoon,Weekday,Moderate,Low,633,Police,53
INC04434,Dumduma,20.261998,85.792816,Kidnapping Attempt,5,Evening,Weekday,Moderate,Medium,388,Community,90
INC04435,Lingaraj,20.240798,85.83668,Kidnapping Attempt,5,Evening,Weekend,Poor,Medium,1228,Community,100
INC04436,Old Town,20.239046,85.833506,Stalking,4,Night,Weekend,Poor,Low,1459,Community,91
INC04437,Acharya Vihar,20.29876,85.83563,Stalking,4,Afternoon,Weekday,Moderate,High,956,Community,68
INC04438,Dumduma,20.261666,85.792338,Eve-teasing,2,Evening,Weekend,Good,Medium,982,Community,33
INC04439,Khandagiri,20.257216,85.778919,Harassment,3,Night,Weekend,Poor,Low,883,Community,77
INC04440,Khandagiri,20.257006,85.783317,Stalking,4,Night,Weekend,Poor,Low,456,Community,98
INC04441,Patia,20.354427,85.821118,Snatching,3,Afternoon,Weekday,Moderate,Medium,388,Police,54
INC04442,Pokhariput,20.255677,85.801391,Stalking,4,Night,Weekend,Good,Medium,1008,Community,80
INC04443,Nayapalli,20.298616,85.804311,Snatching,3,Afternoon,Weekend,Poor,High,339,Community,62
INC04444,Old Town,20.235724,85.836847,Harassment,3,Evening,Weekday,Good,Medium,310,Community,52
INC04445,Pokhariput,20.257415,85.802631,Suspicious Activity,2,Afternoon,Weekend,Poor,High,875,Community,49
INC04446,Master Canteen,20.269534,85.838344,Stalking,4,Afternoon,Weekend,Good,Medium,1451,Police,64
INC04447,Lingaraj,20.244063,85.831337,Harassment,3,Evening,Weekday,Moderate,High,1170,Community,59
INC04448,Jaydev Vihar,20.30395,85.819917,Assault on Woman,5,Afternoon,Weekend,Poor,Medium,835,Community,100
INC04449,Vani Vihar,20.299229,85.841779,Assault on Woman,5,Night,Weekday,Moderate,Medium,1148,Police,100
INC04450,Jaydev Vihar,20.301883,85.82293,Stalking,4,Afternoon,Weekday,Poor,High,929,Community,82
INC04451,Infocity,20.341695,85.817846,Stalking,4,Evening,Weekday,Good,Medium,1322,Police,68
INC04452,Vani Vihar,20.296216,85.839286,Harassment,3,Night,Weekend,Moderate,Medium,1446,Community,69
INC04453,Rasulgarh,20.287667,85.871442,Sexual Harassment,5,Evening,Weekday,Good,Medium,1385,Community,85
INC04454,Vani Vihar,20.295316,85.840873,Harassment,3,Evening,Weekday,Good,High,245,Community,52
INC04455,Mancheswar,20.324056,85.861882,Stalking,4,Night,Weekday,Moderate,Low,1112,Community,84
INC04456,Old Town,20.239018,85.833909,Harassment,3,Night,Weekend,Poor,Low,511,Community,82
INC04457,Lingaraj,20.244799,85.832389,Kidnapping Attempt,5,Night,Weekend,Poor,Medium,1004,Community,100
INC04458,Nayapalli,20.296869,85.805497,Harassment,3,Evening,Weekday,Poor,Low,301,Community,72
INC04459,CRP Square,20.3168,85.820371,Harassment,3,Night,Weekend,Moderate,Medium,185,Community,66
INC04460,KIIT Square,20.353382,85.815835,Assault on Woman,5,Evening,Weekday,Poor,High,531,Community,98
INC04461,Mancheswar,20.319269,85.865698,Snatching,3,Morning,Weekday,Moderate,Low,1012,Community,59
INC04462,Old Town,20.236932,85.832444,Eve-teasing,2,Evening,Weekend,Poor,High,1355,Police,60
INC04463,CRP Square,20.313758,85.82126,Snatching,3,Evening,Weekend,Good,Low,574,Community,51
INC04464,Kalpana Square,20.260424,85.840252,Stalking,4,Night,Weekday,Moderate,Low,1245,Community,81
INC04465,KIIT Square,20.354768,85.817434,Harassment,3,Night,Weekday,Good,Low,638,Police,55
INC04466,Old Town,20.238396,85.836247,Assault on Woman,5,Afternoon,Weekday,Poor,Low,1498,Community,100
INC04467,Saheed Nagar,20.297924,85.839602,Harassment,3,Night,Weekday,Moderate,Low,1029,Community,67
INC04468,Pokhariput,20.256805,85.805023,Harassment,3,Night,Weekend,Poor,Medium,550,Community,81
INC04469,Dumduma,20.26151,85.795833,Harassment,3,Morning,Weekday,Poor,Low,415,Police,63
INC04470,Lingaraj,20.24408,85.836459,Eve-teasing,2,Night,Weekday,Good,Low,828,Community,45
INC04471,Old Town,20.236623,85.831383,Stalking,4,Morning,Weekday,Poor,High,697,Police,82
INC04472,Dumduma,20.264551,85.794393,Stalking,4,Evening,Weekday,Moderate,High,421,Community,77
INC04473,KIIT Square,20.352849,85.81707,Harassment,3,Morning,Weekday,Moderate,Medium,1331,Community,60
INC04474,Vani Vihar,20.298603,85.839831,Snatching,3,Night,Weekday,Moderate,Medium,582,Community,75
INC04475,Patia,20.356408,85.817859,Stalking,4,Afternoon,Weekday,Moderate,Medium,755,Police,69
INC04476,Acharya Vihar,20.300459,85.834347,Snatching,3,Evening,Weekend,Poor,High,1241,Community,73
INC04477,Acharya Vihar,20.29701,85.837537,Harassment,3,Night,Weekend,Poor,Low,1492,Community,79
INC04478,Baramunda,20.26886,85.804568,Assault on Woman,5,Morning,Weekday,Good,Medium,1225,Police,77
INC04479,Saheed Nagar,20.29482,85.842535,Snatching,3,Evening,Weekday,Moderate,Medium,374,Community,62
INC04480,Mancheswar,20.324767,85.862253,Harassment,3,Morning,Weekday,Good,Low,570,Community,42
INC04481,KIIT Square,20.355455,85.820288,Eve-teasing,2,Evening,Weekday,Moderate,Low,1017,Community,48
INC04482,Jaydev Vihar,20.30078,85.820862,Stalking,4,Evening,Weekday,Moderate,Low,1441,Police,76
INC04483,Acharya Vihar,20.297621,85.834323,Harassment,3,Evening,Weekend,Moderate,Medium,341,Police,65
INC04484,Kalpana Square,20.26212,85.841285,Harassment,3,Evening,Weekend,Poor,Medium,462,Community,73
INC04485,Old Town,20.235384,85.836726,Stalking,4,Evening,Weekend,Poor,Low,167,Community,92
INC04486,Baramunda,20.268791,85.803187,Harassment,3,Afternoon,Weekend,Moderate,Low,1025,Police,52
INC04487,Kalpana Square,20.261618,85.842123,Kidnapping Attempt,5,Evening,Weekend,Moderate,Medium,955,Community,98
INC04488,CRP Square,20.312027,85.819706,Stalking,4,Evening,Weekend,Moderate,Low,911,Community,82
INC04489,Khandagiri,20.2549,85.781044,Suspicious Activity,2,Evening,Weekday,Moderate,High,778,Community,50
INC04490,Baramunda,20.269549,85.803267,Suspicious Activity,2,Evening,Weekend,Moderate,High,1217,Community,47
INC04491,Kalpana Square,20.261156,85.843768,Suspicious Activity,2,Afternoon,Weekend,Poor,Low,475,Community,45
INC04492,Chandrasekharpur,20.333578,85.819981,Stalking,4,Night,Weekend,Moderate,High,1409,Community,82
INC04493,Acharya Vihar,20.301596,85.836881,Harassment,3,Evening,Weekday,Good,Low,676,Community,54
INC04494,CRP Square,20.313945,85.823314,Stalking,4,Night,Weekday,Good,Medium,1308,Police,80
INC04495,Nayapalli,20.293789,85.805584,Snatching,3,Evening,Weekend,Moderate,Low,1325,Community,66
INC04496,Rasulgarh,20.29324,85.869362,Suspicious Activity,2,Evening,Weekday,Poor,Medium,1384,Police,63
INC04497,Kalpana Square,20.258337,85.842089,Assault on Woman,5,Night,Weekend,Moderate,Low,393,Community,100
INC04498,Infocity,20.341042,85.817158,Harassment,3,Morning,Weekday,Good,Medium,1277,Community,41
INC04499,Infocity,20.344643,85.814433,Harassment,3,Evening,Weekend,Good,Medium,297,Police,48
INC04500,Patia,20.358072,85.818433,Harassment,3,Night,Weekend,Moderate,High,1440,Community,75
INC04501,KIIT Square,20.354229,85.818702,Harassment,3,Evening,Weekend,Moderate,High,1477,Police,63
INC04502,Acharya Vihar,20.301297,85.832977,Harassment,3,Night,Weekend,Poor,Low,1152,Community,85
INC04503,Nayapalli,20.293216,85.804791,Harassment,3,Evening,Weekday,Moderate,High,864,Community,63
INC04504,Vani Vihar,20.29523,85.841218,Harassment,3,Evening,Weekend,Moderate,High,1006,Police,67
INC04505,Patia,20.356191,85.817056,Eve-teasing,2,Night,Weekend,Moderate,High,847,Police,52
INC04506,Pokhariput,20.257087,85.802879,Harassment,3,Night,Weekend,Moderate,Low,1202,Police,72
INC04507,KIIT Square,20.353498,85.820079,Snatching,3,Night,Weekend,Moderate,Low,326,Police,71
INC04508,Vani Vihar,20.299319,85.844106,Harassment,3,Evening,Weekend,Moderate,High,122,Community,61
INC04509,Infocity,20.341163,85.816743,Snatching,3,Night,Weekend,Moderate,Medium,885,Community,70
INC04510,Saheed Nagar,20.297405,85.843485,Snatching,3,Evening,Weekend,Poor,Medium,510,Community,73
INC04511,Mancheswar,20.320456,85.864244,Snatching,3,Evening,Weekday,Poor,Medium,105,Community,76
INC04512,Infocity,20.342383,85.817778,Harassment,3,Evening,Weekday,Poor,Low,526,Community,72
INC04513,Acharya Vihar,20.300777,85.834653,Harassment,3,Night,Weekend,Poor,Low,396,Community,82
INC04514,Rasulgarh,20.290359,85.872557,Harassment,3,Evening,Weekday,Good,Medium,240,Community,50
INC04515,KIIT Square,20.355629,85.816086,Suspicious Activity,2,Morning,Weekend,Good,High,589,Police,26
INC04516,Dumduma,20.26567,85.791589,Sexual Harassment,5,Night,Weekend,Moderate,Medium,170,Police,97
INC04517,Vani Vihar,20.294089,85.84369,Assault on Woman,5,Evening,Weekday,Moderate,High,663,Police,95
INC04518,Chandrasekharpur,20.333687,85.822975,Assault on Woman,5,Night,Weekend,Poor,Low,588,Community,100
INC04519,Saheed Nagar,20.295145,85.843538,Harassment,3,Morning,Weekday,Moderate,Medium,1275,Community,60
INC04520,CRP Square,20.313476,85.821085,Harassment,3,Afternoon,Weekend,Moderate,High,432,Community,60
INC04521,Jaydev Vihar,20.303565,85.819919,Assault on Woman,5,Evening,Weekend,Moderate,High,459,Community,94
INC04522,Patia,20.354602,85.816761,Assault on Woman,5,Afternoon,Weekend,Good,High,120,Community,80
INC04523,Kalpana Square,20.26082,85.842027,Harassment,3,Night,Weekend,Moderate,Low,361,Community,68
INC04524,KIIT Square,20.350602,85.816439,Assault on Woman,5,Afternoon,Weekday,Moderate,Medium,1287,Community,89
INC04525,Mancheswar,20.323952,85.862712,Harassment,3,Night,Weekend,Poor,High,656,Community,84
INC04526,Vani Vihar,20.296111,85.841797,Stalking,4,Afternoon,Weekday,Poor,High,1102,Community,79
INC04527,Chandrasekharpur,20.331164,85.819386,Stalking,4,Afternoon,Weekend,Good,High,886,Community,59
INC04528,Khandagiri,20.258663,85.780979,Stalking,4,Evening,Weekend,Good,High,751,Community,65
INC04529,Baramunda,20.272188,85.806309,Stalking,4,Evening,Weekend,Poor,High,268,Community,91
INC04530,Jaydev Vihar,20.303635,85.817588,Harassment,3,Night,Weekday,Poor,Medium,1122,Community,83
INC04531,Vani Vihar,20.296909,85.844373,Harassment,3,Afternoon,Weekday,Poor,Medium,349,Police,64
INC04532,Acharya Vihar,20.297985,85.833904,Harassment,3,Night,Weekday,Poor,Low,1179,Community,79
INC04533,Acharya Vihar,20.297825,85.833377,Harassment,3,Night,Weekend,Moderate,High,1010,Community,66
INC04534,Old Town,20.237865,85.836658,Harassment,3,Morning,Weekend,Moderate,High,1320,Police,59
INC04535,Master Canteen,20.271736,85.838956,Harassment,3,Night,Weekend,Moderate,Low,487,Police,72
INC04536,Old Town,20.238276,85.835712,Snatching,3,Afternoon,Weekend,Moderate,High,279,Community,54
INC04537,Chandrasekharpur,20.332341,85.82008,Snatching,3,Evening,Weekday,Poor,Medium,1468,Community,69
INC04538,Vani Vihar,20.295088,85.839721,Assault on Woman,5,Night,Weekend,Poor,High,376,Police,100
INC04539,Khandagiri,20.258448,85.782329,Harassment,3,Night,Weekend,Poor,Medium,732,Community,79
INC04540,Chandrasekharpur,20.331669,85.821753,Sexual Harassment,5,Afternoon,Weekend,Poor,Low,1482,Police,92
INC04541,Jaydev Vihar,20.299176,85.82076,Harassment,3,Night,Weekend,Poor,Low,1355,Community,85
INC04542,Rasulgarh,20.288456,85.868803,Harassment,3,Evening,Weekend,Good,Medium,1461,Community,50
INC04543,Khandagiri,20.255935,85.782237,Stalking,4,Morning,Weekend,Moderate,Low,271,Police,67
INC04544,CRP Square,20.315238,85.822528,Assault on Woman,5,Night,Weekday,Poor,High,721,Police,100
INC04545,CRP Square,20.317978,85.820745,Sexual Harassment,5,Evening,Weekday,Good,High,886,Community,88
INC04546,Old Town,20.240436,85.832263,Harassment,3,Morning,Weekend,Poor,Medium,1137,Community,61
INC04547,Lingaraj,20.245485,85.836587,Stalking,4,Night,Weekend,Good,Medium,707,Police,72
INC04548,Master Canteen,20.266703,85.843192,Stalking,4,Afternoon,Weekday,Moderate,Medium,1065,Community,65
INC04549,Patia,20.357262,85.821002,Harassment,3,Evening,Weekend,Poor,High,1072,Police,71
INC04550,Master Canteen,20.270902,85.838546,Eve-teasing,2,Night,Weekday,Good,Low,1129,Community,46
INC04551,KIIT Square,20.350643,85.818553,Kidnapping Attempt,5,Morning,Weekday,Good,Medium,1071,Police,75
INC04552,Infocity,20.344983,85.818605,Harassment,3,Night,Weekday,Good,Low,277,Community,61
INC04553,Rasulgarh,20.289478,85.870302,Stalking,4,Evening,Weekday,Good,Low,457,Community,65
INC04554,Mancheswar,20.320688,85.866339,Harassment,3,Evening,Weekday,Poor,Low,1477,Community,74
INC04555,Infocity,20.341553,85.815223,Stalking,4,Night,Weekend,Poor,High,888,Community,95
INC04556,Acharya Vihar,20.298224,85.832955,Suspicious Activity,2,Night,Weekday,Moderate,Medium,886,Police,52
INC04557,Kalpana Square,20.259891,85.840443,Kidnapping Attempt,5,Evening,Weekday,Moderate,High,828,Police,93
INC04558,Jaydev Vihar,20.302541,85.821153,Harassment,3,Evening,Weekend,Poor,High,401,Community,77
INC04559,Pokhariput,20.253631,85.803894,Harassment,3,Evening,Weekday,Poor,Medium,915,Community,78
INC04560,Baramunda,20.271822,85.804734,Suspicious Activity,2,Night,Weekend,Good,High,195,Community,46
INC04561,Rasulgarh,20.290697,85.870223,Suspicious Activity,2,Night,Weekend,Good,Low,1496,Community,42
INC04562,Patia,20.352237,85.820948,Harassment,3,Afternoon,Weekday,Moderate,Medium,224,Police,56
INC04563,Dumduma,20.262446,85.794164,Sexual Harassment,5,Night,Weekend,Poor,Low,1420,Police,100
INC04564,Khandagiri,20.258302,85.78149,Stalking,4,Night,Weekend,Moderate,Medium,1089,Community,85
INC04565,Acharya Vihar,20.300888,85.832347,Assault on Woman,5,Night,Weekend,Moderate,Medium,443,Police,100
INC04566,Dumduma,20.266877,85.796317,Harassment,3,Evening,Weekend,Good,Medium,1027,Community,58
INC04567,CRP Square,20.316578,85.820395,Kidnapping Attempt,5,Night,Weekend,Good,Medium,1212,Police,92
INC04568,Old Town,20.240077,85.836371,Harassment,3,Night,Weekday,Poor,Low,680,Community,76
INC04569,Master Canteen,20.267298,85.843398,Stalking,4,Morning,Weekend,Good,High,1375,Police,60
INC04570,Saheed Nagar,20.29861,85.841557,Stalking,4,Evening,Weekend,Moderate,Medium,470,Community,76
INC04571,Infocity,20.344787,85.813391,Harassment,3,Evening,Weekday,Moderate,Low,321,Community,65
INC04572,Mancheswar,20.322939,85.861426,Suspicious Activity,2,Morning,Weekday,Moderate,Medium,129,Community,38
INC04573,Dumduma,20.262597,85.791425,Suspicious Activity,2,Morning,Weekday,Good,High,169,Police,32
INC04574,Vani Vihar,20.297174,85.841473,Stalking,4,Evening,Weekday,Good,Medium,579,Community,73
INC04575,Kalpana Square,20.261768,85.842685,Sexual Harassment,5,Evening,Weekend,Moderate,Medium,196,Community,88
INC04576,Vani Vihar,20.298889,85.841824,Kidnapping Attempt,5,Morning,Weekend,Moderate,Medium,229,Community,82
INC04577,Lingaraj,20.245199,85.834265,Stalking,4,Evening,Weekday,Good,Low,599,Police,63
INC04578,CRP Square,20.312124,85.819037,Harassment,3,Afternoon,Weekday,Good,Low,446,Police,48
INC04579,Vani Vihar,20.294575,85.843471,Harassment,3,Afternoon,Weekday,Poor,High,1218,Police,66
INC04580,Khandagiri,20.255171,85.783497,Snatching,3,Night,Weekday,Moderate,Medium,1076,Police,65
INC04581,Baramunda,20.267476,85.805749,Assault on Woman,5,Night,Weekend,Poor,High,467,Community,100
INC04582,Chandrasekharpur,20.330544,85.818811,Assault on Woman,5,Night,Weekend,Moderate,Medium,1392,Community,100
INC04583,Jaydev Vihar,20.303389,85.819908,Harassment,3,Night,Weekend,Good,Medium,717,Police,64
INC04584,Nayapalli,20.298832,85.806237,Stalking,4,Night,Weekend,Good,Low,1161,Community,72
INC04585,Khandagiri,20.254802,85.782972,Assault on Woman,5,Night,Weekend,Moderate,Low,104,Police,97
INC04586,Jaydev Vihar,20.301905,85.81783,Eve-teasing,2,Afternoon,Weekend,Poor,High,336,Community,55
INC04587,Baramunda,20.269986,85.80175,Assault on Woman,5,Night,Weekday,Good,High,134,Community,88
INC04588,Patia,20.356769,85.818992,Harassment,3,Evening,Weekday,Poor,Low,673,Community,70
INC04589,Dumduma,20.264328,85.793994,Snatching,3,Afternoon,Weekday,Good,Low,712,Community,43
INC04590,Mancheswar,20.321505,85.866202,Kidnapping Attempt,5,Night,Weekend,Moderate,Medium,164,Community,100
INC04591,Baramunda,20.270589,85.806442,Suspicious Activity,2,Evening,Weekend,Good,Low,351,Police,37
INC04592,Khandagiri,20.260321,85.782628,Eve-teasing,2,Night,Weekday,Poor,Low,804,Community,61
INC04593,Master Canteen,20.267185,85.839004,Harassment,3,Evening,Weekday,Moderate,Medium,457,Community,65
INC04594,Jaydev Vihar,20.302661,85.821835,Kidnapping Attempt,5,Night,Weekend,Moderate,Medium,1194,Community,97
INC04595,Baramunda,20.271623,85.802738,Sexual Harassment,5,Evening,Weekday,Moderate,Medium,1426,Community,88
INC04596,Jaydev Vihar,20.303099,85.818402,Assault on Woman,5,Evening,Weekday,Poor,Low,1253,Community,100
INC04597,Saheed Nagar,20.295293,85.842937,Harassment,3,Evening,Weekday,Good,Medium,954,Community,50
INC04598,Dumduma,20.265406,85.793492,Assault on Woman,5,Evening,Weekday,Moderate,Medium,1338,Police,90
INC04599,Rasulgarh,20.290988,85.868004,Suspicious Activity,2,Afternoon,Weekday,Poor,Medium,912,Community,54
INC04600,Old Town,20.237891,85.831048,Snatching,3,Night,Weekday,Poor,High,261,Community,83
INC04601,Lingaraj,20.241271,85.833122,Suspicious Activity,2,Evening,Weekend,Good,High,833,Community,39
INC04602,KIIT Square,20.350385,85.816212,Assault on Woman,5,Evening,Weekday,Poor,Medium,855,Police,100
INC04603,Chandrasekharpur,20.331224,85.818231,Suspicious Activity,2,Night,Weekend,Moderate,High,162,Community,54
INC04604,Rasulgarh,20.288135,85.870929,Harassment,3,Afternoon,Weekend,Good,Medium,913,Community,42
INC04605,Kalpana Square,20.260322,85.845005,Assault on Woman,5,Evening,Weekend,Moderate,High,437,Police,95
INC04606,Rasulgarh,20.287903,85.869856,Snatching,3,Morning,Weekday,Good,Medium,1322,Community,47
INC04607,Khandagiri,20.259603,85.784589,Harassment,3,Evening,Weekend,Poor,High,552,Community,74
INC04608,Lingaraj,20.241688,85.832193,Suspicious Activity,2,Night,Weekday,Poor,Low,229,Community,64
INC04609,Pokhariput,20.256999,85.80645,Snatching,3,Night,Weekend,Moderate,High,1071,Community,73
INC04610,CRP Square,20.312801,85.82205,Suspicious Activity,2,Evening,Weekend,Poor,High,725,Community,62
INC04611,Mancheswar,20.322538,85.862071,Assault on Woman,5,Night,Weekend,Good,Medium,704,Community,95
INC04612,Jaydev Vihar,20.298057,85.818801,Harassment,3,Evening,Weekend,Moderate,High,1069,Community,63
INC04613,Old Town,20.239433,85.834893,Harassment,3,Night,Weekend,Moderate,Medium,878,Community,67
INC04614,Vani Vihar,20.29871,85.840421,Harassment,3,Evening,Weekday,Good,Low,117,Community,58
INC04615,Old Town,20.240654,85.834569,Snatching,3,Night,Weekend,Good,Medium,919,Community,62
INC04616,Saheed Nagar,20.298703,85.839149,Harassment,3,Evening,Weekday,Poor,Medium,165,Community,69
INC04617,Infocity,20.341732,85.814426,Stalking,4,Afternoon,Weekday,Moderate,Medium,702,Police,75
INC04618,Chandrasekharpur,20.331039,85.821475,Stalking,4,Evening,Weekday,Moderate,Low,1074,Community,74
INC04619,Nayapalli,20.298304,85.803295,Eve-teasing,2,Night,Weekend,Poor,Medium,271,Police,65
INC04620,Pokhariput,20.256657,85.802045,Suspicious Activity,2,Evening,Weekday,Poor,Medium,1351,Community,57
INC04621,Saheed Nagar,20.296383,85.842803,Suspicious Activity,2,Morning,Weekend,Moderate,High,1225,Community,43
INC04622,Pokhariput,20.256,85.803833,Harassment,3,Evening,Weekend,Moderate,Medium,1000,Police,58
INC04623,Old Town,20.237303,85.834696,Harassment,3,Afternoon,Weekend,Poor,High,1219,Community,66
INC04624,Mancheswar,20.320748,85.863522,Suspicious Activity,2,Night,Weekend,Good,High,271,Community,46
INC04625,Baramunda,20.268021,85.805491,Eve-teasing,2,Afternoon,Weekend,Moderate,Medium,1444,Police,38
INC04626,Rasulgarh,20.291408,85.872438,Harassment,3,Evening,Weekend,Poor,High,1449,Community,73
INC04627,Infocity,20.34637,85.818019,Harassment,3,Night,Weekend,Good,Medium,996,Community,65
INC04628,Dumduma,20.262928,85.792626,Harassment,3,Night,Weekend,Good,High,1422,Community,60
INC04629,CRP Square,20.313746,85.82289,Stalking,4,Afternoon,Weekday,Moderate,Low,809,Police,73
INC04630,Chandrasekharpur,20.330204,85.81905,Stalking,4,Evening,Weekday,Poor,Low,596,Police,86
INC04631,Nayapalli,20.295119,85.806125,Stalking,4,Night,Weekday,Moderate,High,219,Community,85
INC04632,Master Canteen,20.268291,85.840561,Snatching,3,Night,Weekday,Moderate,Medium,139,Community,70
INC04633,Kalpana Square,20.257284,85.843077,Harassment,3,Evening,Weekend,Moderate,Low,528,Community,62
INC04634,Khandagiri,20.258391,85.780358,Suspicious Activity,2,Afternoon,Weekend,Good,Medium,632,Community,31
INC04635,Dumduma,20.26291,85.795725,Suspicious Activity,2,Evening,Weekday,Good,Low,1230,Community,35
INC04636,Dumduma,20.263325,85.7923,Stalking,4,Night,Weekday,Good,High,1486,Community,80
INC04637,CRP Square,20.312571,85.822554,Harassment,3,Night,Weekday,Moderate,Low,1350,Community,74
INC04638,Chandrasekharpur,20.329016,85.823086,Stalking,4,Night,Weekday,Moderate,Medium,962,Police,81
INC04639,Dumduma,20.263637,85.796053,Stalking,4,Night,Weekday,Good,High,1322,Police,75
INC04640,Dumduma,20.262008,85.791644,Assault on Woman,5,Night,Weekend,Poor,Low,790,Police,100
INC04641,CRP Square,20.313237,85.824074,Harassment,3,Night,Weekday,Moderate,High,603,Community,70
INC04642,CRP Square,20.31456,85.820094,Snatching,3,Night,Weekday,Moderate,High,1107,Community,70
INC04643,Infocity,20.346269,85.814923,Suspicious Activity,2,Night,Weekday,Moderate,Low,325,Community,59
INC04644,Master Canteen,20.266574,85.839978,Harassment,3,Evening,Weekend,Good,High,290,Police,51
INC04645,Chandrasekharpur,20.331002,85.819127,Harassment,3,Afternoon,Weekend,Good,Medium,1313,Community,50
INC04646,Nayapalli,20.296874,85.803775,Stalking,4,Night,Weekday,Moderate,High,391,Community,87
INC04647,Vani Vihar,20.297957,85.839634,Eve-teasing,2,Afternoon,Weekend,Moderate,Medium,1212,Police,42
INC04648,KIIT Square,20.352108,85.816308,Suspicious Activity,2,Morning,Weekend,Good,Medium,1462,Community,25
INC04649,Nayapalli,20.296718,85.807519,Snatching,3,Night,Weekday,Good,Medium,645,Community,62
INC04650,Rasulgarh,20.288292,85.872466,Stalking,4,Evening,Weekday,Moderate,Medium,1410,Community,74
INC04651,Kalpana Square,20.259752,85.845384,Stalking,4,Evening,Weekend,Poor,Low,1012,Community,89
INC04652,Kalpana Square,20.262695,85.84464,Sexual Harassment,5,Night,Weekday,Poor,Medium,583,Police,100
INC04653,Lingaraj,20.244081,85.833725,Stalking,4,Evening,Weekend,Good,Low,1500,Community,66
INC04654,Chandrasekharpur,20.333571,85.821119,Snatching,3,Night,Weekday,Good,High,1474,Police,59
INC04655,Vani Vihar,20.296012,85.843532,Snatching,3,Afternoon,Weekday,Poor,High,1094,Community,62
INC04656,Saheed Nagar,20.293865,85.840584,Harassment,3,Afternoon,Weekend,Moderate,Medium,1127,Police,57
INC04657,Vani Vihar,20.297295,85.844928,Stalking,4,Evening,Weekend,Moderate,Low,1106,Community,78
INC04658,Mancheswar,20.319594,85.866243,Stalking,4,Morning,Weekday,Poor,Medium,701,Community,85
INC04659,Lingaraj,20.245447,85.832062,Assault on Woman,5,Afternoon,Weekday,Poor,Low,297,Community,100
INC04660,Jaydev Vihar,20.302024,85.822773,Sexual Harassment,5,Evening,Weekend,Poor,Medium,1452,Police,100
INC04661,Jaydev Vihar,20.299374,85.822652,Harassment,3,Night,Weekend,Moderate,Medium,201,Police,67
INC04662,Chandrasekharpur,20.333529,85.818236,Harassment,3,Evening,Weekend,Moderate,Low,556,Community,60
INC04663,Vani Vihar,20.296623,85.840492,Stalking,4,Night,Weekend,Poor,Medium,244,Police,98
INC04664,Mancheswar,20.323311,85.863867,Harassment,3,Evening,Weekday,Moderate,Medium,968,Community,64
INC04665,Jaydev Vihar,20.301407,85.819467,Snatching,3,Evening,Weekend,Good,Medium,501,Community,58
INC04666,Lingaraj,20.245958,85.835328,Sexual Harassment,5,Night,Weekday,Good,Low,1462,Police,95
INC04667,Baramunda,20.27201,85.804458,Assault on Woman,5,Evening,Weekday,Poor,High,235,Community,98
INC04668,Dumduma,20.264462,85.791255,Sexual Harassment,5,Morning,Weekend,Poor,Low,672,Community,100
INC04669,KIIT Square,20.354298,85.8161,Harassment,3,Afternoon,Weekday,Moderate,High,258,Community,60
INC04670,Baramunda,20.272307,85.803639,Harassment,3,Night,Weekend,Moderate,Medium,905,Community,66
INC04671,CRP Square,20.317562,85.823888,Assault on Woman,5,Night,Weekday,Good,High,1414,Community,86
INC04672,Chandrasekharpur,20.331974,85.819605,Stalking,4,Night,Weekday,Good,Medium,277,Police,75
INC04673,CRP Square,20.314531,85.819481,Snatching,3,Afternoon,Weekend,Poor,Medium,662,Community,61
INC04674,Nayapalli,20.295378,85.80303,Harassment,3,Morning,Weekend,Moderate,High,968,Community,58
INC04675,Dumduma,20.266015,85.796538,Stalking,4,Afternoon,Weekend,Moderate,Medium,1018,Community,75
INC04676,Chandrasekharpur,20.332451,85.821424,Harassment,3,Afternoon,Weekday,Poor,Low,276,Community,67
INC04677,CRP Square,20.312009,85.820028,Assault on Woman,5,Evening,Weekend,Poor,Low,666,Community,100
INC04678,Dumduma,20.262741,85.792176,Eve-teasing,2,Night,Weekend,Good,Medium,1117,Community,40
INC04679,Baramunda,20.272709,85.806001,Stalking,4,Evening,Weekend,Moderate,Medium,1206,Community,83
INC04680,Vani Vihar,20.296919,85.84063,Snatching,3,Night,Weekend,Poor,High,1290,Community,81
INC04681,Dumduma,20.264889,85.792242,Stalking,4,Evening,Weekend,Poor,Low,1105,Community,87
INC04682,CRP Square,20.317382,85.824321,Snatching,3,Afternoon,Weekday,Moderate,High,957,Community,50
INC04683,Rasulgarh,20.28834,85.873871,Harassment,3,Evening,Weekend,Good,High,963,Community,51
INC04684,Patia,20.35713,85.818391,Assault on Woman,5,Night,Weekday,Moderate,Medium,300,Community,100
INC04685,Kalpana Square,20.257873,85.843946,Stalking,4,Evening,Weekday,Moderate,High,1237,Community,83
INC04686,CRP Square,20.312365,85.819867,Eve-teasing,2,Evening,Weekday,Poor,Low,1486,Police,57
INC04687,Master Canteen,20.267436,85.841618,Snatching,3,Evening,Weekday,Moderate,High,1410,Community,67
INC04688,Rasulgarh,20.291647,85.871162,Assault on Woman,5,Night,Weekday,Moderate,High,916,Community,100
INC04689,Old Town,20.240758,85.832262,Assault on Woman,5,Night,Weekday,Moderate,Medium,875,Community,97
INC04690,Nayapalli,20.29785,85.80581,Harassment,3,Night,Weekend,Moderate,High,1212,Police,68
INC04691,Jaydev Vihar,20.301622,85.81715,Harassment,3,Night,Weekday,Good,Low,927,Community,58
INC04692,Baramunda,20.272452,85.80568,Harassment,3,Night,Weekend,Good,Medium,415,Police,57
INC04693,Kalpana Square,20.257529,85.840339,Harassment,3,Evening,Weekday,Moderate,Low,1202,Police,65
INC04694,Vani Vihar,20.297197,85.839406,Stalking,4,Evening,Weekday,Moderate,Medium,642,Police,81
INC04695,Saheed Nagar,20.295093,85.841115,Harassment,3,Morning,Weekday,Moderate,Low,387,Community,50
INC04696,Rasulgarh,20.293204,85.872158,Harassment,3,Evening,Weekday,Moderate,High,1198,Community,67
INC04697,Vani Vihar,20.296453,85.841361,Assault on Woman,5,Afternoon,Weekday,Moderate,High,587,Police,87
INC04698,Khandagiri,20.259591,85.782397,Stalking,4,Evening,Weekday,Poor,Low,1452,Community,88
INC04699,Patia,20.355417,85.820561,Stalking,4,Afternoon,Weekday,Good,Medium,826,Community,55
INC04700,Mancheswar,20.322533,85.864066,Assault on Woman,5,Evening,Weekend,Poor,Low,429,Police,100
INC04701,Patia,20.352489,85.818104,Kidnapping Attempt,5,Morning,Weekend,Moderate,Medium,557,Community,89
INC04702,Old Town,20.240018,85.836708,Harassment,3,Evening,Weekday,Poor,Low,1366,Community,69
INC04703,CRP Square,20.317508,85.822631,Stalking,4,Evening,Weekday,Good,High,979,Community,69
INC04704,Nayapalli,20.294422,85.802205,Kidnapping Attempt,5,Afternoon,Weekend,Good,Medium,844,Police,77
INC04705,Vani Vihar,20.299357,85.841621,Stalking,4,Evening,Weekday,Poor,Medium,753,Community,88
INC04706,Pokhariput,20.255566,85.801059,Stalking,4,Night,Weekend,Moderate,Low,417,Police,80
INC04707,Nayapalli,20.293328,85.804415,Suspicious Activity,2,Night,Weekday,Poor,Medium,812,Community,65
INC04708,Mancheswar,20.319941,85.861862,Suspicious Activity,2,Afternoon,Weekday,Moderate,Low,793,Community,37
INC04709,Chandrasekharpur,20.334835,85.823914,Stalking,4,Evening,Weekday,Poor,High,1271,Community,93
INC04710,Master Canteen,20.269598,85.839252,Stalking,4,Morning,Weekend,Moderate,Medium,1295,Community,65
INC04711,Patia,20.356056,85.821083,Stalking,4,Evening,Weekend,Poor,High,983,Police,86
INC04712,Chandrasekharpur,20.329382,85.818841,Snatching,3,Night,Weekend,Good,Low,1129,Community,56
INC04713,Saheed Nagar,20.297921,85.841667,Eve-teasing,2,Evening,Weekend,Poor,High,664,Community,61
INC04714,Dumduma,20.265546,85.796333,Assault on Woman,5,Evening,Weekday,Moderate,Low,580,Community,98
INC04715,Pokhariput,20.254164,85.801448,Harassment,3,Evening,Weekday,Moderate,Low,1246,Police,59
INC04716,Jaydev Vihar,20.29832,85.82121,Snatching,3,Evening,Weekday,Poor,Medium,962,Community,77
INC04717,Pokhariput,20.253634,85.801093,Eve-teasing,2,Night,Weekend,Moderate,Low,976,Community,54
INC04718,Infocity,20.34212,85.815997,Assault on Woman,5,Night,Weekend,Good,Low,619,Community,89
INC04719,KIIT Square,20.352283,85.81635,Stalking,4,Night,Weekend,Poor,High,860,Community,90
INC04720,Khandagiri,20.25973,85.780964,Assault on Woman,5,Night,Weekend,Good,Low,1477,Police,88
INC04721,KIIT Square,20.35377,85.820159,Stalking,4,Evening,Weekday,Good,Low,837,Community,68
INC04722,Dumduma,20.264864,85.795177,Suspicious Activity,2,Evening,Weekday,Moderate,Low,535,Police,50
INC04723,Mancheswar,20.322611,85.863925,Harassment,3,Afternoon,Weekend,Good,Medium,1315,Community,43
INC04724,Jaydev Vihar,20.302744,85.821656,Harassment,3,Night,Weekday,Poor,Low,137,Community,75
INC04725,Master Canteen,20.27069,85.840983,Stalking,4,Night,Weekday,Poor,Medium,614,Community,93
INC04726,Infocity,20.34588,85.816485,Harassment,3,Afternoon,Weekday,Moderate,Low,373,Community,57
INC04727,Pokhariput,20.253315,85.806138,Harassment,3,Afternoon,Weekend,Moderate,Low,598,Community,54
INC04728,Acharya Vihar,20.300204,85.83661,Harassment,3,Morning,Weekend,Moderate,High,501,Police,52
INC04729,Khandagiri,20.259319,85.781301,Assault on Woman,5,Evening,Weekend,Poor,Medium,947,Police,98
INC04730,Pokhariput,20.252298,85.803162,Harassment,3,Evening,Weekend,Poor,Low,540,Community,73
INC04731,Old Town,20.235319,85.831555,Suspicious Activity,2,Evening,Weekday,Good,Medium,782,Community,34
INC04732,CRP Square,20.3178,85.823275,Stalking,4,Afternoon,Weekday,Poor,Low,677,Police,83
INC04733,Old Town,20.240057,85.836896,Snatching,3,Night,Weekend,Poor,High,932,Community,84
INC04734,Khandagiri,20.255059,85.778822,Harassment,3,Night,Weekend,Poor,Medium,389,Police,81
INC04735,Pokhariput,20.253743,85.805703,Assault on Woman,5,Night,Weekend,Good,Low,917,Community,92
INC04736,Kalpana Square,20.260724,85.842113,Stalking,4,Evening,Weekday,Good,High,676,Police,65
INC04737,Pokhariput,20.254567,85.802107,Harassment,3,Evening,Weekend,Good,Low,1357,Community,56
INC04738,Chandrasekharpur,20.334319,85.821292,Stalking,4,Afternoon,Weekday,Good,Medium,222,Community,58
INC04739,Infocity,20.341492,85.814198,Snatching,3,Night,Weekday,Good,Medium,323,Police,55
INC04740,CRP Square,20.314849,85.820783,Assault on Woman,5,Evening,Weekday,Poor,Low,1012,Community,100
INC04741,Vani Vihar,20.298483,85.841896,Suspicious Activity,2,Evening,Weekend,Moderate,Low,934,Community,45
INC04742,Dumduma,20.264998,85.794136,Assault on Woman,5,Night,Weekend,Poor,Medium,346,Community,100
INC04743,Baramunda,20.269685,85.803682,Harassment,3,Morning,Weekday,Moderate,Medium,410,Community,56
INC04744,CRP Square,20.314049,85.821911,Stalking,4,Evening,Weekend,Poor,Medium,1137,Police,87
INC04745,Jaydev Vihar,20.298518,85.817225,Stalking,4,Evening,Weekend,Moderate,High,1456,Community,74
INC04746,Jaydev Vihar,20.300592,85.818868,Assault on Woman,5,Afternoon,Weekend,Good,Medium,278,Community,70
INC04747,Khandagiri,20.255204,85.780636,Assault on Woman,5,Afternoon,Weekday,Good,Medium,815,Police,70
INC04748,Old Town,20.235574,85.833612,Stalking,4,Night,Weekday,Moderate,Low,256,Community,87
INC04749,Saheed Nagar,20.299173,85.841306,Stalking,4,Morning,Weekday,Moderate,High,246,Community,73
INC04750,Patia,20.355022,85.819943,Assault on Woman,5,Evening,Weekend,Good,Low,806,Community,87
INC04751,Chandrasekharpur,20.334143,85.821909,Harassment,3,Evening,Weekend,Poor,Medium,535,Community,68
INC04752,Acharya Vihar,20.299558,85.832467,Assault on Woman,5,Night,Weekend,Good,High,1165,Community,86
INC04753,Pokhariput,20.25284,85.80381,Stalking,4,Afternoon,Weekday,Good,Low,1317,Community,62
INC04754,Baramunda,20.269311,85.802504,Snatching,3,Morning,Weekday,Good,High,1475,Community,45
INC04755,Vani Vihar,20.29707,85.844032,Assault on Woman,5,Evening,Weekday,Good,High,1109,Community,84
INC04756,Jaydev Vihar,20.300742,85.817998,Sexual Harassment,5,Night,Weekday,Good,Medium,763,Community,88
INC04757,Lingaraj,20.241992,85.831288,Suspicious Activity,2,Evening,Weekend,Moderate,Medium,388,Community,53
INC04758,Khandagiri,20.254815,85.783563,Assault on Woman,5,Night,Weekend,Poor,Low,1253,Community,100
INC04759,Old Town,20.239062,85.83308,Harassment,3,Evening,Weekday,Moderate,High,221,Community,58
INC04760,Vani Vihar,20.29824,85.839938,Assault on Woman,5,Afternoon,Weekday,Good,Medium,629,Community,73
INC04761,Lingaraj,20.244747,85.834648,Harassment,3,Night,Weekday,Poor,Medium,959,Community,75
INC04762,Old Town,20.240311,85.83204,Kidnapping Attempt,5,Morning,Weekday,Moderate,Medium,1422,Community,82
INC04763,Saheed Nagar,20.295022,85.843306,Assault on Woman,5,Evening,Weekend,Moderate,Medium,1322,Community,97
INC04764,Old Town,20.238374,85.832003,Suspicious Activity,2,Evening,Weekend,Moderate,High,1095,Community,52
INC04765,Vani Vihar,20.296132,85.841197,Stalking,4,Afternoon,Weekend,Moderate,Low,1150,Community,74
INC04766,Kalpana Square,20.258129,85.842943,Harassment,3,Evening,Weekday,Poor,High,264,Police,69
INC04767,Jaydev Vihar,20.299472,85.820864,Assault on Woman,5,Night,Weekend,Poor,Medium,530,Community,100
INC04768,Acharya Vihar,20.298723,85.835068,Harassment,3,Night,Weekend,Moderate,Medium,779,Police,72
INC04769,Mancheswar,20.323273,85.862386,Assault on Woman,5,Evening,Weekend,Moderate,High,360,Community,93
INC04770,Saheed Nagar,20.298943,85.843829,Harassment,3,Night,Weekday,Poor,Medium,231,Community,82
INC04771,Baramunda,20.26952,85.806099,Sexual Harassment,5,Night,Weekend,Moderate,Medium,1275,Community,97
INC04772,CRP Square,20.314148,85.823677,Harassment,3,Evening,Weekday,Good,Medium,1460,Police,48
INC04773,Patia,20.357441,85.820794,Harassment,3,Afternoon,Weekday,Moderate,Medium,466,Community,56
INC04774,Jaydev Vihar,20.301333,85.822467,Harassment,3,Morning,Weekday,Poor,Low,938,Police,70
INC04775,Kalpana Square,20.261479,85.840683,Snatching,3,Afternoon,Weekend,Good,Medium,788,Community,44
INC04776,Chandrasekharpur,20.331357,85.821261,Suspicious Activity,2,Evening,Weekend,Moderate,Low,260,Community,53
INC04777,Vani Vihar,20.295072,85.84222,Harassment,3,Afternoon,Weekend,Poor,Low,905,Community,65
INC04778,Kalpana Square,20.257244,85.841154,Assault on Woman,5,Evening,Weekend,Poor,Low,277,Community,100
INC04779,Infocity,20.342484,85.814202,Assault on Woman,5,Evening,Weekend,Moderate,Medium,381,Community,96
INC04780,Kalpana Square,20.25797,85.842286,Assault on Woman,5,Night,Weekday,Poor,Medium,682,Community,100
INC04781,Patia,20.356659,85.819704,Assault on Woman,5,Evening,Weekend,Poor,Medium,864,Community,100
INC04782,CRP Square,20.317947,85.822417,Kidnapping Attempt,5,Evening,Weekday,Good,Medium,321,Police,88
INC04783,Mancheswar,20.32482,85.866467,Harassment,3,Evening,Weekday,Moderate,High,1450,Community,68
INC04784,KIIT Square,20.350546,85.817021,Harassment,3,Evening,Weekday,Poor,Medium,911,Police,75
INC04785,Nayapalli,20.293995,85.804841,Harassment,3,Afternoon,Weekend,Poor,Medium,922,Community,66
INC04786,Pokhariput,20.255236,85.805476,Stalking,4,Afternoon,Weekend,Good,High,237,Community,65
INC04787,Old Town,20.239527,85.832828,Suspicious Activity,2,Evening,Weekend,Poor,High,1356,Police,58
INC04788,Saheed Nagar,20.295839,85.840834,Harassment,3,Morning,Weekend,Good,High,212,Police,42
INC04789,Nayapalli,20.293249,85.807524,Assault on Woman,5,Evening,Weekday,Moderate,Medium,884,Community,97
INC04790,Nayapalli,20.294796,85.803535,Suspicious Activity,2,Afternoon,Weekday,Good,Medium,782,Community,26
INC04791,Old Town,20.240792,85.834289,Snatching,3,Morning,Weekday,Good,Low,110,Police,48
INC04792,Pokhariput,20.253635,85.80492,Harassment,3,Night,Weekday,Poor,Low,1367,Community,80
INC04793,Baramunda,20.268751,85.80315,Snatching,3,Morning,Weekend,Moderate,Medium,595,Community,57
INC04794,Acharya Vihar,20.301128,85.837453,Eve-teasing,2,Night,Weekend,Good,Low,451,Police,44
INC04795,Jaydev Vihar,20.299602,85.818315,Stalking,4,Evening,Weekday,Poor,High,533,Community,89
INC04796,Baramunda,20.267157,85.806726,Harassment,3,Evening,Weekend,Poor,High,852,Community,77
INC04797,Dumduma,20.265509,85.792114,Snatching,3,Night,Weekday,Poor,Medium,462,Community,76
INC04798,Acharya Vihar,20.3017,85.836615,Harassment,3,Evening,Weekday,Poor,Low,1199,Community,75
INC04799,Acharya Vihar,20.301571,85.834808,Harassment,3,Night,Weekend,Moderate,Medium,833,Police,66
INC04800,Vani Vihar,20.296815,85.842896,Harassment,3,Afternoon,Weekend,Moderate,High,817,Police,53
INC04801,Vani Vihar,20.297188,85.839309,Stalking,4,Night,Weekend,Good,Low,807,Community,72
INC04802,Saheed Nagar,20.296754,85.838413,Stalking,4,Afternoon,Weekend,Good,High,115,Community,57
INC04803,Lingaraj,20.244847,85.83263,Assault on Woman,5,Night,Weekend,Poor,High,583,Community,100
INC04804,Infocity,20.344019,85.816661,Assault on Woman,5,Night,Weekend,Poor,Medium,423,Community,100
INC04805,Saheed Nagar,20.295616,85.839474,Harassment,3,Evening,Weekend,Poor,High,522,Community,78
INC04806,Mancheswar,20.319456,85.865926,Harassment,3,Evening,Weekday,Good,Low,876,Community,49
INC04807,Lingaraj,20.24529,85.835235,Stalking,4,Evening,Weekday,Poor,Medium,445,Community,93
INC04808,Saheed Nagar,20.295751,85.839498,Harassment,3,Evening,Weekday,Poor,Low,1319,Community,77
INC04809,Khandagiri,20.256938,85.784641,Assault on Woman,5,Evening,Weekend,Moderate,Low,553,Community,89
INC04810,Patia,20.354425,85.816539,Eve-teasing,2,Evening,Weekday,Good,High,1412,Community,37
INC04811,Jaydev Vihar,20.30388,85.820018,Stalking,4,Morning,Weekday,Poor,Low,129,Community,78
INC04812,CRP Square,20.317752,85.822904,Assault on Woman,5,Evening,Weekend,Good,Low,1483,Community,84
INC04813,Saheed Nagar,20.29628,85.839986,Sexual Harassment,5,Evening,Weekend,Good,High,931,Police,82
INC04814,Baramunda,20.269919,85.804058,Harassment,3,Night,Weekend,Moderate,Low,1080,Community,71
INC04815,Acharya Vihar,20.300083,85.836256,Stalking,4,Morning,Weekday,Poor,Medium,522,Community,82
INC04816,Chandrasekharpur,20.329007,85.821846,Sexual Harassment,5,Evening,Weekend,Poor,High,1260,Community,100
INC04817,Vani Vihar,20.29724,85.839718,Harassment,3,Night,Weekend,Moderate,Low,951,Police,68
INC04818,Mancheswar,20.324848,85.861901,Kidnapping Attempt,5,Morning,Weekend,Moderate,Low,422,Police,87
INC04819,Lingaraj,20.244672,85.83552,Harassment,3,Evening,Weekday,Moderate,High,854,Community,67
INC04820,Acharya Vihar,20.302719,85.834711,Snatching,3,Evening,Weekday,Poor,Medium,188,Community,68
INC04821,KIIT Square,20.355271,85.816335,Sexual Harassment,5,Night,Weekday,Poor,Low,245,Community,100
INC04822,CRP Square,20.316989,85.8229,Harassment,3,Night,Weekday,Poor,Medium,842,Community,80
INC04823,Jaydev Vihar,20.298924,85.822715,Assault on Woman,5,Evening,Weekday,Good,High,519,Community,86
INC04824,Rasulgarh,20.290546,85.872054,Harassment,3,Morning,Weekend,Poor,Low,1383,Police,69
INC04825,CRP Square,20.313462,85.823942,Kidnapping Attempt,5,Evening,Weekday,Good,Medium,1058,Community,85
INC04826,Rasulgarh,20.291109,85.872286,Stalking,4,Afternoon,Weekend,Moderate,Medium,935,Community,69
INC04827,Khandagiri,20.256761,85.781557,Sexual Harassment,5,Afternoon,Weekend,Poor,High,147,Community,91
INC04828,Pokhariput,20.256857,85.804686,Assault on Woman,5,Afternoon,Weekday,Moderate,Medium,203,Community,89
INC04829,Infocity,20.345555,85.816106,Harassment,3,Afternoon,Weekday,Moderate,Medium,693,Police,59
INC04830,Infocity,20.344798,85.816545,Snatching,3,Afternoon,Weekend,Good,Medium,102,Police,44
INC04831,KIIT Square,20.351697,85.820081,Suspicious Activity,2,Afternoon,Weekday,Good,Low,440,Community,35
INC04832,Jaydev Vihar,20.299686,85.82271,Snatching,3,Afternoon,Weekday,Poor,Low,938,Community,66
INC04833,Kalpana Square,20.258638,85.840349,Sexual Harassment,5,Night,Weekend,Poor,Low,334,Police,100
INC04834,Rasulgarh,20.290336,85.869175,Harassment,3,Morning,Weekday,Poor,Medium,1461,Community,60
INC04835,CRP Square,20.312952,85.821486,Stalking,4,Night,Weekday,Moderate,High,768,Community,88
INC04836,Dumduma,20.265815,85.792406,Stalking,4,Evening,Weekend,Good,Low,942,Community,67
INC04837,Kalpana Square,20.258648,85.842873,Sexual Harassment,5,Night,Weekday,Good,Low,220,Police,86
INC04838,Acharya Vihar,20.300893,85.837639,Suspicious Activity,2,Evening,Weekend,Poor,Low,798,Community,54
INC04839,Dumduma,20.261724,85.796668,Harassment,3,Morning,Weekend,Moderate,High,859,Community,55
INC04840,Dumduma,20.264553,85.791584,Harassment,3,Afternoon,Weekend,Good,High,387,Community,45
INC04841,Rasulgarh,20.289695,85.872902,Sexual Harassment,5,Evening,Weekend,Good,High,1248,Community,85
INC04842,Master Canteen,20.270118,85.840759,Assault on Woman,5,Morning,Weekend,Good,Medium,1189,Community,77
INC04843,KIIT Square,20.350532,85.81889,Stalking,4,Night,Weekday,Poor,Medium,103,Police,98
INC04844,Acharya Vihar,20.297988,85.832566,Eve-teasing,2,Afternoon,Weekday,Good,High,1146,Community,35
INC04845,Baramunda,20.267125,85.805561,Snatching,3,Evening,Weekend,Moderate,Medium,1305,Community,63
INC04846,Rasulgarh,20.292892,85.872504,Stalking,4,Night,Weekday,Poor,Medium,959,Community,99
INC04847,Rasulgarh,20.287343,85.86955,Harassment,3,Evening,Weekend,Good,High,1389,Community,48
INC04848,Lingaraj,20.240423,85.831025,Suspicious Activity,2,Night,Weekend,Good,Medium,923,Community,44
INC04849,Baramunda,20.270231,85.80647,Sexual Harassment,5,Night,Weekend,Poor,Low,1169,Community,100
INC04850,Dumduma,20.266312,85.794071,Kidnapping Attempt,5,Evening,Weekend,Moderate,Medium,563,Police,92
INC04851,KIIT Square,20.35264,85.820104,Stalking,4,Evening,Weekday,Poor,High,555,Police,89
INC04852,Lingaraj,20.244243,85.834497,Harassment,3,Evening,Weekday,Poor,Low,1296,Community,72
INC04853,CRP Square,20.312945,85.820162,Snatching,3,Night,Weekend,Good,Medium,899,Community,63
INC04854,Rasulgarh,20.288105,85.872185,Sexual Harassment,5,Night,Weekday,Poor,Medium,808,Community,100
INC04855,Baramunda,20.271674,85.806569,Stalking,4,Night,Weekend,Good,Low,425,Police,75
INC04856,Old Town,20.240441,85.83267,Stalking,4,Night,Weekday,Moderate,Medium,1037,Community,87
INC04857,Infocity,20.341842,85.818623,Sexual Harassment,5,Morning,Weekday,Moderate,Medium,791,Community,89
INC04858,Old Town,20.237943,85.834538,Assault on Woman,5,Afternoon,Weekday,Poor,Medium,840,Police,95
INC04859,Old Town,20.235469,85.83117,Stalking,4,Night,Weekend,Poor,Low,484,Community,99
INC04860,Pokhariput,20.255094,85.801393,Harassment,3,Evening,Weekday,Poor,Medium,1157,Police,71
INC04861,Khandagiri,20.260222,85.779766,Harassment,3,Evening,Weekday,Poor,Medium,865,Community,69
INC04862,Infocity,20.342314,85.816498,Snatching,3,Evening,Weekend,Good,Medium,674,Community,51
INC04863,Kalpana Square,20.258856,85.844412,Stalking,4,Night,Weekend,Moderate,Low,317,Police,80
INC04864,Kalpana Square,20.257002,85.845005,Stalking,4,Evening,Weekday,Moderate,Medium,1324,Community,78
INC04865,Jaydev Vihar,20.300766,85.820611,Snatching,3,Morning,Weekday,Moderate,Medium,239,Police,59
INC04866,Dumduma,20.26561,85.79352,Sexual Harassment,5,Afternoon,Weekday,Poor,High,372,Community,96
INC04867,Kalpana Square,20.259333,85.84267,Snatching,3,Night,Weekend,Poor,Medium,1037,Community,84
INC04868,Mancheswar,20.3246,85.865732,Snatching,3,Night,Weekend,Moderate,Medium,657,Police,75
INC04869,Pokhariput,20.252528,85.804819,Assault on Woman,5,Morning,Weekday,Good,Medium,435,Police,77
INC04870,Old Town,20.238199,85.836847,Harassment,3,Evening,Weekday,Moderate,Medium,433,Community,66
INC04871,Pokhariput,20.256791,85.805475,Snatching,3,Night,Weekend,Moderate,Medium,889,Community,74
INC04872,Patia,20.357423,85.817177,Harassment,3,Evening,Weekend,Moderate,High,670,Police,59
INC04873,Acharya Vihar,20.298445,85.837018,Harassment,3,Night,Weekday,Poor,Low,533,Community,77
INC04874,Baramunda,20.269342,85.802872,Harassment,3,Evening,Weekday,Poor,High,832,Police,70
INC04875,Kalpana Square,20.259889,85.841363,Snatching,3,Morning,Weekend,Poor,High,726,Community,64
INC04876,Lingaraj,20.2417,85.836417,Snatching,3,Night,Weekend,Good,High,186,Police,64
INC04877,Baramunda,20.269322,85.803512,Eve-teasing,2,Evening,Weekday,Poor,Medium,217,Police,60
INC04878,Mancheswar,20.32317,85.865327,Assault on Woman,5,Evening,Weekend,Poor,Medium,1125,Police,100
INC04879,Master Canteen,20.268792,85.84158,Stalking,4,Evening,Weekend,Good,High,819,Community,65
INC04880,CRP Square,20.312798,85.819341,Snatching,3,Night,Weekend,Moderate,High,1178,Community,72
INC04881,Old Town,20.239825,85.835591,Harassment,3,Afternoon,Weekend,Good,Medium,882,Community,40
INC04882,Master Canteen,20.268981,85.840603,Suspicious Activity,2,Night,Weekday,Poor,High,435,Community,65
INC04883,Pokhariput,20.256203,85.802923,Harassment,3,Evening,Weekend,Good,High,1079,Police,48
INC04884,Acharya Vihar,20.302001,85.832916,Harassment,3,Night,Weekend,Moderate,Medium,388,Community,72
INC04885,Old Town,20.237855,85.836544,Stalking,4,Night,Weekday,Moderate,Medium,518,Police,84
INC04886,Baramunda,20.267937,85.804897,Assault on Woman,5,Evening,Weekend,Moderate,Medium,172,Police,95
INC04887,CRP Square,20.317612,85.821623,Suspicious Activity,2,Evening,Weekend,Moderate,Low,1224,Community,47
INC04888,Infocity,20.344491,85.814662,Sexual Harassment,5,Evening,Weekend,Good,Medium,1495,Community,88
INC04889,Infocity,20.341866,85.817002,Stalking,4,Evening,Weekend,Poor,Medium,277,Community,90
INC04890,Rasulgarh,20.291062,85.869642,Harassment,3,Evening,Weekday,Moderate,Medium,715,Community,64
INC04891,Mancheswar,20.323326,85.866724,Stalking,4,Night,Weekend,Good,Medium,998,Police,72
INC04892,CRP Square,20.317694,85.824812,Suspicious Activity,2,Night,Weekend,Poor,Medium,1168,Community,67
INC04893,Acharya Vihar,20.298983,85.836217,Eve-teasing,2,Night,Weekday,Poor,Medium,706,Community,62
INC04894,Lingaraj,20.24463,85.832983,Harassment,3,Evening,Weekday,Moderate,Medium,332,Community,59
INC04895,Infocity,20.34143,85.818152,Harassment,3,Night,Weekday,Good,Medium,1414,Police,64
INC04896,Pokhariput,20.256391,85.804966,Snatching,3,Evening,Weekday,Poor,Low,619,Community,74
INC04897,Chandrasekharpur,20.333799,85.822428,Stalking,4,Evening,Weekend,Moderate,Medium,319,Police,78
INC04898,Acharya Vihar,20.298849,85.836428,Harassment,3,Afternoon,Weekend,Moderate,Low,785,Community,60
INC04899,CRP Square,20.317796,85.824809,Assault on Woman,5,Afternoon,Weekday,Moderate,Medium,588,Community,82
INC04900,Master Canteen,20.266495,85.841915,Snatching,3,Evening,Weekday,Good,High,669,Community,48
INC04901,Pokhariput,20.257843,85.80289,Harassment,3,Night,Weekday,Moderate,Medium,605,Community,75
INC04902,Jaydev Vihar,20.299373,85.820639,Assault on Woman,5,Afternoon,Weekday,Poor,Low,235,Community,100
INC04903,Kalpana Square,20.261871,85.845955,Stalking,4,Evening,Weekend,Good,Medium,1413,Community,67
INC04904,Vani Vihar,20.298523,85.840238,Assault on Woman,5,Evening,Weekend,Poor,Low,1145,Community,100
INC04905,Jaydev Vihar,20.303404,85.818137,Stalking,4,Morning,Weekend,Good,Low,903,Police,63
INC04906,Old Town,20.240865,85.835358,Assault on Woman,5,Evening,Weekday,Moderate,Low,157,Community,95
INC04907,KIIT Square,20.350882,85.820067,Sexual Harassment,5,Afternoon,Weekend,Poor,Medium,1189,Police,99
INC04908,Acharya Vihar,20.298607,85.833803,Eve-teasing,2,Night,Weekday,Poor,High,1185,Community,62
INC04909,Mancheswar,20.321751,85.864515,Kidnapping Attempt,5,Night,Weekday,Poor,Medium,288,Community,100
INC04910,KIIT Square,20.354511,85.817047,Harassment,3,Morning,Weekend,Good,Medium,824,Community,46
INC04911,KIIT Square,20.355041,85.81929,Stalking,4,Night,Weekend,Good,High,116,Community,78
INC04912,CRP Square,20.312464,85.819324,Stalking,4,Morning,Weekend,Good,Low,982,Community,58
INC04913,Master Canteen,20.267722,85.838965,Assault on Woman,5,Evening,Weekday,Good,Medium,964,Community,88
INC04914,Infocity,20.345902,85.818935,Sexual Harassment,5,Afternoon,Weekday,Poor,Medium,1459,Police,94
INC04915,Master Canteen,20.271751,85.840887,Snatching,3,Morning,Weekend,Moderate,Medium,456,Community,56
INC04916,Nayapalli,20.296677,85.805273,Assault on Woman,5,Afternoon,Weekday,Good,Low,1493,Community,71
INC04917,Old Town,20.237194,85.834008,Eve-teasing,2,Evening,Weekday,Good,Medium,521,Community,41
INC04918,Khandagiri,20.260039,85.78341,Harassment,3,Evening,Weekday,Poor,Medium,219,Community,77
INC04919,Baramunda,20.271277,85.803061,Harassment,3,Night,Weekday,Poor,Medium,1333,Police,76
INC04920,Rasulgarh,20.289543,85.872528,Suspicious Activity,2,Night,Weekday,Poor,Low,531,Community,60
INC04921,Baramunda,20.271826,85.802904,Harassment,3,Night,Weekend,Moderate,High,672,Police,73
INC04922,Old Town,20.239252,85.835845,Assault on Woman,5,Night,Weekend,Good,Low,1236,Community,93
INC04923,Jaydev Vihar,20.302088,85.82117,Stalking,4,Evening,Weekend,Good,High,1398,Community,65
INC04924,Baramunda,20.271475,85.802038,Harassment,3,Evening,Weekday,Moderate,High,1157,Police,66
INC04925,CRP Square,20.317855,85.824603,Harassment,3,Night,Weekend,Poor,Medium,1110,Community,85
INC04926,Mancheswar,20.319016,85.865404,Snatching,3,Evening,Weekday,Moderate,Medium,1391,Police,61
INC04927,Old Town,20.236133,85.833,Stalking,4,Morning,Weekend,Good,High,347,Police,63
INC04928,Patia,20.357863,85.816741,Snatching,3,Night,Weekday,Good,Low,835,Community,57
INC04929,Pokhariput,20.255455,85.803156,Assault on Woman,5,Night,Weekday,Good,Medium,162,Community,91
INC04930,Master Canteen,20.271095,85.843187,Harassment,3,Afternoon,Weekday,Poor,High,1053,Police,69
INC04931,Chandrasekharpur,20.330149,85.818264,Kidnapping Attempt,5,Evening,Weekend,Moderate,Low,1154,Community,96
INC04932,Master Canteen,20.270673,85.839097,Snatching,3,Night,Weekday,Good,Medium,588,Police,60
INC04933,Jaydev Vihar,20.303398,85.819042,Snatching,3,Evening,Weekend,Poor,High,1048,Police,68
INC04934,Jaydev Vihar,20.299652,85.817528,Suspicious Activity,2,Night,Weekend,Moderate,Low,1401,Police,56
INC04935,Lingaraj,20.242273,85.833379,Assault on Woman,5,Evening,Weekend,Poor,Low,943,Community,99
INC04936,Acharya Vihar,20.29883,85.832104,Snatching,3,Night,Weekend,Poor,Low,324,Community,82
INC04937,Saheed Nagar,20.295427,85.84259,Stalking,4,Morning,Weekday,Moderate,Medium,465,Community,67
INC04938,Nayapalli,20.298649,85.806111,Suspicious Activity,2,Night,Weekday,Good,Medium,436,Community,42
INC04939,Rasulgarh,20.287566,85.870054,Harassment,3,Afternoon,Weekday,Moderate,Medium,1203,Police,56
INC04940,KIIT Square,20.350303,85.815114,Snatching,3,Evening,Weekend,Good,Low,1184,Police,50
INC04941,CRP Square,20.313432,85.820291,Assault on Woman,5,Night,Weekday,Poor,Medium,1283,Community,100
INC04942,Lingaraj,20.243853,85.833333,Eve-teasing,2,Night,Weekday,Good,Low,811,Community,50
INC04943,Patia,20.354323,85.821134,Assault on Woman,5,Evening,Weekday,Good,Medium,324,Community,81
INC04944,Saheed Nagar,20.297792,85.841425,Stalking,4,Afternoon,Weekday,Moderate,Low,754,Community,75
INC04945,Pokhariput,20.255039,85.805289,Harassment,3,Night,Weekday,Good,High,732,Community,58
INC04946,Lingaraj,20.245945,85.833721,Snatching,3,Morning,Weekday,Poor,Low,1019,Community,67
INC04947,Infocity,20.343168,85.81541,Harassment,3,Evening,Weekday,Poor,Low,1096,Community,75
INC04948,Infocity,20.344204,85.81827,Assault on Woman,5,Afternoon,Weekday,Moderate,Medium,956,Police,89
INC04949,Kalpana Square,20.258804,85.843033,Snatching,3,Evening,Weekday,Moderate,Medium,836,Community,59
INC04950,Pokhariput,20.255463,85.806181,Harassment,3,Night,Weekday,Poor,Medium,982,Community,80
INC04951,Patia,20.354031,85.822432,Assault on Woman,5,Night,Weekend,Good,Low,1284,Police,87
INC04952,Mancheswar,20.323116,85.86172,Harassment,3,Evening,Weekend,Moderate,Medium,546,Community,63
INC04953,Mancheswar,20.324618,85.865005,Eve-teasing,2,Afternoon,Weekday,Good,Low,1262,Police,34
INC04954,Nayapalli,20.296172,85.803444,Sexual Harassment,5,Morning,Weekend,Poor,Medium,220,Community,98
INC04955,Old Town,20.240915,85.832474,Stalking,4,Night,Weekday,Moderate,Low,180,Community,85
INC04956,Baramunda,20.272489,85.80244,Eve-teasing,2,Morning,Weekend,Moderate,Low,481,Community,37
INC04957,Master Canteen,20.267258,85.838282,Assault on Woman,5,Evening,Weekday,Poor,Low,381,Police,100
INC04958,Pokhariput,20.255973,85.801516,Harassment,3,Night,Weekday,Moderate,High,113,Community,65
INC04959,KIIT Square,20.352949,85.816313,Eve-teasing,2,Morning,Weekday,Moderate,Medium,635,Community,45
INC04960,Dumduma,20.264171,85.791108,Harassment,3,Morning,Weekday,Poor,Low,284,Community,60
INC04961,Chandrasekharpur,20.332285,85.818111,Harassment,3,Night,Weekday,Good,Low,606,Police,65
INC04962,Chandrasekharpur,20.332817,85.823186,Stalking,4,Night,Weekend,Moderate,Medium,1107,Police,84
INC04963,Rasulgarh,20.291564,85.873703,Assault on Woman,5,Evening,Weekday,Good,Low,735,Community,87
INC04964,Old Town,20.238812,85.835466,Kidnapping Attempt,5,Afternoon,Weekend,Poor,Low,1371,Police,94
INC04965,KIIT Square,20.353777,85.818543,Kidnapping Attempt,5,Afternoon,Weekday,Moderate,Low,343,Community,90
INC04966,Dumduma,20.262337,85.794133,Sexual Harassment,5,Afternoon,Weekend,Poor,Medium,348,Community,98
INC04967,Pokhariput,20.252814,85.803419,Suspicious Activity,2,Night,Weekend,Moderate,Medium,1275,Police,52
INC04968,Master Canteen,20.27005,85.841014,Snatching,3,Evening,Weekend,Poor,Medium,1033,Police,72
INC04969,Old Town,20.2377,85.834982,Suspicious Activity,2,Evening,Weekday,Poor,Medium,988,Community,63
INC04970,KIIT Square,20.351909,85.819394,Kidnapping Attempt,5,Evening,Weekday,Good,Medium,608,Police,81
INC04971,Mancheswar,20.321806,85.862695,Harassment,3,Morning,Weekend,Poor,High,1121,Community,66
INC04972,Master Canteen,20.267475,85.842914,Harassment,3,Night,Weekday,Moderate,Low,106,Police,70
INC04973,Infocity,20.34697,85.818633,Eve-teasing,2,Afternoon,Weekday,Good,High,780,Community,32
INC04974,Dumduma,20.26109,85.791986,Assault on Woman,5,Night,Weekend,Poor,High,1444,Police,100
INC04975,Lingaraj,20.241308,85.834072,Assault on Woman,5,Evening,Weekday,Moderate,Medium,998,Community,97
INC04976,Vani Vihar,20.294061,85.839764,Sexual Harassment,5,Night,Weekend,Moderate,Medium,677,Community,99
INC04977,Vani Vihar,20.29896,85.840862,Harassment,3,Night,Weekend,Good,Medium,684,Community,61
INC04978,Chandrasekharpur,20.331639,85.822628,Harassment,3,Afternoon,Weekday,Moderate,Medium,1299,Community,54
INC04979,Kalpana Square,20.261725,85.844346,Stalking,4,Morning,Weekend,Moderate,High,389,Community,71
INC04980,Acharya Vihar,20.300033,85.834277,Harassment,3,Evening,Weekend,Moderate,High,605,Community,59
INC04981,Lingaraj,20.240371,85.835062,Stalking,4,Evening,Weekday,Moderate,High,327,Community,78
INC04982,KIIT Square,20.350471,85.818094,Stalking,4,Evening,Weekday,Poor,Low,406,Community,86
INC04983,Pokhariput,20.254386,85.802879,Assault on Woman,5,Afternoon,Weekend,Moderate,High,1398,Community,83
INC04984,Infocity,20.343895,85.81724,Kidnapping Attempt,5,Night,Weekday,Good,Low,807,Community,90
INC04985,Acharya Vihar,20.302156,85.837602,Eve-teasing,2,Evening,Weekend,Moderate,Medium,717,Police,44
INC04986,Kalpana Square,20.257141,85.841178,Stalking,4,Afternoon,Weekday,Moderate,Low,1142,Community,65
INC04987,Master Canteen,20.267571,85.839953,Kidnapping Attempt,5,Night,Weekend,Moderate,Medium,231,Police,96
INC04988,Old Town,20.236558,85.831118,Harassment,3,Evening,Weekend,Moderate,Medium,1380,Police,65
INC04989,Dumduma,20.265934,85.792248,Assault on Woman,5,Morning,Weekend,Poor,High,664,Community,96
INC04990,Mancheswar,20.323923,85.862296,Harassment,3,Night,Weekend,Moderate,Medium,502,Police,66
INC04991,KIIT Square,20.352272,85.816252,Kidnapping Attempt,5,Afternoon,Weekday,Poor,Medium,927,Community,93
INC04992,Master Canteen,20.266207,85.841709,Harassment,3,Evening,Weekend,Poor,Medium,673,Police,71
INC04993,CRP Square,20.316397,85.822365,Snatching,3,Evening,Weekend,Good,High,199,Police,49
INC04994,Saheed Nagar,20.297857,85.843853,Harassment,3,Night,Weekday,Poor,Low,360,Community,78
INC04995,Pokhariput,20.254938,85.805712,Stalking,4,Afternoon,Weekday,Poor,Low,445,Police,84
INC04996,Jaydev Vihar,20.302464,85.821638,Assault on Woman,5,Morning,Weekday,Good,High,589,Police,71
INC04997,Vani Vihar,20.296184,85.841487,Harassment,3,Evening,Weekday,Moderate,Medium,1496,Police,64
INC04998,CRP Square,20.312512,85.821834,Assault on Woman,5,Evening,Weekday,Poor,High,567,Police,100
INC04999,Rasulgarh,20.289468,85.868494,Snatching,3,Evening,Weekend,Moderate,High,1212,Police,60
INC05000,Old Town,20.238802,85.835629,Snatching,3,Night,Weekend,Poor,Medium,1276,Community,79
INC05001,CRP Square,20.316996,85.822304,Harassment,3,Evening,Weekend,Moderate,High,1198,Community,62
INC05002,Lingaraj,20.244877,85.831581,Assault on Woman,5,Afternoon,Weekend,Good,Medium,534,Community,80
INC05003,Master Canteen,20.266849,85.8423,Suspicious Activity,2,Afternoon,Weekend,Good,High,425,Police,28
INC05004,Pokhariput,20.254356,85.805477,Snatching,3,Afternoon,Weekend,Good,High,379,Police,47
INC05005,CRP Square,20.312045,85.820549,Stalking,4,Afternoon,Weekday,Good,Medium,539,Community,56
INC05006,Old Town,20.236797,85.835393,Stalking,4,Evening,Weekday,Moderate,Low,544,Community,76
INC05007,Khandagiri,20.256112,85.782026,Harassment,3,Afternoon,Weekend,Poor,High,1302,Community,60
INC05008,CRP Square,20.316855,85.821965,Stalking,4,Night,Weekend,Poor,Low,1469,Community,96
INC05009,Acharya Vihar,20.301279,85.832621,Stalking,4,Evening,Weekend,Good,High,499,Community,70
INC05010,Chandrasekharpur,20.334195,85.821288,Harassment,3,Evening,Weekday,Good,High,364,Community,53
INC05011,Dumduma,20.265109,85.79507,Suspicious Activity,2,Morning,Weekday,Poor,Medium,205,Police,53
INC05012,Dumduma,20.265347,85.794848,Harassment,3,Night,Weekday,Moderate,Medium,473,Community,65
INC05013,Old Town,20.23569,85.83488,Harassment,3,Night,Weekend,Good,High,1400,Community,59
INC05014,Mancheswar,20.319298,85.861941,Harassment,3,Night,Weekday,Moderate,Medium,1288,Community,70
INC05015,Patia,20.356135,85.817507,Harassment,3,Evening,Weekday,Moderate,Low,839,Police,67
INC05016,Nayapalli,20.297148,85.806435,Sexual Harassment,5,Afternoon,Weekend,Good,Medium,169,Community,72
INC05017,KIIT Square,20.355134,85.817807,Assault on Woman,5,Evening,Weekend,Good,Medium,1193,Community,79
INC05018,KIIT Square,20.353253,85.815891,Suspicious Activity,2,Evening,Weekday,Moderate,Low,1251,Police,48
INC05019,KIIT Square,20.350702,85.817149,Assault on Woman,5,Night,Weekday,Good,Low,953,Police,85
INC05020,Mancheswar,20.323312,85.8668,Assault on Woman,5,Afternoon,Weekday,Good,High,1005,Community,79
INC05021,Rasulgarh,20.292297,85.871005,Stalking,4,Evening,Weekday,Moderate,Medium,1356,Community,83
INC05022,Chandrasekharpur,20.332613,85.820556,Harassment,3,Afternoon,Weekend,Poor,High,569,Community,69
INC05023,Pokhariput,20.254558,85.803941,Kidnapping Attempt,5,Evening,Weekend,Poor,Low,477,Police,100
INC05024,Vani Vihar,20.29757,85.844384,Kidnapping Attempt,5,Night,Weekend,Good,Medium,999,Community,95
INC05025,KIIT Square,20.355909,85.818601,Harassment,3,Morning,Weekday,Moderate,Low,196,Community,53
INC05026,Lingaraj,20.245416,85.834744,Sexual Harassment,5,Afternoon,Weekday,Poor,High,644,Community,95
INC05027,Old Town,20.240774,85.836586,Stalking,4,Evening,Weekend,Moderate,High,325,Police,83
INC05028,Rasulgarh,20.287639,85.868659,Assault on Woman,5,Evening,Weekend,Good,Low,337,Community,86
INC05029,Vani Vihar,20.298257,85.839688,Harassment,3,Afternoon,Weekday,Poor,Medium,1289,Community,67
INC05030,Rasulgarh,20.28964,85.869833,Stalking,4,Afternoon,Weekday,Good,High,1022,Police,55
INC05031,Infocity,20.341349,85.813702,Assault on Woman,5,Afternoon,Weekday,Poor,High,437,Community,94
INC05032,Acharya Vihar,20.301638,85.837792,Stalking,4,Evening,Weekday,Poor,High,1152,Community,93
INC05033,Mancheswar,20.322924,85.862982,Stalking,4,Evening,Weekend,Poor,Medium,809,Community,86
INC05034,Mancheswar,20.323743,85.866355,Assault on Woman,5,Night,Weekday,Good,Medium,625,Community,94
INC05035,Patia,20.353802,85.818137,Eve-teasing,2,Evening,Weekend,Moderate,High,111,Community,48
INC05036,Vani Vihar,20.297617,85.843209,Assault on Woman,5,Afternoon,Weekday,Poor,Low,275,Community,99
INC05037,Lingaraj,20.241728,85.835574,Sexual Harassment,5,Night,Weekday,Good,High,810,Community,94
INC05038,Kalpana Square,20.260095,85.840361,Harassment,3,Evening,Weekday,Good,High,1377,Community,49
INC05039,Nayapalli,20.297978,85.802153,Assault on Woman,5,Evening,Weekday,Good,Medium,1286,Community,83
INC05040,Vani Vihar,20.297151,85.844206,Harassment,3,Night,Weekend,Moderate,Low,624,Police,68
INC05041,Master Canteen,20.266636,85.838887,Eve-teasing,2,Night,Weekend,Moderate,Medium,354,Community,60
INC05042,Rasulgarh,20.287786,85.870786,Harassment,3,Evening,Weekday,Good,Medium,1175,Community,54
INC05043,Rasulgarh,20.288337,85.870013,Eve-teasing,2,Evening,Weekend,Good,Medium,1373,Community,35
INC05044,Master Canteen,20.271296,85.843108,Stalking,4,Evening,Weekend,Moderate,Medium,644,Community,77
INC05045,Master Canteen,20.270199,85.843827,Stalking,4,Morning,Weekend,Poor,Low,806,Community,81
INC05046,CRP Square,20.314032,85.82079,Harassment,3,Evening,Weekday,Moderate,Low,1263,Community,63
INC05047,Vani Vihar,20.295526,85.844123,Stalking,4,Evening,Weekday,Poor,High,1450,Police,83
INC05048,Nayapalli,20.296869,85.803868,Stalking,4,Evening,Weekend,Good,Low,866,Community,64
INC05049,Old Town,20.24042,85.83469,Harassment,3,Night,Weekday,Poor,Low,1292,Police,85
INC05050,Master Canteen,20.268342,85.840414,Kidnapping Attempt,5,Evening,Weekday,Good,High,709,Community,81
INC05051,Nayapalli,20.296562,85.802054,Stalking,4,Night,Weekend,Moderate,Medium,309,Police,84
INC05052,KIIT Square,20.352626,85.816403,Sexual Harassment,5,Afternoon,Weekday,Good,Low,963,Police,70
INC05053,Mancheswar,20.319878,85.861719,Harassment,3,Night,Weekday,Moderate,High,1343,Community,70
INC05054,Kalpana Square,20.259767,85.843775,Harassment,3,Evening,Weekday,Poor,Medium,1134,Community,71
INC05055,Kalpana Square,20.259013,85.844765,Harassment,3,Night,Weekday,Poor,Low,111,Community,83
INC05056,Saheed Nagar,20.298448,85.838996,Harassment,3,Evening,Weekend,Good,High,1500,Community,52
INC05057,CRP Square,20.312102,85.821719,Snatching,3,Evening,Weekday,Poor,Low,862,Community,69
INC05058,Nayapalli,20.297182,85.80332,Stalking,4,Night,Weekday,Good,Low,1237,Police,75
INC05059,Chandrasekharpur,20.330552,85.823602,Sexual Harassment,5,Night,Weekend,Good,High,408,Community,87
INC05060,Khandagiri,20.257625,85.78331,Stalking,4,Evening,Weekday,Good,Medium,196,Community,65
INC05061,Chandrasekharpur,20.334893,85.822277,Stalking,4,Evening,Weekend,Moderate,High,419,Police,74
INC05062,Nayapalli,20.298813,85.80694,Stalking,4,Morning,Weekday,Good,Low,853,Community,56
INC05063,Saheed Nagar,20.298929,85.838668,Harassment,3,Evening,Weekend,Good,Low,645,Police,53
INC05064,CRP Square,20.316421,85.824568,Suspicious Activity,2,Night,Weekday,Moderate,Medium,941,Community,51
INC05065,CRP Square,20.312818,85.820369,Harassment,3,Night,Weekend,Poor,Medium,649,Community,82
INC05066,Lingaraj,20.245176,85.834712,Stalking,4,Night,Weekday,Good,High,367,Community,72
INC05067,Rasulgarh,20.290001,85.870415,Eve-teasing,2,Evening,Weekday,Good,High,494,Police,38
INC05068,Vani Vihar,20.29671,85.843462,Assault on Woman,5,Night,Weekday,Good,Medium,1356,Community,85
INC05069,KIIT Square,20.352827,85.818783,Stalking,4,Afternoon,Weekend,Moderate,Low,338,Police,66
INC05070,Rasulgarh,20.287767,85.871675,Harassment,3,Afternoon,Weekday,Poor,Low,903,Community,65
INC05071,KIIT Square,20.352042,85.817322,Stalking,4,Evening,Weekend,Poor,Low,282,Community,91
INC05072,Saheed Nagar,20.297597,85.839013,Stalking,4,Night,Weekday,Poor,High,1274,Police,99
INC05073,Acharya Vihar,20.298287,85.833845,Stalking,4,Evening,Weekend,Moderate,Low,1107,Police,79
INC05074,Old Town,20.239766,85.832887,Stalking,4,Afternoon,Weekend,Moderate,Medium,436,Community,66
INC05075,Kalpana Square,20.257438,85.845241,Harassment,3,Night,Weekday,Moderate,High,1028,Community,75
INC05076,Infocity,20.345362,85.814592,Stalking,4,Night,Weekday,Moderate,Low,1242,Community,82
INC05077,Khandagiri,20.258306,85.78359,Snatching,3,Afternoon,Weekend,Poor,Medium,718,Community,68
INC05078,Lingaraj,20.244746,85.835411,Sexual Harassment,5,Evening,Weekend,Moderate,Medium,462,Community,93
INC05079,Jaydev Vihar,20.301519,85.81854,Assault on Woman,5,Evening,Weekend,Good,High,515,Police,79
INC05080,Rasulgarh,20.288078,85.870419,Kidnapping Attempt,5,Afternoon,Weekend,Moderate,Low,370,Community,89
INC05081,Nayapalli,20.297439,85.807707,Harassment,3,Night,Weekday,Poor,Low,328,Police,82
INC05082,Patia,20.356864,85.819148,Sexual Harassment,5,Night,Weekday,Good,Low,1485,Community,85
INC05083,Vani Vihar,20.295283,85.841402,Assault on Woman,5,Evening,Weekday,Good,Medium,534,Community,87
INC05084,Mancheswar,20.322294,85.861949,Eve-teasing,2,Night,Weekday,Moderate,High,531,Police,55
INC05085,Master Canteen,20.269002,85.841193,Harassment,3,Night,Weekday,Moderate,Medium,901,Community,70
INC05086,Infocity,20.341799,85.818815,Harassment,3,Evening,Weekday,Poor,Medium,429,Community,74
INC05087,Master Canteen,20.267063,85.83938,Suspicious Activity,2,Evening,Weekend,Good,Low,651,Police,39
INC05088,Infocity,20.346155,85.816557,Snatching,3,Evening,Weekday,Good,High,706,Community,51
INC05089,Pokhariput,20.253946,85.803002,Harassment,3,Morning,Weekend,Good,High,250,Police,50
INC05090,Pokhariput,20.252473,85.806831,Harassment,3,Night,Weekday,Poor,High,1233,Community,84
INC05091,Patia,20.356308,85.820422,Eve-teasing,2,Afternoon,Weekend,Poor,High,732,Police,52
INC05092,Kalpana Square,20.260553,85.840274,Kidnapping Attempt,5,Night,Weekday,Poor,Medium,1186,Community,100
INC05093,Pokhariput,20.256245,85.80369,Harassment,3,Morning,Weekend,Poor,Medium,1325,Police,70
INC05094,CRP Square,20.316145,85.820762,Harassment,3,Night,Weekday,Good,Medium,1324,Community,55
INC05095,Jaydev Vihar,20.300185,85.8225,Harassment,3,Morning,Weekend,Good,High,506,Community,44
INC05096,Kalpana Square,20.25979,85.842557,Assault on Woman,5,Evening,Weekend,Poor,High,146,Community,99
INC05097,Dumduma,20.261717,85.794717,Harassment,3,Afternoon,Weekend,Poor,Low,1111,Community,65
INC05098,Nayapalli,20.293976,85.80438,Eve-teasing,2,Night,Weekend,Poor,Medium,1229,Police,65
INC05099,Patia,20.357043,85.820075,Harassment,3,Night,Weekend,Good,Low,527,Police,55
INC05100,Acharya Vihar,20.300363,85.833692,Harassment,3,Evening,Weekend,Good,Low,406,Police,56
INC05101,Lingaraj,20.243171,85.831588,Assault on Woman,5,Evening,Weekend,Poor,Low,468,Community,100
INC05102,Saheed Nagar,20.294848,85.839468,Harassment,3,Night,Weekend,Good,High,295,Community,58
INC05103,Patia,20.353071,85.821973,Stalking,4,Night,Weekend,Poor,High,1449,Police,100
INC05104,KIIT Square,20.353723,85.819823,Harassment,3,Morning,Weekend,Poor,Medium,564,Community,67
INC05105,Pokhariput,20.2525,85.806586,Assault on Woman,5,Evening,Weekend,Moderate,Low,1323,Community,93
INC05106,Acharya Vihar,20.298775,85.836543,Suspicious Activity,2,Evening,Weekend,Moderate,Medium,729,Community,44
INC05107,Patia,20.357257,85.821945,Snatching,3,Evening,Weekend,Moderate,Medium,815,Police,59
INC05108,Lingaraj,20.244981,85.831803,Assault on Woman,5,Afternoon,Weekend,Moderate,Medium,1292,Community,81
INC05109,Pokhariput,20.256046,85.802849,Assault on Woman,5,Evening,Weekend,Moderate,High,123,Police,97
INC05110,CRP Square,20.315578,85.820829,Sexual Harassment,5,Night,Weekend,Poor,Low,480,Police,100
INC05111,Jaydev Vihar,20.303668,85.81928,Stalking,4,Night,Weekend,Moderate,High,788,Community,87
INC05112,Kalpana Square,20.26158,85.842645,Snatching,3,Evening,Weekend,Moderate,Medium,307,Community,61
INC05113,Infocity,20.345235,85.813566,Snatching,3,Evening,Weekend,Moderate,Medium,860,Police,60
INC05114,Infocity,20.341706,85.816133,Kidnapping Attempt,5,Evening,Weekday,Moderate,Medium,1406,Community,91
INC05115,Nayapalli,20.293735,85.802491,Harassment,3,Afternoon,Weekend,Poor,Low,1171,Community,61
INC05116,Mancheswar,20.319406,85.861459,Snatching,3,Morning,Weekend,Poor,High,267,Community,64
INC05117,Khandagiri,20.255059,85.78068,Snatching,3,Evening,Weekday,Moderate,Low,661,Police,61
INC05118,Acharya Vihar,20.298037,85.833933,Snatching,3,Night,Weekday,Good,Low,1078,Police,63
INC05119,CRP Square,20.313083,85.822104,Harassment,3,Night,Weekend,Moderate,Low,939,Community,67
INC05120,Khandagiri,20.256358,85.781571,Harassment,3,Night,Weekend,Moderate,Low,1388,Community,75
INC05121,Lingaraj,20.243639,85.83179,Stalking,4,Night,Weekday,Moderate,Medium,1270,Community,82
INC05122,Chandrasekharpur,20.332139,85.820626,Snatching,3,Morning,Weekend,Poor,Low,593,Community,64
INC05123,Old Town,20.237637,85.833159,Harassment,3,Night,Weekend,Moderate,Medium,1439,Community,68
INC05124,Lingaraj,20.243571,85.831275,Snatching,3,Afternoon,Weekend,Moderate,High,414,Community,53
INC05125,Jaydev Vihar,20.301313,85.822446,Snatching,3,Night,Weekday,Moderate,High,1489,Police,72
INC05126,Khandagiri,20.256458,85.780877,Harassment,3,Night,Weekday,Moderate,High,1406,Community,71
INC05127,Pokhariput,20.257185,85.802495,Sexual Harassment,5,Evening,Weekend,Good,Medium,128,Community,80
INC05128,Pokhariput,20.255827,85.805384,Harassment,3,Evening,Weekday,Moderate,Medium,1393,Community,58
INC05129,Jaydev Vihar,20.29902,85.817767,Harassment,3,Evening,Weekday,Moderate,High,755,Police,61
INC05130,Jaydev Vihar,20.300969,85.818353,Harassment,3,Afternoon,Weekday,Good,Low,902,Police,48
INC05131,Pokhariput,20.255866,85.801489,Assault on Woman,5,Night,Weekday,Moderate,Medium,1209,Police,97
INC05132,Saheed Nagar,20.294949,85.839259,Snatching,3,Night,Weekend,Moderate,Low,909,Community,74
INC05133,Infocity,20.345243,85.817597,Harassment,3,Evening,Weekend,Good,Low,327,Community,51
INC05134,Nayapalli,20.297086,85.803071,Snatching,3,Night,Weekday,Moderate,Medium,718,Community,67
INC05135,CRP Square,20.312308,85.820585,Harassment,3,Evening,Weekend,Moderate,Medium,1366,Police,62
INC05136,Acharya Vihar,20.300946,85.83568,Kidnapping Attempt,5,Night,Weekday,Good,High,618,Community,90
INC05137,Dumduma,20.26687,85.796039,Harassment,3,Night,Weekday,Good,High,206,Community,55
INC05138,Patia,20.354828,85.817959,Assault on Woman,5,Evening,Weekend,Poor,Medium,844,Police,100
INC05139,CRP Square,20.316363,85.82447,Eve-teasing,2,Evening,Weekday,Poor,High,780,Police,61
INC05140,CRP Square,20.315539,85.819224,Sexual Harassment,5,Afternoon,Weekday,Poor,Low,1312,Police,94
INC05141,Nayapalli,20.297388,85.806074,Stalking,4,Evening,Weekday,Poor,Low,445,Community,91
INC05142,Jaydev Vihar,20.303409,85.819769,Snatching,3,Evening,Weekday,Good,Medium,1276,Police,53
INC05143,Acharya Vihar,20.297797,85.834727,Harassment,3,Evening,Weekend,Poor,Low,1014,Community,69
INC05144,Patia,20.354777,85.820328,Harassment,3,Evening,Weekday,Moderate,Medium,702,Community,63
INC05145,KIIT Square,20.35272,85.816822,Suspicious Activity,2,Afternoon,Weekend,Poor,Low,1140,Community,45
INC05146,Chandrasekharpur,20.331929,85.82095,Snatching,3,Night,Weekend,Poor,Medium,581,Community,77
INC05147,Mancheswar,20.320315,85.865058,Suspicious Activity,2,Morning,Weekend,Poor,Medium,559,Community,53
INC05148,Chandrasekharpur,20.333241,85.82274,Sexual Harassment,5,Morning,Weekday,Poor,Medium,497,Community,93
INC05149,Saheed Nagar,20.295417,85.838833,Sexual Harassment,5,Night,Weekend,Moderate,High,409,Police,100
INC05150,Patia,20.353723,85.821896,Sexual Harassment,5,Evening,Weekend,Poor,Low,321,Police,100
INC05151,Old Town,20.240934,85.833775,Assault on Woman,5,Afternoon,Weekday,Good,Medium,1085,Community,79
INC05152,Dumduma,20.265808,85.794977,Harassment,3,Night,Weekday,Moderate,Low,292,Community,71
INC05153,Patia,20.354673,85.81926,Harassment,3,Evening,Weekday,Good,High,555,Community,54
INC05154,Mancheswar,20.322272,85.863878,Sexual Harassment,5,Evening,Weekend,Moderate,Medium,1201,Police,92
INC05155,Khandagiri,20.25522,85.780906,Assault on Woman,5,Morning,Weekend,Moderate,Medium,1001,Police,82
INC05156,Nayapalli,20.294371,85.806419,Suspicious Activity,2,Night,Weekday,Poor,Medium,377,Community,64
INC05157,Rasulgarh,20.288268,85.87239,Harassment,3,Night,Weekend,Poor,High,862,Community,85
INC05158,Acharya Vihar,20.302758,85.837827,Stalking,4,Night,Weekend,Good,High,346,Police,73
INC05159,Infocity,20.343302,85.818182,Snatching,3,Evening,Weekday,Moderate,Medium,848,Police,65
INC05160,Master Canteen,20.266658,85.841431,Stalking,4,Night,Weekend,Moderate,Medium,716,Police,85
INC05161,Baramunda,20.271511,85.804683,Suspicious Activity,2,Night,Weekend,Good,Medium,1193,Police,50
INC05162,Chandrasekharpur,20.330742,85.823863,Stalking,4,Night,Weekend,Moderate,Medium,1118,Community,83
INC05163,Patia,20.356637,85.820082,Stalking,4,Night,Weekday,Poor,Low,274,Police,90
INC05164,CRP Square,20.314825,85.820419,Suspicious Activity,2,Night,Weekend,Poor,Medium,420,Police,63
INC05165,Khandagiri,20.25774,85.782873,Harassment,3,Morning,Weekday,Poor,High,215,Police,61
INC05166,Rasulgarh,20.288201,85.870848,Assault on Woman,5,Night,Weekend,Moderate,Low,642,Community,100
INC05167,Baramunda,20.272683,85.803662,Kidnapping Attempt,5,Night,Weekend,Poor,Low,694,Community,100
INC05168,Infocity,20.341142,85.818552,Stalking,4,Evening,Weekend,Moderate,Low,634,Community,73
INC05169,Chandrasekharpur,20.331574,85.823842,Harassment,3,Night,Weekday,Good,Medium,1248,Community,64
INC05170,Patia,20.355207,85.821129,Assault on Woman,5,Evening,Weekday,Moderate,High,257,Community,89
INC05171,Lingaraj,20.244788,85.836784,Harassment,3,Night,Weekday,Good,Medium,253,Community,61
INC05172,Acharya Vihar,20.301536,85.836417,Snatching,3,Evening,Weekday,Good,Medium,1139,Police,52
INC05173,CRP Square,20.316785,85.820102,Snatching,3,Night,Weekday,Good,Low,303,Police,60
INC05174,KIIT Square,20.351473,85.815279,Harassment,3,Night,Weekend,Moderate,Medium,1430,Community,69
INC05175,Vani Vihar,20.296513,85.84447,Stalking,4,Night,Weekend,Moderate,High,299,Community,89
INC05176,KIIT Square,20.351296,85.820952,Assault on Woman,5,Evening,Weekday,Good,Medium,1497,Community,82
INC05177,Baramunda,20.26761,85.804573,Snatching,3,Evening,Weekday,Moderate,Low,304,Community,63
INC05178,Vani Vihar,20.297053,85.844885,Harassment,3,Night,Weekend,Poor,Medium,1150,Community,84
INC05179,KIIT Square,20.352419,85.81674,Stalking,4,Night,Weekday,Moderate,Low,538,Community,80
INC05180,KIIT Square,20.352181,85.816048,Suspicious Activity,2,Evening,Weekend,Poor,Medium,1070,Community,58
INC05181,Nayapalli,20.298455,85.804018,Harassment,3,Afternoon,Weekend,Poor,High,420,Police,62
INC05182,Acharya Vihar,20.302282,85.836065,Stalking,4,Evening,Weekend,Moderate,Medium,124,Community,73
INC05183,Mancheswar,20.319795,85.862508,Stalking,4,Evening,Weekend,Poor,High,1367,Community,93
INC05184,Dumduma,20.261066,85.793663,Harassment,3,Night,Weekend,Moderate,Medium,920,Community,71
INC05185,Vani Vihar,20.294078,85.843167,Kidnapping Attempt,5,Night,Weekday,Poor,Medium,1055,Police,100
INC05186,CRP Square,20.315197,85.820305,Stalking,4,Morning,Weekday,Moderate,Low,721,Community,75
INC05187,Vani Vihar,20.299664,85.841172,Harassment,3,Evening,Weekday,Poor,Medium,1170,Community,72
INC05188,Khandagiri,20.259347,85.782026,Assault on Woman,5,Night,Weekday,Poor,High,373,Community,100
INC05189,Old Town,20.235492,85.833926,Kidnapping Attempt,5,Evening,Weekday,Poor,Medium,931,Community,100
INC05190,Pokhariput,20.254101,85.802519,Snatching,3,Night,Weekday,Moderate,Medium,638,Community,75
INC05191,CRP Square,20.313149,85.821625,Stalking,4,Evening,Weekend,Poor,Low,168,Community,87
INC05192,Lingaraj,20.24387,85.835533,Harassment,3,Afternoon,Weekend,Poor,Low,312,Police,66
INC05193,KIIT Square,20.354269,85.818632,Assault on Woman,5,Evening,Weekend,Moderate,Low,498,Police,97
INC05194,Pokhariput,20.257035,85.803555,Kidnapping Attempt,5,Evening,Weekend,Moderate,Medium,775,Community,97
INC05195,Baramunda,20.271231,85.802165,Assault on Woman,5,Afternoon,Weekend,Moderate,Medium,1142,Police,84
INC05196,Master Canteen,20.268862,85.84209,Harassment,3,Morning,Weekday,Good,Low,800,Police,48
INC05197,Baramunda,20.269239,85.803485,Assault on Woman,5,Night,Weekday,Poor,Low,1055,Police,100
INC05198,Infocity,20.342931,85.815183,Snatching,3,Evening,Weekday,Good,High,1415,Community,54
INC05199,Lingaraj,20.244538,85.834387,Stalking,4,Morning,Weekday,Good,Medium,1022,Police,64
INC05200,Patia,20.354054,85.818888,Harassment,3,Night,Weekday,Moderate,Low,668,Police,71
INC05201,Lingaraj,20.242411,85.832854,Eve-teasing,2,Night,Weekday,Poor,High,785,Community,68
INC05202,Dumduma,20.265354,85.792349,Assault on Woman,5,Night,Weekend,Good,High,416,Community,89
INC05203,Mancheswar,20.32201,85.866616,Snatching,3,Evening,Weekday,Poor,Low,906,Community,73
INC05204,Khandagiri,20.257191,85.782987,Stalking,4,Morning,Weekday,Moderate,High,1199,Police,65
INC05205,Patia,20.353107,85.819009,Harassment,3,Evening,Weekend,Good,Medium,1140,Police,54
INC05206,Baramunda,20.272514,85.804482,Snatching,3,Morning,Weekend,Poor,High,1112,Community,66
INC05207,Patia,20.356494,85.821079,Harassment,3,Night,Weekday,Good,High,274,Community,64
INC05208,Old Town,20.237211,85.833739,Eve-teasing,2,Night,Weekend,Poor,High,1085,Community,69
INC05209,Lingaraj,20.245448,85.833256,Snatching,3,Afternoon,Weekday,Moderate,Low,535,Community,51
INC05210,CRP Square,20.312267,85.821631,Suspicious Activity,2,Night,Weekend,Poor,Medium,140,Community,64
INC05211,Khandagiri,20.257424,85.780741,Assault on Woman,5,Evening,Weekday,Poor,Low,294,Police,100
INC05212,Chandrasekharpur,20.334123,85.819358,Suspicious Activity,2,Evening,Weekday,Moderate,High,1103,Community,53
INC05213,Rasulgarh,20.287928,85.868639,Stalking,4,Afternoon,Weekday,Poor,Medium,887,Community,84
INC05214,Saheed Nagar,20.296523,85.843434,Assault on Woman,5,Afternoon,Weekend,Moderate,Medium,905,Community,88
INC05215,Vani Vihar,20.298669,85.841479,Kidnapping Attempt,5,Night,Weekday,Moderate,Medium,1464,Police,96
INC05216,Infocity,20.345025,85.8164,Snatching,3,Morning,Weekday,Poor,Medium,1307,Community,65
INC05217,Nayapalli,20.29442,85.802045,Assault on Woman,5,Night,Weekend,Moderate,High,1099,Community,100
INC05218,Khandagiri,20.258475,85.782206,Stalking,4,Afternoon,Weekday,Good,Low,109,Community,65
INC05219,Dumduma,20.263858,85.794789,Assault on Woman,5,Morning,Weekday,Poor,Medium,145,Police,92
INC05220,Jaydev Vihar,20.298596,85.822269,Eve-teasing,2,Morning,Weekday,Moderate,Medium,1065,Community,36
INC05221,KIIT Square,20.353307,85.816882,Assault on Woman,5,Afternoon,Weekend,Poor,Medium,987,Police,98
INC05222,Jaydev Vihar,20.301704,85.822716,Harassment,3,Evening,Weekend,Poor,High,293,Community,68
INC05223,Lingaraj,20.243603,85.831861,Stalking,4,Afternoon,Weekday,Poor,Medium,1274,Police,82
INC05224,Lingaraj,20.243098,85.833955,Harassment,3,Night,Weekend,Moderate,Medium,484,Police,75
INC05225,Infocity,20.343186,85.813832,Stalking,4,Evening,Weekend,Moderate,High,1167,Community,73
INC05226,Lingaraj,20.245252,85.836266,Harassment,3,Evening,Weekday,Good,High,728,Community,51
INC05227,Lingaraj,20.240968,85.831765,Sexual Harassment,5,Morning,Weekday,Poor,High,1184,Community,93
INC05228,Rasulgarh,20.287728,85.873375,Suspicious Activity,2,Evening,Weekend,Moderate,Medium,161,Community,43
INC05229,Baramunda,20.267511,85.802892,Suspicious Activity,2,Afternoon,Weekday,Good,Medium,189,Police,26
INC05230,Khandagiri,20.255798,85.779015,Sexual Harassment,5,Night,Weekend,Moderate,High,1289,Community,98
INC05231,KIIT Square,20.355033,85.819181,Snatching,3,Morning,Weekend,Moderate,Medium,927,Community,60
INC05232,Old Town,20.239024,85.831933,Stalking,4,Evening,Weekend,Poor,Medium,1170,Community,88
INC05233,Kalpana Square,20.262317,85.84187,Suspicious Activity,2,Afternoon,Weekday,Good,Medium,147,Community,28
INC05234,Old Town,20.237447,85.833647,Harassment,3,Evening,Weekday,Good,High,454,Community,54
INC05235,Vani Vihar,20.296132,85.840145,Eve-teasing,2,Night,Weekday,Poor,Medium,1021,Community,64
INC05236,Patia,20.356303,85.820487,Snatching,3,Evening,Weekend,Moderate,Medium,346,Community,58
INC05237,Mancheswar,20.3213,85.866792,Harassment,3,Evening,Weekday,Poor,Low,1104,Community,73
INC05238,Saheed Nagar,20.295001,85.839985,Snatching,3,Evening,Weekend,Moderate,Medium,227,Police,64
INC05239,Pokhariput,20.252857,85.806295,Stalking,4,Evening,Weekday,Moderate,Low,1389,Police,82
INC05240,Old Town,20.240283,85.83442,Snatching,3,Afternoon,Weekday,Good,High,1106,Police,45
INC05241,Khandagiri,20.258558,85.784058,Snatching,3,Evening,Weekend,Poor,Low,1173,Police,71
INC05242,Pokhariput,20.252687,85.801127,Stalking,4,Evening,Weekend,Moderate,High,810,Police,78
INC05243,Chandrasekharpur,20.334585,85.82284,Harassment,3,Evening,Weekday,Good,Medium,1340,Police,49
INC05244,Old Town,20.238649,85.831385,Assault on Woman,5,Morning,Weekday,Moderate,Low,1313,Community,80
INC05245,Acharya Vihar,20.300042,85.83585,Suspicious Activity,2,Evening,Weekday,Moderate,Medium,634,Community,49
INC05246,Old Town,20.240864,85.835668,Assault on Woman,5,Evening,Weekday,Poor,Medium,1349,Community,100
INC05247,Nayapalli,20.298126,85.807258,Sexual Harassment,5,Night,Weekend,Poor,Low,1338,Police,100
INC05248,Infocity,20.341007,85.813786,Assault on Woman,5,Afternoon,Weekend,Moderate,High,1070,Police,82
INC05249,Master Canteen,20.270991,85.838723,Stalking,4,Afternoon,Weekday,Poor,Low,515,Police,83
INC05250,Nayapalli,20.294508,85.806798,Stalking,4,Night,Weekend,Poor,Medium,261,Police,100
INC05251,Lingaraj,20.244878,85.835743,Harassment,3,Evening,Weekday,Moderate,Low,1031,Police,68
INC05252,Mancheswar,20.322207,85.866105,Assault on Woman,5,Evening,Weekday,Poor,Medium,704,Community,100
INC05253,Pokhariput,20.257835,85.801892,Harassment,3,Afternoon,Weekend,Moderate,Low,1282,Community,53
INC05254,Chandrasekharpur,20.332908,85.822808,Harassment,3,Night,Weekday,Good,High,943,Community,62
INC05255,Pokhariput,20.254308,85.801779,Suspicious Activity,2,Evening,Weekend,Good,Medium,326,Community,37
INC05256,Rasulgarh,20.288989,85.8719,Sexual Harassment,5,Night,Weekend,Poor,Low,1002,Police,100
INC05257,Dumduma,20.264214,85.791325,Harassment,3,Afternoon,Weekday,Moderate,Medium,875,Community,52
INC05258,Pokhariput,20.254541,85.803603,Eve-teasing,2,Evening,Weekend,Moderate,Medium,493,Police,47
INC05259,Khandagiri,20.260133,85.783073,Stalking,4,Evening,Weekday,Moderate,Medium,1412,Community,73
INC05260,Patia,20.356443,85.818272,Stalking,4,Night,Weekend,Moderate,High,1472,Community,82
INC05261,Master Canteen,20.271984,85.843985,Suspicious Activity,2,Afternoon,Weekend,Good,Low,791,Community,29
INC05262,Jaydev Vihar,20.303914,85.819516,Eve-teasing,2,Evening,Weekday,Moderate,Low,1431,Police,46
INC05263,Acharya Vihar,20.302092,85.83721,Suspicious Activity,2,Afternoon,Weekend,Good,Low,472,Community,32
INC05264,Lingaraj,20.240044,85.83238,Assault on Woman,5,Afternoon,Weekend,Poor,High,1076,Police,95
INC05265,CRP Square,20.312842,85.820095,Snatching,3,Morning,Weekday,Poor,Medium,428,Police,60
INC05266,Baramunda,20.267902,85.80497,Harassment,3,Afternoon,Weekend,Poor,Low,484,Community,68
INC05267,Saheed Nagar,20.296038,85.842809,Assault on Woman,5,Afternoon,Weekend,Poor,Low,356,Community,100
INC05268,Rasulgarh,20.289718,85.870493,Assault on Woman,5,Afternoon,Weekend,Poor,Medium,793,Community,99
INC05269,Vani Vihar,20.297462,85.842252,Harassment,3,Night,Weekend,Poor,High,550,Police,79
INC05270,Nayapalli,20.294486,85.80297,Snatching,3,Evening,Weekday,Moderate,Medium,745,Community,60
INC05271,Infocity,20.344262,85.816944,Assault on Woman,5,Afternoon,Weekday,Poor,Medium,599,Police,92
INC05272,Vani Vihar,20.296035,85.84339,Harassment,3,Evening,Weekend,Good,Medium,1051,Community,53
INC05273,Mancheswar,20.324546,85.866592,Harassment,3,Afternoon,Weekend,Good,Low,860,Community,47
INC05274,Old Town,20.236089,85.836983,Harassment,3,Evening,Weekend,Moderate,Medium,660,Police,58
INC05275,Old Town,20.237091,85.832202,Sexual Harassment,5,Afternoon,Weekend,Poor,Medium,1257,Community,94
INC05276,Kalpana Square,20.257652,85.844154,Suspicious Activity,2,Afternoon,Weekend,Poor,Low,207,Community,49
INC05277,Lingaraj,20.243405,85.833685,Harassment,3,Night,Weekday,Poor,Medium,986,Community,79
INC05278,Rasulgarh,20.289091,85.868586,Sexual Harassment,5,Evening,Weekday,Poor,Low,1290,Police,100
INC05279,Old Town,20.240086,85.831606,Snatching,3,Afternoon,Weekday,Moderate,Low,536,Police,60
INC05280,Vani Vihar,20.299606,85.839504,Harassment,3,Night,Weekend,Poor,Medium,1154,Community,79
INC05281,Master Canteen,20.268621,85.841155,Assault on Woman,5,Evening,Weekend,Good,Medium,1189,Community,79
INC05282,Vani Vihar,20.299023,85.842979,Harassment,3,Night,Weekday,Moderate,Medium,1470,Community,72
INC05283,Chandrasekharpur,20.33332,85.821337,Stalking,4,Evening,Weekend,Poor,High,656,Community,84
INC05284,Vani Vihar,20.29591,85.843731,Assault on Woman,5,Night,Weekday,Poor,High,899,Community,100
INC05285,Master Canteen,20.26778,85.838491,Stalking,4,Afternoon,Weekend,Good,Medium,1126,Community,58
INC05286,Patia,20.352397,85.817915,Assault on Woman,5,Evening,Weekday,Good,Low,1239,Community,79
INC05287,Patia,20.35731,85.822073,Stalking,4,Afternoon,Weekend,Good,Low,408,Community,60
INC05288,Mancheswar,20.323781,85.864838,Assault on Woman,5,Night,Weekday,Moderate,Low,305,Community,95
INC05289,Patia,20.354725,85.821544,Assault on Woman,5,Afternoon,Weekend,Poor,High,1284,Community,100
INC05290,Vani Vihar,20.295278,85.840672,Harassment,3,Morning,Weekend,Poor,High,1437,Community,63
INC05291,Mancheswar,20.320679,85.864197,Suspicious Activity,2,Night,Weekend,Moderate,Medium,261,Community,56
INC05292,Dumduma,20.262695,85.796944,Snatching,3,Morning,Weekday,Good,Medium,171,Community,50
INC05293,CRP Square,20.314351,85.821783,Harassment,3,Afternoon,Weekday,Good,High,529,Community,41
INC05294,Dumduma,20.264202,85.791347,Sexual Harassment,5,Evening,Weekend,Good,Low,431,Police,86
INC05295,CRP Square,20.317498,85.822023,Snatching,3,Night,Weekend,Poor,High,981,Community,76
INC05296,Lingaraj,20.241677,85.832469,Assault on Woman,5,Night,Weekday,Moderate,Low,821,Community,95
INC05297,Kalpana Square,20.260018,85.843323,Sexual Harassment,5,Night,Weekday,Moderate,Low,1178,Community,98
INC05298,Baramunda,20.271597,85.805793,Assault on Woman,5,Evening,Weekday,Good,Medium,255,Police,87
INC05299,Jaydev Vihar,20.29813,85.821708,Stalking,4,Night,Weekend,Poor,Medium,328,Community,97
INC05300,Jaydev Vihar,20.303038,85.82144,Suspicious Activity,2,Night,Weekend,Moderate,Medium,1174,Community,53
INC05301,Infocity,20.344299,85.814932,Stalking,4,Night,Weekday,Good,High,925,Police,72
INC05302,Khandagiri,20.256527,85.780759,Suspicious Activity,2,Evening,Weekday,Moderate,Medium,529,Community,51
INC05303,Saheed Nagar,20.294658,85.842158,Kidnapping Attempt,5,Afternoon,Weekday,Good,Low,681,Police,72
INC05304,KIIT Square,20.353567,85.820831,Harassment,3,Evening,Weekday,Poor,Low,718,Community,75
INC05305,CRP Square,20.317493,85.819555,Snatching,3,Afternoon,Weekend,Moderate,Medium,1265,Police,53
INC05306,CRP Square,20.314082,85.819041,Snatching,3,Afternoon,Weekday,Good,Low,1371,Community,42
INC05307,Infocity,20.343664,85.817465,Harassment,3,Evening,Weekday,Moderate,High,114,Community,63
INC05308,CRP Square,20.315612,85.81947,Snatching,3,Night,Weekend,Poor,Medium,1202,Community,81
INC05309,Baramunda,20.270276,85.801887,Assault on Woman,5,Evening,Weekday,Good,High,128,Community,88
INC05310,Rasulgarh,20.292284,85.873507,Assault on Woman,5,Night,Weekday,Poor,Low,506,Police,100
INC05311,Baramunda,20.267375,85.803994,Snatching,3,Evening,Weekend,Moderate,Low,961,Community,68
INC05312,Pokhariput,20.252667,85.801449,Harassment,3,Evening,Weekday,Poor,Medium,1454,Police,77
INC05313,Acharya Vihar,20.297381,85.835723,Kidnapping Attempt,5,Night,Weekday,Moderate,Low,802,Police,100
INC05314,Jaydev Vihar,20.30344,85.817233,Harassment,3,Night,Weekday,Moderate,Medium,253,Police,72
INC05315,Rasulgarh,20.292085,85.871923,Harassment,3,Night,Weekday,Poor,Low,714,Police,82
INC05316,KIIT Square,20.355341,85.816854,Harassment,3,Afternoon,Weekend,Moderate,Medium,728,Police,54
INC05317,Jaydev Vihar,20.300915,85.817832,Stalking,4,Evening,Weekend,Moderate,Low,1126,Community,77
INC05318,CRP Square,20.313291,85.819784,Harassment,3,Night,Weekday,Good,High,234,Community,56
INC05319,Patia,20.35354,85.820057,Harassment,3,Night,Weekday,Poor,High,591,Police,76
INC05320,Jaydev Vihar,20.299805,85.819089,Eve-teasing,2,Evening,Weekend,Poor,High,214,Police,55
INC05321,Pokhariput,20.257374,85.806675,Harassment,3,Evening,Weekend,Poor,Low,1478,Police,77
INC05322,Infocity,20.346558,85.816802,Snatching,3,Evening,Weekend,Good,Low,356,Police,48
INC05323,Acharya Vihar,20.299954,85.836759,Sexual Harassment,5,Evening,Weekday,Good,Low,732,Community,78
INC05324,Old Town,20.238813,85.83227,Kidnapping Attempt,5,Evening,Weekday,Good,Medium,1241,Community,83
INC05325,Nayapalli,20.298354,85.806987,Suspicious Activity,2,Evening,Weekend,Poor,Medium,953,Police,58
INC05326,Kalpana Square,20.25924,85.840258,Assault on Woman,5,Evening,Weekday,Moderate,Low,1447,Police,95
INC05327,Khandagiri,20.254798,85.780497,Harassment,3,Afternoon,Weekend,Good,Medium,1001,Community,47
INC05328,Jaydev Vihar,20.298966,85.822231,Stalking,4,Evening,Weekday,Good,High,572,Community,68
INC05329,Acharya Vihar,20.297443,85.833295,Snatching,3,Night,Weekday,Good,High,539,Community,57
INC05330,Nayapalli,20.298161,85.80462,Sexual Harassment,5,Evening,Weekday,Poor,Low,857,Community,98
INC05331,Acharya Vihar,20.299359,85.832214,Assault on Woman,5,Morning,Weekday,Good,High,672,Community,74
INC05332,Dumduma,20.266044,85.795948,Assault on Woman,5,Night,Weekday,Moderate,High,961,Community,98
INC05333,Rasulgarh,20.2922,85.869302,Harassment,3,Night,Weekday,Poor,Low,794,Community,76
INC05334,Old Town,20.240913,85.832417,Snatching,3,Morning,Weekday,Poor,High,411,Community,68
INC05335,Vani Vihar,20.295656,85.839378,Sexual Harassment,5,Evening,Weekday,Poor,High,591,Community,100
INC05336,Saheed Nagar,20.298686,85.843208,Harassment,3,Night,Weekend,Poor,Medium,822,Community,83
INC05337,KIIT Square,20.355349,85.815059,Suspicious Activity,2,Evening,Weekday,Moderate,Medium,708,Police,53
INC05338,Master Canteen,20.266392,85.843151,Assault on Woman,5,Night,Weekend,Poor,Medium,255,Community,100
INC05339,Vani Vihar,20.296609,85.842777,Harassment,3,Morning,Weekday,Poor,High,1028,Community,68
INC05340,Khandagiri,20.257198,85.781469,Harassment,3,Morning,Weekday,Poor,Medium,222,Community,60
INC05341,Chandrasekharpur,20.331648,85.81945,Suspicious Activity,2,Night,Weekday,Poor,Medium,458,Community,65
INC05342,Rasulgarh,20.292017,85.873182,Suspicious Activity,2,Evening,Weekend,Good,Low,368,Police,41
INC05343,Chandrasekharpur,20.334612,85.818951,Sexual Harassment,5,Night,Weekday,Poor,Medium,196,Community,100
INC05344,CRP Square,20.314005,85.822238,Suspicious Activity,2,Evening,Weekend,Moderate,Medium,478,Community,50
INC05345,Patia,20.355283,85.819446,Eve-teasing,2,Night,Weekend,Moderate,Low,634,Police,53
INC05346,Infocity,20.346623,85.813228,Assault on Woman,5,Night,Weekday,Poor,Medium,326,Community,100
INC05347,Pokhariput,20.253782,85.803326,Snatching,3,Afternoon,Weekday,Poor,High,684,Community,70
INC05348,CRP Square,20.314496,85.82372,Assault on Woman,5,Night,Weekday,Poor,Medium,408,Community,100
INC05349,Old Town,20.237792,85.835742,Snatching,3,Night,Weekend,Poor,High,573,Community,78
INC05350,Vani Vihar,20.29467,85.844425,Harassment,3,Evening,Weekend,Moderate,High,896,Community,62
INC05351,Rasulgarh,20.290255,85.873711,Harassment,3,Afternoon,Weekday,Good,Low,392,Community,43
INC05352,KIIT Square,20.354746,85.819777,Assault on Woman,5,Afternoon,Weekend,Good,High,713,Community,75
INC05353,Mancheswar,20.323756,85.862009,Stalking,4,Night,Weekday,Poor,High,725,Police,94
INC05354,KIIT Square,20.351807,85.816565,Stalking,4,Night,Weekday,Poor,Low,826,Community,98
INC05355,Rasulgarh,20.290469,85.8712,Assault on Woman,5,Morning,Weekend,Moderate,High,1036,Community,89
INC05356,Dumduma,20.265638,85.793943,Assault on Woman,5,Night,Weekend,Poor,Low,349,Community,100
INC05357,Nayapalli,20.296204,85.804609,Harassment,3,Evening,Weekend,Moderate,Low,1393,Police,66
INC05358,Acharya Vihar,20.302744,85.833001,Harassment,3,Evening,Weekend,Poor,Low,1086,Community,77
INC05359,Rasulgarh,20.288144,85.873802,Suspicious Activity,2,Afternoon,Weekend,Good,Medium,1225,Community,27
INC05360,Old Town,20.235302,85.832414,Assault on Woman,5,Night,Weekday,Good,Medium,1132,Community,89
INC05361,Nayapalli,20.297722,85.803519,Snatching,3,Night,Weekday,Moderate,High,561,Community,69
INC05362,Mancheswar,20.32294,85.863984,Assault on Woman,5,Morning,Weekend,Poor,Low,235,Police,92
INC05363,KIIT Square,20.355301,85.819334,Stalking,4,Night,Weekend,Good,High,633,Community,73
INC05364,KIIT Square,20.354606,85.816932,Harassment,3,Night,Weekend,Poor,Medium,695,Community,76
INC05365,Chandrasekharpur,20.33288,85.82078,Suspicious Activity,2,Evening,Weekday,Good,Medium,1021,Police,42
INC05366,Jaydev Vihar,20.301873,85.822926,Sexual Harassment,5,Afternoon,Weekday,Poor,Medium,379,Community,95
INC05367,Khandagiri,20.254501,85.783344,Harassment,3,Night,Weekend,Poor,Medium,749,Community,79
INC05368,Kalpana Square,20.262339,85.843903,Stalking,4,Evening,Weekend,Poor,High,979,Police,86
INC05369,Rasulgarh,20.292381,85.869207,Stalking,4,Night,Weekday,Good,High,300,Community,73
INC05370,CRP Square,20.317184,85.822647,Harassment,3,Evening,Weekend,Good,High,451,Police,56
INC05371,Saheed Nagar,20.294197,85.839263,Harassment,3,Evening,Weekend,Moderate,Low,676,Community,68
INC05372,Vani Vihar,20.296361,85.840367,Harassment,3,Night,Weekend,Good,High,606,Community,57
INC05373,Khandagiri,20.258206,85.783388,Sexual Harassment,5,Night,Weekend,Good,Low,1355,Community,91
INC05374,CRP Square,20.315597,85.820178,Sexual Harassment,5,Afternoon,Weekend,Poor,Low,897,Community,91
INC05375,Baramunda,20.271816,85.801801,Harassment,3,Evening,Weekday,Poor,Low,1203,Community,78
INC05376,Kalpana Square,20.257369,85.841251,Snatching,3,Morning,Weekday,Good,Medium,548,Community,42
INC05377,Master Canteen,20.271484,85.843928,Assault on Woman,5,Evening,Weekday,Poor,High,1096,Community,100
INC05378,Khandagiri,20.259851,85.784646,Stalking,4,Evening,Weekday,Poor,Medium,1034,Community,89
INC05379,Master Canteen,20.270753,85.839639,Stalking,4,Evening,Weekend,Poor,High,921,Community,83
INC05380,Mancheswar,20.324691,85.862247,Assault on Woman,5,Afternoon,Weekend,Poor,Low,1291,Police,97
INC05381,Saheed Nagar,20.29599,85.840712,Snatching,3,Evening,Weekend,Good,Medium,1029,Community,49
INC05382,Jaydev Vihar,20.303805,85.820442,Stalking,4,Evening,Weekend,Good,Low,339,Police,68
INC05383,Saheed Nagar,20.298485,85.840672,Harassment,3,Evening,Weekend,Poor,High,702,Community,78
INC05384,Master Canteen,20.270578,85.841554,Sexual Harassment,5,Evening,Weekday,Poor,Medium,1433,Community,100
INC05385,Vani Vihar,20.297268,85.842441,Kidnapping Attempt,5,Night,Weekend,Moderate,Medium,884,Community,100
INC05386,Master Canteen,20.267384,85.840251,Sexual Harassment,5,Afternoon,Weekend,Moderate,Medium,925,Community,87
INC05387,Old Town,20.235054,85.834353,Harassment,3,Afternoon,Weekday,Good,Medium,1125,Community,41
INC05388,Master Canteen,20.266895,85.841264,Stalking,4,Afternoon,Weekend,Poor,Low,1060,Community,82
INC05389,Mancheswar,20.323358,85.864222,Snatching,3,Evening,Weekend,Poor,High,948,Police,74
INC05390,Khandagiri,20.255527,85.782645,Harassment,3,Afternoon,Weekend,Poor,High,449,Police,62
INC05391,Baramunda,20.269599,85.806835,Suspicious Activity,2,Evening,Weekend,Good,Medium,836,Community,39
INC05392,Acharya Vihar,20.299129,85.834987,Suspicious Activity,2,Morning,Weekday,Poor,Medium,1185,Community,54
INC05393,Saheed Nagar,20.297841,85.841332,Eve-teasing,2,Morning,Weekend,Moderate,High,909,Police,36
INC05394,Lingaraj,20.243456,85.833192,Sexual Harassment,5,Evening,Weekend,Poor,High,529,Police,100
INC05395,KIIT Square,20.354081,85.820272,Snatching,3,Morning,Weekday,Poor,Medium,1059,Community,69
INC05396,Kalpana Square,20.262247,85.844127,Harassment,3,Night,Weekday,Moderate,Medium,1316,Police,72
INC05397,Dumduma,20.266622,85.79521,Assault on Woman,5,Evening,Weekday,Good,High,334,Police,78
INC05398,Infocity,20.344414,85.815819,Kidnapping Attempt,5,Evening,Weekday,Poor,High,427,Community,100
INC05399,Kalpana Square,20.257784,85.84307,Stalking,4,Afternoon,Weekday,Moderate,High,160,Community,66
INC05400,Khandagiri,20.258428,85.781209,Eve-teasing,2,Evening,Weekday,Good,Low,147,Community,37
INC05401,Mancheswar,20.319478,85.862135,Harassment,3,Night,Weekend,Moderate,Medium,774,Community,66
INC05402,Lingaraj,20.244299,85.834363,Stalking,4,Evening,Weekday,Poor,Low,153,Police,93
INC05403,Kalpana Square,20.262566,85.844854,Harassment,3,Evening,Weekend,Poor,High,1459,Police,69
INC05404,Saheed Nagar,20.296232,85.839996,Suspicious Activity,2,Night,Weekend,Moderate,Low,1182,Community,54
INC05405,KIIT Square,20.353498,85.820989,Assault on Woman,5,Evening,Weekday,Moderate,Low,332,Community,90
INC05406,CRP Square,20.313547,85.822471,Harassment,3,Evening,Weekday,Poor,High,964,Community,76
INC05407,Lingaraj,20.245396,85.833802,Snatching,3,Evening,Weekend,Poor,High,305,Community,75
INC05408,Vani Vihar,20.296018,85.84477,Sexual Harassment,5,Evening,Weekend,Moderate,High,1138,Community,97
INC05409,Saheed Nagar,20.29531,85.839283,Snatching,3,Night,Weekend,Moderate,Low,570,Community,72
INC05410,Saheed Nagar,20.296883,85.843403,Harassment,3,Afternoon,Weekend,Good,Medium,496,Community,46
INC05411,Baramunda,20.267048,85.802584,Harassment,3,Afternoon,Weekend,Good,High,128,Community,50
INC05412,Old Town,20.236044,85.836448,Assault on Woman,5,Afternoon,Weekend,Good,Medium,1172,Community,73
INC05413,Acharya Vihar,20.297382,85.833708,Suspicious Activity,2,Evening,Weekday,Moderate,Medium,1096,Community,48
INC05414,Khandagiri,20.259796,85.77922,Harassment,3,Night,Weekend,Poor,High,563,Community,84
INC05415,Mancheswar,20.320516,85.863842,Eve-teasing,2,Night,Weekday,Moderate,High,660,Community,55
INC05416,KIIT Square,20.351993,85.817301,Harassment,3,Night,Weekend,Good,Medium,1102,Community,55
INC05417,Mancheswar,20.321942,85.862978,Suspicious Activity,2,Afternoon,Weekday,Poor,High,497,Police,45
INC05418,Nayapalli,20.298465,85.805309,Kidnapping Attempt,5,Evening,Weekday,Moderate,High,1132,Community,97
INC05419,Jaydev Vihar,20.299347,85.822271,Harassment,3,Morning,Weekend,Poor,Low,185,Community,68
INC05420,Patia,20.355817,85.817663,Stalking,4,Evening,Weekend,Moderate,High,661,Community,75
INC05421,Chandrasekharpur,20.333044,85.823975,Assault on Woman,5,Evening,Weekday,Moderate,Medium,1122,Community,91
INC05422,Lingaraj,20.240238,85.836668,Kidnapping Attempt,5,Evening,Weekend,Moderate,Low,706,Community,95
INC05423,Old Town,20.240861,85.835474,Snatching,3,Afternoon,Weekend,Poor,Low,936,Community,65
INC05424,Acharya Vihar,20.297632,85.83618,Suspicious Activity,2,Evening,Weekend,Moderate,High,325,Community,49
INC05425,Pokhariput,20.25568,85.805526,Snatching,3,Afternoon,Weekday,Good,Low,367,Community,50
INC05426,Patia,20.357207,85.819806,Harassment,3,Night,Weekend,Moderate,High,1369,Community,70
INC05427,Old Town,20.238007,85.832939,Harassment,3,Evening,Weekend,Poor,Medium,1394,Police,68
INC05428,Mancheswar,20.320442,85.865705,Harassment,3,Evening,Weekend,Moderate,Low,1284,Community,67
INC05429,Khandagiri,20.256874,85.779676,Suspicious Activity,2,Evening,Weekday,Poor,High,1401,Community,57
INC05430,Old Town,20.235797,85.836856,Snatching,3,Evening,Weekend,Moderate,High,101,Police,65
INC05431,CRP Square,20.315199,85.824375,Harassment,3,Night,Weekend,Moderate,High,1287,Community,68
INC05432,Master Canteen,20.268074,85.841386,Stalking,4,Evening,Weekend,Moderate,Medium,307,Police,75
INC05433,Mancheswar,20.323725,85.861861,Assault on Woman,5,Afternoon,Weekend,Good,Low,1165,Police,78
INC05434,Patia,20.352574,85.817537,Stalking,4,Afternoon,Weekend,Good,High,329,Community,60
INC05435,Khandagiri,20.260023,85.783316,Stalking,4,Morning,Weekend,Poor,Low,249,Community,76
INC05436,Pokhariput,20.252021,85.801614,Harassment,3,Night,Weekend,Moderate,Medium,1102,Community,74
INC05437,Chandrasekharpur,20.332806,85.822732,Snatching,3,Morning,Weekday,Good,Medium,216,Community,43
INC05438,Baramunda,20.26882,85.801123,Harassment,3,Afternoon,Weekday,Moderate,Medium,969,Police,60
INC05439,Baramunda,20.267416,85.803023,Harassment,3,Night,Weekend,Good,Medium,614,Community,57
INC05440,Pokhariput,20.254567,85.803632,Suspicious Activity,2,Evening,Weekend,Moderate,Medium,1127,Police,46
INC05441,Rasulgarh,20.293292,85.868209,Harassment,3,Afternoon,Weekday,Poor,Medium,826,Community,69
INC05442,Dumduma,20.266934,85.791199,Stalking,4,Night,Weekday,Moderate,Low,1061,Police,80
INC05443,CRP Square,20.313371,85.822729,Snatching,3,Afternoon,Weekend,Moderate,Medium,573,Community,56
INC05444,Acharya Vihar,20.297173,85.836858,Stalking,4,Night,Weekend,Good,Low,1395,Community,76
INC05445,Baramunda,20.271028,85.805067,Eve-teasing,2,Evening,Weekday,Poor,High,421,Community,62
INC05446,Vani Vihar,20.29452,85.840383,Harassment,3,Evening,Weekend,Good,Medium,1158,Community,57
INC05447,Lingaraj,20.242377,85.835878,Harassment,3,Afternoon,Weekend,Moderate,Low,155,Police,56
INC05448,Dumduma,20.261501,85.796136,Harassment,3,Evening,Weekday,Moderate,High,555,Community,66
INC05449,Jaydev Vihar,20.301362,85.817282,Sexual Harassment,5,Evening,Weekday,Moderate,High,1006,Community,94
INC05450,Baramunda,20.26735,85.801883,Snatching,3,Afternoon,Weekday,Good,Medium,745,Community,46
INC05451,Lingaraj,20.242423,85.832478,Harassment,3,Night,Weekday,Good,High,1048,Police,61
INC05452,Old Town,20.236307,85.836042,Sexual Harassment,5,Evening,Weekend,Moderate,Medium,1046,Community,94
INC05453,Vani Vihar,20.296958,85.843367,Sexual Harassment,5,Night,Weekend,Good,Low,460,Police,87
INC05454,Dumduma,20.265151,85.792057,Stalking,4,Evening,Weekday,Moderate,Medium,317,Community,81
INC05455,Kalpana Square,20.257957,85.845007,Eve-teasing,2,Evening,Weekend,Poor,Medium,1018,Community,62
INC05456,Dumduma,20.26287,85.796124,Harassment,3,Evening,Weekday,Moderate,High,1038,Community,59
INC05457,Baramunda,20.270354,85.803833,Kidnapping Attempt,5,Night,Weekday,Good,Low,904,Community,89
INC05458,Patia,20.353058,85.819261,Stalking,4,Night,Weekend,Moderate,Low,1360,Community,88
INC05459,Nayapalli,20.294094,85.804018,Harassment,3,Afternoon,Weekend,Poor,Medium,1090,Community,64
INC05460,CRP Square,20.314522,85.822488,Harassment,3,Night,Weekend,Poor,Low,409,Community,78
INC05461,Jaydev Vihar,20.298182,85.819227,Stalking,4,Afternoon,Weekend,Moderate,High,1067,Community,70
INC05462,Jaydev Vihar,20.299967,85.822176,Kidnapping Attempt,5,Evening,Weekend,Poor,High,139,Community,100
INC05463,Rasulgarh,20.289424,85.871618,Snatching,3,Evening,Weekend,Good,Low,795,Police,48
INC05464,Nayapalli,20.29748,85.807692,Sexual Harassment,5,Night,Weekday,Moderate,Low,125,Community,100
INC05465,Mancheswar,20.319938,85.862566,Stalking,4,Evening,Weekday,Poor,Medium,789,Police,93
INC05466,Acharya Vihar,20.299248,85.834935,Harassment,3,Afternoon,Weekday,Good,Medium,899,Community,50
INC05467,Acharya Vihar,20.300656,85.837642,Sexual Harassment,5,Afternoon,Weekend,Poor,High,1358,Community,96
INC05468,Kalpana Square,20.260537,85.845116,Suspicious Activity,2,Night,Weekday,Moderate,High,849,Police,60
INC05469,Lingaraj,20.244442,85.831414,Sexual Harassment,5,Afternoon,Weekend,Good,Low,895,Police,74
INC05470,Mancheswar,20.321798,85.862692,Harassment,3,Morning,Weekend,Good,High,1053,Community,44
INC05471,Lingaraj,20.245807,85.831387,Stalking,4,Night,Weekday,Poor,Medium,1421,Community,96
INC05472,Vani Vihar,20.295844,85.839345,Eve-teasing,2,Evening,Weekend,Moderate,Medium,156,Police,44
INC05473,Pokhariput,20.257701,85.803285,Harassment,3,Morning,Weekend,Poor,Low,1064,Community,67
INC05474,Pokhariput,20.252897,85.804591,Snatching,3,Night,Weekend,Poor,Low,1116,Community,76
INC05475,Vani Vihar,20.297508,85.841372,Sexual Harassment,5,Evening,Weekend,Poor,High,1073,Community,100
INC05476,Nayapalli,20.298464,85.805277,Assault on Woman,5,Afternoon,Weekday,Poor,Medium,705,Police,93
INC05477,Lingaraj,20.241642,85.835952,Suspicious Activity,2,Evening,Weekday,Poor,Medium,811,Police,60
INC05478,Pokhariput,20.254054,85.803545,Suspicious Activity,2,Evening,Weekend,Poor,Low,1417,Community,54
INC05479,Kalpana Square,20.260893,85.840751,Harassment,3,Night,Weekday,Good,High,1085,Police,61
INC05480,Vani Vihar,20.296366,85.84279,Suspicious Activity,2,Evening,Weekend,Poor,Medium,1283,Community,61
INC05481,Lingaraj,20.245445,85.832773,Stalking,4,Night,Weekend,Good,Low,264,Community,77
INC05482,Rasulgarh,20.290786,85.868646,Harassment,3,Evening,Weekday,Poor,Medium,1391,Police,69
INC05483,CRP Square,20.317704,85.823931,Stalking,4,Afternoon,Weekday,Good,Medium,412,Community,64
INC05484,Lingaraj,20.245197,85.8336,Sexual Harassment,5,Evening,Weekday,Poor,Low,432,Police,100
INC05485,Saheed Nagar,20.298663,85.840476,Harassment,3,Afternoon,Weekend,Moderate,High,945,Police,52
INC05486,Saheed Nagar,20.296801,85.838628,Stalking,4,Afternoon,Weekday,Good,Medium,1239,Community,62
INC05487,Kalpana Square,20.262947,85.84579,Stalking,4,Evening,Weekday,Moderate,Low,1059,Police,73
INC05488,Acharya Vihar,20.302682,85.833268,Assault on Woman,5,Night,Weekend,Moderate,Low,830,Community,100
INC05489,Lingaraj,20.244115,85.833107,Harassment,3,Morning,Weekend,Moderate,Medium,811,Police,58
INC05490,Saheed Nagar,20.295362,85.840447,Harassment,3,Night,Weekday,Moderate,Medium,787,Community,67
INC05491,Jaydev Vihar,20.303858,85.817111,Suspicious Activity,2,Evening,Weekend,Poor,Low,1377,Police,63
INC05492,Baramunda,20.268781,85.801813,Assault on Woman,5,Morning,Weekday,Moderate,Low,531,Police,82
INC05493,Lingaraj,20.24558,85.833803,Eve-teasing,2,Night,Weekend,Good,Medium,674,Police,46
INC05494,Dumduma,20.264852,85.791165,Eve-teasing,2,Night,Weekend,Poor,Medium,347,Police,69
INC05495,Jaydev Vihar,20.303734,85.8199,Harassment,3,Afternoon,Weekend,Good,Medium,802,Community,46
INC05496,Vani Vihar,20.294014,85.843458,Assault on Woman,5,Evening,Weekday,Good,Medium,833,Community,88
INC05497,Rasulgarh,20.289746,85.868982,Stalking,4,Night,Weekday,Good,Low,178,Community,71
INC05498,Jaydev Vihar,20.303147,85.821255,Harassment,3,Evening,Weekend,Poor,Low,583,Community,72
INC05499,Pokhariput,20.253768,85.804282,Harassment,3,Night,Weekend,Moderate,Low,1243,Community,72
INC05500,Patia,20.35491,85.820643,Eve-teasing,2,Evening,Weekend,Good,Medium,331,Community,40
INC05501,Lingaraj,20.242313,85.835987,Stalking,4,Evening,Weekend,Good,High,582,Community,65
INC05502,Patia,20.356154,85.821603,Harassment,3,Evening,Weekend,Moderate,High,497,Community,59
INC05503,Nayapalli,20.296014,85.802028,Suspicious Activity,2,Evening,Weekday,Good,Medium,1489,Community,38
INC05504,Chandrasekharpur,20.33407,85.821211,Assault on Woman,5,Night,Weekend,Good,High,799,Community,86
INC05505,CRP Square,20.315606,85.819495,Suspicious Activity,2,Night,Weekend,Good,High,167,Community,48
INC05506,Mancheswar,20.321099,85.863869,Harassment,3,Afternoon,Weekend,Poor,Medium,906,Community,66
INC05507,Acharya Vihar,20.297645,85.835064,Harassment,3,Night,Weekday,Poor,Medium,1157,Community,75
INC05508,Mancheswar,20.324281,85.866942,Stalking,4,Evening,Weekend,Good,High,1298,Community,67
INC05509,Khandagiri,20.258954,85.781393,Harassment,3,Night,Weekday,Good,Medium,1389,Community,57
INC05510,KIIT Square,20.352944,85.81731,Suspicious Activity,2,Night,Weekday,Poor,Medium,1229,Community,68
INC05511,Old Town,20.237025,85.834528,Sexual Harassment,5,Afternoon,Weekend,Good,High,334,Police,72
INC05512,Old Town,20.235364,85.833064,Stalking,4,Evening,Weekday,Good,Medium,1231,Community,70
INC05513,Dumduma,20.261666,85.793041,Stalking,4,Night,Weekday,Poor,Medium,501,Community,94
INC05514,KIIT Square,20.354146,85.817148,Suspicious Activity,2,Morning,Weekend,Good,Medium,866,Community,30
INC05515,Patia,20.353221,85.821809,Stalking,4,Night,Weekday,Poor,High,103,Community,96
INC05516,Infocity,20.34186,85.813516,Snatching,3,Night,Weekend,Moderate,High,982,Police,71
INC05517,Infocity,20.345142,85.814085,Stalking,4,Evening,Weekend,Good,Low,262,Community,65
INC05518,Acharya Vihar,20.300207,85.83208,Harassment,3,Afternoon,Weekday,Good,Low,1285,Community,43
INC05519,Mancheswar,20.323846,85.86639,Harassment,3,Night,Weekday,Poor,Low,607,Police,85
INC05520,Dumduma,20.262379,85.793891,Assault on Woman,5,Afternoon,Weekday,Good,Medium,1262,Community,77
INC05521,Dumduma,20.263768,85.792262,Stalking,4,Night,Weekend,Poor,Medium,575,Community,100
INC05522,Dumduma,20.26545,85.791041,Suspicious Activity,2,Night,Weekday,Moderate,Medium,1039,Community,54
INC05523,Master Canteen,20.270423,85.841638,Suspicious Activity,2,Evening,Weekday,Poor,High,603,Police,62
INC05524,Saheed Nagar,20.295736,85.84005,Kidnapping Attempt,5,Morning,Weekend,Good,Low,1384,Community,74
INC05525,Chandrasekharpur,20.331152,85.819687,Sexual Harassment,5,Afternoon,Weekend,Good,High,184,Community,78
INC05526,Nayapalli,20.293056,85.80515,Kidnapping Attempt,5,Afternoon,Weekend,Poor,Medium,102,Police,100
INC05527,Khandagiri,20.25596,85.780837,Assault on Woman,5,Night,Weekend,Poor,Low,1319,Community,100
INC05528,Patia,20.354791,85.817308,Assault on Woman,5,Night,Weekday,Good,Low,1120,Community,93
INC05529,Master Canteen,20.269221,85.840211,Sexual Harassment,5,Afternoon,Weekday,Moderate,High,329,Community,90
INC05530,Kalpana Square,20.262847,85.843121,Harassment,3,Night,Weekday,Moderate,Low,683,Community,68
INC05531,Kalpana Square,20.257533,85.845813,Assault on Woman,5,Night,Weekday,Poor,Medium,250,Community,100
INC05532,Vani Vihar,20.294283,85.840625,Harassment,3,Afternoon,Weekday,Good,Medium,691,Police,42
INC05533,Patia,20.357831,85.816891,Stalking,4,Night,Weekend,Moderate,High,1437,Community,88
INC05534,Acharya Vihar,20.297968,85.83715,Eve-teasing,2,Night,Weekend,Poor,High,546,Community,70
INC05535,CRP Square,20.316125,85.819147,Kidnapping Attempt,5,Evening,Weekday,Moderate,Medium,1439,Community,91
INC05536,Khandagiri,20.256477,85.782415,Eve-teasing,2,Night,Weekday,Poor,Medium,332,Community,63
INC05537,Kalpana Square,20.259236,85.84161,Snatching,3,Afternoon,Weekend,Good,Medium,549,Community,41
INC05538,Vani Vihar,20.297099,85.840171,Stalking,4,Night,Weekday,Poor,Medium,423,Police,94
INC05539,Mancheswar,20.324137,85.864012,Eve-teasing,2,Evening,Weekend,Good,Medium,327,Police,42
INC05540,Nayapalli,20.298575,85.804156,Stalking,4,Afternoon,Weekend,Moderate,Low,1166,Community,68
INC05541,CRP Square,20.315587,85.820799,Stalking,4,Evening,Weekend,Good,Low,100,Community,71
INC05542,Jaydev Vihar,20.298969,85.818133,Stalking,4,Evening,Weekend,Good,Medium,1233,Community,64
INC05543,Acharya Vihar,20.298139,85.835261,Harassment,3,Afternoon,Weekend,Good,High,159,Police,46
INC05544,Master Canteen,20.266986,85.839218,Suspicious Activity,2,Evening,Weekday,Good,Low,256,Community,39
INC05545,Mancheswar,20.324114,85.866654,Harassment,3,Night,Weekend,Poor,Low,983,Community,75
INC05546,Mancheswar,20.322246,85.865692,Stalking,4,Evening,Weekend,Poor,Medium,735,Community,93
INC05547,CRP Square,20.312215,85.823845,Harassment,3,Evening,Weekday,Moderate,Medium,700,Community,61
INC05548,Acharya Vihar,20.298877,85.834438,Eve-teasing,2,Night,Weekday,Good,Low,965,Community,50
INC05549,Acharya Vihar,20.297881,85.837397,Harassment,3,Night,Weekday,Moderate,Medium,374,Police,66
INC05550,Pokhariput,20.255207,85.801416,Harassment,3,Morning,Weekday,Poor,High,417,Community,69
INC05551,Old Town,20.238126,85.832591,Kidnapping Attempt,5,Night,Weekday,Moderate,Medium,205,Police,100
INC05552,Rasulgarh,20.288602,85.871544,Eve-teasing,2,Evening,Weekend,Poor,Low,1022,Community,61
INC05553,Khandagiri,20.259247,85.781113,Harassment,3,Night,Weekday,Good,Medium,1350,Community,61
INC05554,CRP Square,20.313318,85.819059,Harassment,3,Afternoon,Weekday,Good,Medium,880,Community,42
INC05555,Baramunda,20.26806,85.802485,Eve-teasing,2,Evening,Weekday,Good,High,357,Community,43
INC05556,Mancheswar,20.323512,85.861652,Harassment,3,Afternoon,Weekend,Moderate,High,1459,Police,51
INC05557,Baramunda,20.269319,85.803497,Harassment,3,Evening,Weekend,Good,High,176,Community,51
INC05558,Saheed Nagar,20.296536,85.840404,Sexual Harassment,5,Afternoon,Weekend,Moderate,High,757,Community,84
INC05559,Acharya Vihar,20.301086,85.837307,Harassment,3,Evening,Weekend,Poor,Medium,172,Community,75
INC05560,Mancheswar,20.324699,85.866507,Harassment,3,Evening,Weekday,Moderate,Medium,864,Community,63
INC05561,Baramunda,20.271717,85.803225,Harassment,3,Night,Weekend,Good,High,1143,Police,61
INC05562,Kalpana Square,20.2585,85.843379,Harassment,3,Afternoon,Weekend,Good,Low,873,Police,49
INC05563,Master Canteen,20.268571,85.843267,Stalking,4,Morning,Weekday,Good,High,267,Police,60
INC05564,Acharya Vihar,20.302294,85.832152,Assault on Woman,5,Morning,Weekday,Good,Medium,1315,Police,74
INC05565,Patia,20.356573,85.819254,Harassment,3,Night,Weekday,Good,Medium,623,Community,55
INC05566,Baramunda,20.272981,85.805039,Eve-teasing,2,Evening,Weekday,Moderate,Medium,1148,Community,47
INC05567,Rasulgarh,20.288194,85.868237,Eve-teasing,2,Night,Weekend,Good,Medium,1405,Community,41
INC05568,Master Canteen,20.268984,85.843459,Harassment,3,Evening,Weekend,Good,Low,1498,Community,50
INC05569,Pokhariput,20.253481,85.80291,Stalking,4,Evening,Weekday,Moderate,Medium,744,Community,77
INC05570,Kalpana Square,20.258734,85.843286,Kidnapping Attempt,5,Afternoon,Weekend,Good,High,1207,Community,78
INC05571,KIIT Square,20.351579,85.815713,Stalking,4,Night,Weekend,Moderate,High,202,Community,90
INC05572,Mancheswar,20.323687,85.862992,Harassment,3,Evening,Weekday,Poor,High,828,Police,76
INC05573,Kalpana Square,20.259039,85.84173,Harassment,3,Afternoon,Weekend,Good,Medium,1452,Community,49
INC05574,Old Town,20.235275,85.836198,Harassment,3,Afternoon,Weekend,Moderate,Medium,226,Community,55
INC05575,Pokhariput,20.253877,85.803133,Harassment,3,Night,Weekend,Good,Medium,161,Community,60
INC05576,Khandagiri,20.258559,85.779547,Assault on Woman,5,Afternoon,Weekend,Poor,Medium,142,Community,93
INC05577,Mancheswar,20.322264,85.862795,Harassment,3,Afternoon,Weekday,Good,High,808,Community,49
INC05578,Baramunda,20.269368,85.802125,Stalking,4,Evening,Weekday,Moderate,High,966,Community,79
INC05579,Baramunda,20.269492,85.806196,Assault on Woman,5,Evening,Weekday,Moderate,Medium,489,Police,97
INC05580,Khandagiri,20.258326,85.779952,Stalking,4,Night,Weekday,Poor,High,1329,Police,93
INC05581,Jaydev Vihar,20.302311,85.820332,Snatching,3,Afternoon,Weekday,Poor,High,1211,Community,63
INC05582,KIIT Square,20.354444,85.819695,Kidnapping Attempt,5,Evening,Weekend,Poor,Medium,1270,Community,100
INC05583,Patia,20.354598,85.818813,Snatching,3,Evening,Weekend,Poor,High,509,Police,69
INC05584,Nayapalli,20.296258,85.803351,Harassment,3,Evening,Weekday,Poor,Medium,700,Community,68
INC05585,Khandagiri,20.256329,85.784775,Harassment,3,Afternoon,Weekday,Moderate,Medium,1331,Community,57
INC05586,Dumduma,20.262489,85.792899,Suspicious Activity,2,Afternoon,Weekday,Moderate,Low,1159,Community,40
INC05587,Old Town,20.238426,85.831917,Assault on Woman,5,Morning,Weekday,Good,Low,172,Community,71
INC05588,Lingaraj,20.245759,85.836173,Snatching,3,Morning,Weekend,Good,High,826,Community,45
INC05589,Old Town,20.235571,85.834263,Harassment,3,Night,Weekend,Poor,Medium,1485,Police,76
INC05590,Acharya Vihar,20.299516,85.833775,Stalking,4,Afternoon,Weekday,Moderate,Low,106,Police,75
INC05591,Infocity,20.341242,85.81679,Harassment,3,Afternoon,Weekend,Poor,Low,1365,Community,65
INC05592,Khandagiri,20.260484,85.782356,Suspicious Activity,2,Night,Weekday,Good,Medium,1106,Community,43
INC05593,Master Canteen,20.269505,85.838421,Stalking,4,Evening,Weekday,Good,High,833,Community,69
INC05594,Saheed Nagar,20.299531,85.839349,Stalking,4,Evening,Weekday,Moderate,High,223,Community,73
INC05595,Acharya Vihar,20.297133,85.836741,Harassment,3,Night,Weekday,Moderate,Medium,157,Community,71
INC05596,Old Town,20.237223,85.835553,Snatching,3,Evening,Weekend,Good,High,364,Police,52
INC05597,Acharya Vihar,20.302837,85.833052,Harassment,3,Night,Weekend,Good,Low,1392,Community,64
INC05598,KIIT Square,20.355319,85.820896,Snatching,3,Evening,Weekend,Poor,Low,1475,Community,74
INC05599,Chandrasekharpur,20.332783,85.82115,Stalking,4,Afternoon,Weekday,Moderate,Low,1387,Police,74
INC05600,Jaydev Vihar,20.299413,85.820187,Stalking,4,Night,Weekend,Moderate,Medium,277,Community,90
INC05601,Patia,20.353536,85.82109,Assault on Woman,5,Afternoon,Weekday,Good,Low,1076,Community,78
INC05602,Khandagiri,20.259963,85.78208,Suspicious Activity,2,Night,Weekend,Moderate,High,1013,Community,53
INC05603,Baramunda,20.272664,85.803339,Kidnapping Attempt,5,Afternoon,Weekend,Poor,Medium,1084,Community,96
INC05604,Mancheswar,20.319592,85.861087,Harassment,3,Night,Weekday,Moderate,Low,251,Police,75
INC05605,Old Town,20.238509,85.836626,Suspicious Activity,2,Evening,Weekday,Good,Medium,1248,Community,39
INC05606,Dumduma,20.266874,85.792393,Snatching,3,Afternoon,Weekday,Moderate,High,1444,Community,52
INC05607,Nayapalli,20.296452,85.806774,Snatching,3,Evening,Weekday,Good,High,923,Community,49
INC05608,Infocity,20.344922,85.817984,Eve-teasing,2,Afternoon,Weekday,Good,Medium,216,Community,29
INC05609,Khandagiri,20.255837,85.780949,Harassment,3,Night,Weekend,Poor,Medium,866,Police,76
INC05610,Rasulgarh,20.288463,85.868403,Sexual Harassment,5,Evening,Weekday,Poor,Low,1032,Community,100
INC05611,Old Town,20.235441,85.833346,Snatching,3,Night,Weekend,Poor,Medium,1402,Community,76
INC05612,Jaydev Vihar,20.300321,85.817925,Sexual Harassment,5,Night,Weekend,Moderate,Low,1083,Police,99
INC05613,Acharya Vihar,20.298041,85.836052,Suspicious Activity,2,Evening,Weekend,Poor,Medium,681,Community,54
INC05614,Nayapalli,20.294692,85.803744,Harassment,3,Night,Weekday,Moderate,High,782,Community,65
INC05615,Dumduma,20.262348,85.795414,Stalking,4,Night,Weekend,Poor,Medium,426,Community,97
INC05616,Chandrasekharpur,20.332547,85.823163,Snatching,3,Evening,Weekday,Moderate,Low,972,Community,67
INC05617,Rasulgarh,20.290636,85.870997,Harassment,3,Night,Weekend,Poor,Medium,1163,Police,80
INC05618,Khandagiri,20.260083,85.779522,Snatching,3,Night,Weekend,Good,Low,987,Community,65
INC05619,Kalpana Square,20.261981,85.84321,Stalking,4,Afternoon,Weekday,Moderate,High,512,Police,70
INC05620,Dumduma,20.264672,85.79585,Stalking,4,Morning,Weekend,Poor,Low,690,Police,76
INC05621,Patia,20.356811,85.819845,Stalking,4,Morning,Weekend,Moderate,Medium,264,Community,72
INC05622,Saheed Nagar,20.29973,85.841557,Harassment,3,Evening,Weekend,Poor,Medium,926,Police,75
INC05623,Master Canteen,20.270175,85.840284,Snatching,3,Evening,Weekday,Good,High,511,Police,52
INC05624,Lingaraj,20.243678,85.835675,Assault on Woman,5,Evening,Weekend,Moderate,Medium,550,Police,98
INC05625,Master Canteen,20.266638,85.841282,Harassment,3,Afternoon,Weekday,Good,High,654,Police,40
INC05626,Rasulgarh,20.289971,85.873605,Assault on Woman,5,Evening,Weekend,Poor,High,1200,Community,100
INC05627,Lingaraj,20.240308,85.831016,Kidnapping Attempt,5,Evening,Weekday,Poor,High,965,Community,100
INC05628,Jaydev Vihar,20.303695,85.821703,Stalking,4,Night,Weekend,Good,Medium,343,Police,79
INC05629,Saheed Nagar,20.296469,85.840836,Harassment,3,Afternoon,Weekday,Poor,Medium,1048,Community,64
INC05630,Old Town,20.237987,85.836779,Kidnapping Attempt,5,Afternoon,Weekday,Moderate,High,623,Community,80
INC05631,Patia,20.355464,85.817332,Snatching,3,Afternoon,Weekend,Good,Medium,205,Community,49
INC05632,CRP Square,20.313791,85.821676,Harassment,3,Evening,Weekend,Good,Medium,243,Community,51
INC05633,Vani Vihar,20.299636,85.839214,Assault on Woman,5,Night,Weekday,Moderate,High,1186,Police,100
INC05634,Saheed Nagar,20.297175,85.843391,Assault on Woman,5,Evening,Weekend,Poor,Low,1001,Community,99
INC05635,Acharya Vihar,20.298801,85.833037,Suspicious Activity,2,Afternoon,Weekday,Good,High,358,Community,28
INC05636,Chandrasekharpur,20.330289,85.820424,Harassment,3,Night,Weekend,Good,High,1305,Community,60
INC05637,Jaydev Vihar,20.302761,85.82009,Stalking,4,Afternoon,Weekday,Poor,Low,1216,Community,79
INC05638,Patia,20.352728,85.821438,Kidnapping Attempt,5,Night,Weekend,Moderate,Low,776,Police,99
INC05639,Patia,20.356844,85.817292,Sexual Harassment,5,Evening,Weekend,Moderate,Low,1215,Police,94
INC05640,Pokhariput,20.25776,85.802681,Harassment,3,Evening,Weekday,Poor,High,1442,Community,76
INC05641,Acharya Vihar,20.301745,85.834392,Harassment,3,Night,Weekday,Good,Medium,720,Community,62
INC05642,CRP Square,20.314321,85.82389,Harassment,3,Evening,Weekend,Poor,High,209,Police,74
INC05643,Infocity,20.342619,85.813153,Kidnapping Attempt,5,Morning,Weekday,Poor,Low,421,Police,94
INC05644,Pokhariput,20.256144,85.801317,Harassment,3,Evening,Weekend,Poor,High,918,Community,70
INC05645,Acharya Vihar,20.300366,85.834814,Harassment,3,Night,Weekday,Good,Medium,242,Police,56
INC05646,Mancheswar,20.320541,85.862092,Harassment,3,Evening,Weekend,Poor,High,1460,Community,74
INC05647,Baramunda,20.270439,85.803363,Harassment,3,Afternoon,Weekday,Poor,High,667,Police,67
INC05648,CRP Square,20.31241,85.824169,Snatching,3,Evening,Weekday,Good,Low,732,Community,50
INC05649,Saheed Nagar,20.299387,85.842589,Stalking,4,Evening,Weekend,Moderate,High,993,Community,76
INC05650,Jaydev Vihar,20.298444,85.817868,Suspicious Activity,2,Morning,Weekend,Good,Medium,1243,Police,28
INC05651,Lingaraj,20.243585,85.835955,Sexual Harassment,5,Morning,Weekday,Good,Medium,554,Police,74
INC05652,Master Canteen,20.27048,85.842363,Harassment,3,Afternoon,Weekday,Moderate,Medium,708,Community,59
INC05653,Jaydev Vihar,20.299887,85.819671,Suspicious Activity,2,Night,Weekend,Good,Low,695,Community,40
INC05654,Dumduma,20.265235,85.79316,Kidnapping Attempt,5,Afternoon,Weekend,Good,High,675,Police,75
INC05655,Baramunda,20.269367,85.804621,Stalking,4,Morning,Weekend,Moderate,Low,385,Police,65
INC05656,Saheed Nagar,20.299404,85.841165,Harassment,3,Evening,Weekend,Moderate,Medium,659,Community,63
INC05657,Master Canteen,20.267682,85.84196,Stalking,4,Evening,Weekday,Moderate,Medium,623,Police,74
INC05658,Baramunda,20.267619,85.806501,Snatching,3,Night,Weekday,Poor,Low,124,Community,79
INC05659,Acharya Vihar,20.302962,85.833535,Harassment,3,Evening,Weekday,Poor,Low,681,Police,72
INC05660,Chandrasekharpur,20.329571,85.818098,Stalking,4,Evening,Weekday,Good,Low,187,Police,68
INC05661,Vani Vihar,20.295151,85.841194,Eve-teasing,2,Night,Weekday,Moderate,High,1319,Community,58
INC05662,CRP Square,20.313227,85.821744,Stalking,4,Night,Weekday,Good,Medium,1203,Community,74
INC05663,Patia,20.355088,85.816715,Assault on Woman,5,Night,Weekend,Moderate,Medium,533,Police,99
INC05664,Chandrasekharpur,20.331579,85.819651,Harassment,3,Afternoon,Weekday,Poor,Low,458,Police,62
INC05665,Pokhariput,20.253928,85.806658,Stalking,4,Night,Weekend,Good,Low,298,Community,79
INC05666,Mancheswar,20.324479,85.86321,Assault on Woman,5,Night,Weekend,Poor,High,999,Community,100
INC05667,Nayapalli,20.2943,85.806861,Kidnapping Attempt,5,Afternoon,Weekday,Good,Medium,100,Community,78
INC05668,Rasulgarh,20.289431,85.871224,Harassment,3,Evening,Weekday,Poor,High,1374,Community,77
INC05669,Infocity,20.343028,85.814869,Snatching,3,Night,Weekend,Moderate,Low,303,Police,69
INC05670,Pokhariput,20.253066,85.801693,Stalking,4,Evening,Weekend,Moderate,High,867,Community,77
INC05671,KIIT Square,20.352175,85.818762,Suspicious Activity,2,Evening,Weekday,Poor,High,507,Community,55
INC05672,Saheed Nagar,20.298651,85.838647,Sexual Harassment,5,Night,Weekend,Poor,Medium,622,Police,100
INC05673,Lingaraj,20.243628,85.83676,Harassment,3,Night,Weekend,Poor,Low,260,Community,84
INC05674,Khandagiri,20.256804,85.779261,Harassment,3,Night,Weekend,Moderate,High,368,Community,73
INC05675,Vani Vihar,20.295547,85.84171,Assault on Woman,5,Afternoon,Weekday,Good,Low,157,Community,78
INC05676,Saheed Nagar,20.294933,85.839613,Suspicious Activity,2,Night,Weekend,Good,Medium,1373,Community,47
INC05677,Chandrasekharpur,20.333042,85.82069,Assault on Woman,5,Evening,Weekend,Moderate,High,771,Community,91
INC05678,Pokhariput,20.257453,85.806151,Snatching,3,Evening,Weekend,Good,Low,1492,Community,56
INC05679,Vani Vihar,20.296028,85.841876,Harassment,3,Afternoon,Weekend,Poor,Medium,1085,Police,69
INC05680,Dumduma,20.26687,85.79249,Stalking,4,Evening,Weekday,Moderate,High,537,Police,79
INC05681,Dumduma,20.262226,85.794464,Stalking,4,Evening,Weekday,Moderate,High,262,Community,77
INC05682,Old Town,20.239791,85.832145,Assault on Woman,5,Evening,Weekday,Moderate,High,1011,Police,96
INC05683,Pokhariput,20.252722,85.803107,Suspicious Activity,2,Evening,Weekday,Poor,Low,882,Community,53
INC05684,Pokhariput,20.25369,85.803762,Snatching,3,Night,Weekday,Moderate,Medium,521,Community,72
INC05685,Vani Vihar,20.298764,85.840609,Suspicious Activity,2,Night,Weekend,Poor,High,765,Police,66
INC05686,Saheed Nagar,20.295287,85.842997,Sexual Harassment,5,Night,Weekend,Poor,Low,897,Community,100
INC05687,Saheed Nagar,20.294686,85.841921,Assault on Woman,5,Evening,Weekend,Moderate,Medium,1128,Community,95
INC05688,Old Town,20.239828,85.833518,Sexual Harassment,5,Night,Weekend,Poor,Low,1459,Community,100
INC05689,Dumduma,20.263313,85.794495,Suspicious Activity,2,Evening,Weekday,Poor,Low,1157,Community,63
INC05690,Vani Vihar,20.295769,85.844826,Assault on Woman,5,Afternoon,Weekend,Poor,Low,1043,Community,99
INC05691,Vani Vihar,20.297804,85.842742,Harassment,3,Evening,Weekend,Good,Low,917,Community,58
INC05692,CRP Square,20.312579,85.822254,Harassment,3,Night,Weekday,Poor,High,338,Police,82
INC05693,Pokhariput,20.253194,85.805103,Harassment,3,Night,Weekday,Good,Medium,822,Community,63
INC05694,Dumduma,20.262574,85.7954,Harassment,3,Night,Weekend,Poor,Medium,1138,Police,79
INC05695,Nayapalli,20.293549,85.803055,Assault on Woman,5,Evening,Weekend,Poor,Medium,337,Community,100
INC05696,Baramunda,20.27083,85.80285,Sexual Harassment,5,Evening,Weekday,Moderate,Medium,569,Community,89
INC05697,CRP Square,20.314752,85.823255,Harassment,3,Afternoon,Weekday,Moderate,High,433,Community,56
INC05698,Chandrasekharpur,20.329824,85.823567,Snatching,3,Afternoon,Weekend,Poor,Medium,345,Police,69
INC05699,Vani Vihar,20.294498,85.843762,Snatching,3,Night,Weekday,Poor,Medium,472,Police,80
INC05700,Khandagiri,20.256673,85.782198,Harassment,3,Afternoon,Weekend,Poor,Medium,229,Police,69
INC05701,Old Town,20.236017,85.831935,Harassment,3,Evening,Weekend,Poor,High,1391,Community,76
INC05702,Old Town,20.236918,85.832886,Assault on Woman,5,Afternoon,Weekend,Good,High,702,Police,78
INC05703,Acharya Vihar,20.30221,85.835467,Suspicious Activity,2,Afternoon,Weekday,Moderate,Medium,1498,Community,42
INC05704,Rasulgarh,20.291357,85.872121,Snatching,3,Evening,Weekday,Poor,Medium,541,Community,68
INC05705,Infocity,20.34465,85.818157,Stalking,4,Evening,Weekday,Poor,Low,1076,Police,86
INC05706,Vani Vihar,20.297895,85.839716,Suspicious Activity,2,Night,Weekend,Good,Low,966,Community,47
INC05707,Pokhariput,20.253231,85.802696,Snatching,3,Evening,Weekend,Good,High,947,Community,56
INC05708,KIIT Square,20.353759,85.81773,Harassment,3,Afternoon,Weekend,Moderate,Low,628,Police,50
INC05709,Rasulgarh,20.2877,85.871761,Eve-teasing,2,Evening,Weekend,Moderate,High,1138,Community,50
INC05710,Chandrasekharpur,20.331773,85.82332,Stalking,4,Morning,Weekday,Good,High,100,Police,63
INC05711,Dumduma,20.266042,85.793238,Stalking,4,Evening,Weekday,Moderate,High,1258,Community,78
INC05712,Patia,20.352398,85.818104,Assault on Woman,5,Night,Weekday,Good,Low,1068,Community,86
INC05713,Nayapalli,20.294727,85.804508,Harassment,3,Morning,Weekday,Poor,Medium,784,Community,64
INC05714,Jaydev Vihar,20.301361,85.821077,Kidnapping Attempt,5,Afternoon,Weekday,Good,Medium,334,Community,70
INC05715,Vani Vihar,20.294667,85.84361,Stalking,4,Evening,Weekday,Moderate,Medium,352,Community,75
INC05716,Saheed Nagar,20.298553,85.838529,Harassment,3,Night,Weekend,Moderate,High,1083,Police,68
INC05717,Lingaraj,20.242805,85.834944,Stalking,4,Evening,Weekday,Good,Low,976,Community,68
INC05718,Kalpana Square,20.259129,85.840529,Harassment,3,Afternoon,Weekday,Moderate,High,299,Community,54
INC05719,Master Canteen,20.267641,85.843473,Assault on Woman,5,Night,Weekday,Poor,Low,757,Community,100
INC05720,Jaydev Vihar,20.300599,85.819105,Suspicious Activity,2,Night,Weekday,Good,High,264,Community,44
INC05721,Baramunda,20.271942,85.801624,Suspicious Activity,2,Evening,Weekend,Moderate,High,887,Community,46
INC05722,Acharya Vihar,20.300221,85.837097,Stalking,4,Night,Weekday,Poor,Medium,1125,Community,96
INC05723,Kalpana Square,20.262959,85.84161,Eve-teasing,2,Night,Weekday,Moderate,Low,999,Community,59
INC05724,Infocity,20.34395,85.816995,Assault on Woman,5,Evening,Weekend,Moderate,High,1394,Community,92
INC05725,Vani Vihar,20.295306,85.841777,Harassment,3,Night,Weekday,Moderate,Medium,1128,Community,74
INC05726,Acharya Vihar,20.298403,85.834882,Sexual Harassment,5,Night,Weekday,Good,Low,734,Community,90
INC05727,Jaydev Vihar,20.298079,85.81745,Assault on Woman,5,Morning,Weekday,Good,Medium,1361,Police,70
INC05728,Pokhariput,20.255238,85.80517,Snatching,3,Night,Weekday,Moderate,High,326,Community,72
INC05729,Dumduma,20.262606,85.795188,Snatching,3,Afternoon,Weekend,Moderate,Low,1479,Community,56
INC05730,Jaydev Vihar,20.302964,85.821166,Harassment,3,Evening,Weekend,Poor,High,277,Community,72
INC05731,Jaydev Vihar,20.30339,85.820152,Stalking,4,Night,Weekday,Good,Medium,281,Community,76
INC05732,Patia,20.352141,85.822499,Suspicious Activity,2,Evening,Weekday,Moderate,Low,1065,Community,47
INC05733,Baramunda,20.272379,85.801993,Harassment,3,Afternoon,Weekday,Moderate,Low,979,Police,60
INC05734,Infocity,20.342674,85.81439,Suspicious Activity,2,Afternoon,Weekend,Moderate,Low,1108,Community,42
INC05735,Infocity,20.346886,85.817334,Assault on Woman,5,Afternoon,Weekend,Poor,Medium,281,Community,92
INC05736,Saheed Nagar,20.299703,85.84011,Sexual Harassment,5,Night,Weekday,Good,Medium,1213,Community,90
INC05737,Baramunda,20.267236,85.80112,Assault on Woman,5,Afternoon,Weekend,Poor,Low,1068,Community,99
INC05738,Vani Vihar,20.299618,85.84213,Sexual Harassment,5,Night,Weekend,Good,Low,395,Community,85
INC05739,Lingaraj,20.24458,85.831193,Suspicious Activity,2,Night,Weekend,Poor,Low,751,Community,70
INC05740,KIIT Square,20.352211,85.819154,Harassment,3,Night,Weekday,Moderate,Low,932,Community,68
INC05741,Old Town,20.238525,85.833293,Suspicious Activity,2,Night,Weekday,Poor,Low,460,Community,67
INC05742,CRP Square,20.313256,85.819171,Suspicious Activity,2,Evening,Weekend,Poor,High,992,Community,59
INC05743,Dumduma,20.26513,85.793865,Assault on Woman,5,Afternoon,Weekend,Moderate,Low,1438,Police,82
INC05744,Pokhariput,20.256117,85.802744,Stalking,4,Night,Weekend,Moderate,Medium,1453,Community,88
INC05745,Dumduma,20.264651,85.79624,Eve-teasing,2,Night,Weekend,Good,High,569,Community,40
INC05746,Baramunda,20.26987,85.802952,Harassment,3,Afternoon,Weekday,Poor,Medium,809,Community,65
INC05747,Baramunda,20.26801,85.801149,Stalking,4,Night,Weekend,Poor,Low,1429,Community,91
INC05748,Saheed Nagar,20.298149,85.842497,Harassment,3,Night,Weekday,Poor,High,295,Community,75
INC05749,Rasulgarh,20.290817,85.869544,Harassment,3,Night,Weekend,Moderate,Low,339,Community,65
INC05750,Lingaraj,20.245233,85.835543,Harassment,3,Morning,Weekday,Poor,Low,957,Community,60
INC05751,Pokhariput,20.252581,85.803987,Snatching,3,Evening,Weekend,Moderate,High,388,Community,58
INC05752,Nayapalli,20.298769,85.805369,Harassment,3,Night,Weekend,Poor,High,876,Police,81
INC05753,Master Canteen,20.269716,85.843339,Harassment,3,Evening,Weekday,Poor,Medium,227,Community,73
INC05754,KIIT Square,20.354732,85.816936,Assault on Woman,5,Afternoon,Weekend,Good,High,896,Community,76
INC05755,Mancheswar,20.319663,85.863647,Harassment,3,Night,Weekend,Poor,Medium,931,Community,76
INC05756,CRP Square,20.31551,85.822031,Harassment,3,Night,Weekend,Poor,Low,387,Police,76
INC05757,Khandagiri,20.259759,85.784445,Assault on Woman,5,Evening,Weekend,Good,High,767,Community,87
INC05758,Saheed Nagar,20.299088,85.839569,Harassment,3,Night,Weekend,Moderate,Low,595,Police,67
INC05759,Lingaraj,20.244009,85.832475,Assault on Woman,5,Night,Weekday,Poor,Low,590,Community,100
INC05760,Pokhariput,20.254279,85.806509,Stalking,4,Morning,Weekend,Poor,Medium,156,Police,75
INC05761,Infocity,20.34546,85.818143,Assault on Woman,5,Night,Weekend,Good,Medium,404,Community,93
INC05762,Nayapalli,20.295567,85.804309,Harassment,3,Afternoon,Weekend,Moderate,Medium,1233,Community,57
INC05763,KIIT Square,20.354887,85.816805,Eve-teasing,2,Night,Weekend,Moderate,High,795,Community,52
INC05764,Chandrasekharpur,20.33452,85.823784,Eve-teasing,2,Night,Weekday,Good,High,427,Community,41
INC05765,Saheed Nagar,20.295041,85.838471,Assault on Woman,5,Evening,Weekend,Poor,Medium,1135,Community,100
INC05766,Master Canteen,20.270456,85.84077,Harassment,3,Evening,Weekday,Poor,Medium,1391,Police,78
INC05767,Patia,20.357244,85.81872,Assault on Woman,5,Morning,Weekday,Good,Low,1347,Police,70
INC05768,CRP Square,20.315506,85.823165,Stalking,4,Afternoon,Weekend,Good,High,1314,Community,59
INC05769,Old Town,20.240504,85.835937,Harassment,3,Evening,Weekend,Poor,Medium,623,Police,70
INC05770,Infocity,20.346356,85.817514,Harassment,3,Night,Weekday,Good,Low,1181,Police,56
INC05771,Saheed Nagar,20.299366,85.839481,Snatching,3,Evening,Weekday,Good,Low,565,Community,49
INC05772,CRP Square,20.31324,85.824912,Harassment,3,Night,Weekday,Moderate,Medium,210,Community,66
INC05773,Old Town,20.236056,85.836546,Snatching,3,Morning,Weekday,Good,High,1299,Community,49
INC05774,KIIT Square,20.353509,85.81628,Assault on Woman,5,Afternoon,Weekday,Good,Medium,229,Community,80
INC05775,Vani Vihar,20.299952,85.841537,Assault on Woman,5,Night,Weekend,Good,Low,1144,Community,94
INC05776,Dumduma,20.264274,85.792596,Assault on Woman,5,Afternoon,Weekday,Moderate,Low,1163,Community,88
INC05777,Old Town,20.238366,85.833174,Assault on Woman,5,Evening,Weekend,Poor,Medium,1449,Police,100
INC05778,Dumduma,20.263447,85.79397,Harassment,3,Morning,Weekend,Good,Medium,659,Community,43
INC05779,Mancheswar,20.32491,85.86533,Assault on Woman,5,Afternoon,Weekday,Good,Medium,1295,Community,77
INC05780,Jaydev Vihar,20.302845,85.822443,Assault on Woman,5,Afternoon,Weekend,Good,Low,413,Police,80
INC05781,Pokhariput,20.252222,85.802807,Assault on Woman,5,Evening,Weekday,Moderate,Low,524,Police,91
INC05782,Nayapalli,20.29535,85.806588,Suspicious Activity,2,Evening,Weekend,Poor,Low,318,Community,56
INC05783,Pokhariput,20.257325,85.806779,Suspicious Activity,2,Evening,Weekend,Moderate,Medium,485,Community,45
INC05784,Saheed Nagar,20.295867,85.84087,Harassment,3,Evening,Weekend,Good,Low,835,Police,57
INC05785,Kalpana Square,20.262714,85.841748,Sexual Harassment,5,Night,Weekend,Moderate,Medium,649,Police,95
INC05786,CRP Square,20.3149,85.821305,Harassment,3,Morning,Weekend,Poor,Low,441,Community,70
INC05787,Mancheswar,20.321262,85.863105,Stalking,4,Evening,Weekday,Moderate,High,1302,Police,78
INC05788,Vani Vihar,20.295732,85.841609,Snatching,3,Night,Weekend,Good,Medium,689,Community,65
INC05789,Infocity,20.343974,85.814939,Assault on Woman,5,Night,Weekend,Moderate,Medium,366,Community,98
INC05790,Vani Vihar,20.294071,85.839218,Snatching,3,Evening,Weekday,Poor,Low,579,Community,68
INC05791,Kalpana Square,20.260695,85.845163,Stalking,4,Morning,Weekday,Moderate,Medium,613,Community,69
INC05792,Mancheswar,20.321739,85.862923,Snatching,3,Evening,Weekday,Good,Medium,1476,Police,51
INC05793,Baramunda,20.272995,85.805478,Suspicious Activity,2,Night,Weekend,Moderate,High,1097,Community,59
INC05794,Rasulgarh,20.293177,85.870137,Harassment,3,Night,Weekday,Good,High,354,Police,55
INC05795,Nayapalli,20.298067,85.807803,Snatching,3,Afternoon,Weekend,Good,High,271,Community,48
INC05796,CRP Square,20.316126,85.820688,Stalking,4,Afternoon,Weekday,Good,Low,375,Community,56
INC05797,Dumduma,20.266249,85.792038,Stalking,4,Afternoon,Weekday,Good,Medium,262,Police,63
INC05798,Baramunda,20.271863,85.803639,Assault on Woman,5,Afternoon,Weekend,Moderate,High,1130,Community,82
INC05799,Infocity,20.346727,85.817748,Assault on Woman,5,Night,Weekday,Poor,Low,1308,Community,100
INC05800,Master Canteen,20.267314,85.83926,Stalking,4,Evening,Weekend,Moderate,Medium,313,Community,81
INC05801,Pokhariput,20.253904,85.80268,Sexual Harassment,5,Night,Weekday,Poor,High,1043,Community,100
INC05802,Master Canteen,20.270045,85.840732,Harassment,3,Night,Weekday,Good,Medium,1328,Community,62
INC05803,Jaydev Vihar,20.300544,85.820077,Harassment,3,Night,Weekday,Poor,Medium,653,Police,77
INC05804,Master Canteen,20.2701,85.840711,Harassment,3,Night,Weekend,Poor,High,310,Community,80
INC05805,Infocity,20.34262,85.813905,Harassment,3,Evening,Weekend,Poor,Low,166,Community,70
INC05806,Master Canteen,20.268036,85.83956,Stalking,4,Night,Weekend,Good,Low,679,Community,70
INC05807,Mancheswar,20.322108,85.863755,Snatching,3,Night,Weekend,Good,Medium,955,Police,61
INC05808,Mancheswar,20.322489,85.865444,Harassment,3,Evening,Weekend,Moderate,Low,895,Community,58
INC05809,Mancheswar,20.319249,85.866101,Assault on Woman,5,Evening,Weekend,Poor,Medium,1327,Community,98
INC05810,Mancheswar,20.320407,85.866853,Assault on Woman,5,Afternoon,Weekend,Good,High,487,Community,72
INC05811,Patia,20.353246,85.820157,Assault on Woman,5,Night,Weekend,Good,Low,875,Community,91
INC05812,Baramunda,20.272557,85.803467,Suspicious Activity,2,Night,Weekday,Poor,Low,396,Police,65
INC05813,Old Town,20.237292,85.83542,Stalking,4,Night,Weekend,Poor,High,1238,Police,90
INC05814,Mancheswar,20.321875,85.862086,Stalking,4,Morning,Weekend,Moderate,Medium,405,Community,68
INC05815,Chandrasekharpur,20.334187,85.823105,Eve-teasing,2,Afternoon,Weekend,Poor,Medium,223,Police,48
INC05816,Acharya Vihar,20.300645,85.835213,Snatching,3,Night,Weekend,Poor,Low,1270,Community,81
INC05817,CRP Square,20.316123,85.82102,Harassment,3,Evening,Weekend,Moderate,Low,460,Police,58
INC05818,Jaydev Vihar,20.303131,85.821781,Harassment,3,Night,Weekday,Moderate,High,886,Community,67
INC05819,Khandagiri,20.254713,85.779813,Stalking,4,Night,Weekday,Poor,High,490,Community,90
INC05820,Lingaraj,20.240062,85.835124,Assault on Woman,5,Afternoon,Weekend,Poor,Medium,572,Community,95
INC05821,Old Town,20.238764,85.832133,Harassment,3,Night,Weekend,Poor,High,1185,Community,77
INC05822,Khandagiri,20.258811,85.779527,Snatching,3,Morning,Weekend,Moderate,High,1148,Community,60
INC05823,KIIT Square,20.353473,85.817445,Harassment,3,Morning,Weekday,Poor,Medium,301,Community,61
INC05824,Dumduma,20.262021,85.791676,Harassment,3,Night,Weekday,Poor,Low,1281,Community,76
INC05825,Jaydev Vihar,20.299168,85.821437,Harassment,3,Night,Weekday,Poor,High,1265,Community,85
INC05826,Pokhariput,20.257323,85.804044,Stalking,4,Afternoon,Weekday,Poor,Medium,749,Community,77
INC05827,Khandagiri,20.259349,85.779309,Sexual Harassment,5,Night,Weekend,Good,Low,1328,Police,94
INC05828,Rasulgarh,20.293083,85.868,Snatching,3,Evening,Weekday,Moderate,High,1456,Police,68
INC05829,Baramunda,20.27219,85.804816,Kidnapping Attempt,5,Night,Weekend,Poor,Medium,723,Community,100
INC05830,Vani Vihar,20.299213,85.841913,Sexual Harassment,5,Afternoon,Weekday,Poor,Medium,1442,Police,91
INC05831,Old Town,20.240529,85.83539,Harassment,3,Night,Weekday,Poor,Low,260,Community,76
INC05832,Baramunda,20.272412,85.804359,Snatching,3,Afternoon,Weekday,Good,High,812,Community,42
INC05833,Patia,20.353231,85.817559,Assault on Woman,5,Evening,Weekday,Moderate,Medium,1427,Community,97
INC05834,Vani Vihar,20.29624,85.842829,Stalking,4,Night,Weekend,Good,Low,745,Community,76
INC05835,Vani Vihar,20.299282,85.841554,Snatching,3,Night,Weekend,Good,Low,1050,Police,64
INC05836,Khandagiri,20.255082,85.77893,Snatching,3,Night,Weekend,Moderate,Medium,513,Community,67
INC05837,Mancheswar,20.319261,85.865006,Stalking,4,Morning,Weekend,Moderate,Low,1143,Community,73
INC05838,Chandrasekharpur,20.334652,85.822952,Assault on Woman,5,Night,Weekend,Poor,High,388,Community,100
INC05839,KIIT Square,20.350849,85.819502,Harassment,3,Evening,Weekday,Moderate,Low,1444,Community,68
INC05840,Chandrasekharpur,20.331591,85.821915,Stalking,4,Afternoon,Weekend,Poor,High,335,Community,75
INC05841,Patia,20.357072,85.820991,Harassment,3,Evening,Weekend,Poor,Medium,679,Police,68
INC05842,Kalpana Square,20.261655,85.844063,Stalking,4,Night,Weekend,Good,High,919,Community,71
INC05843,Rasulgarh,20.293027,85.870156,Harassment,3,Afternoon,Weekend,Good,High,1352,Community,46
INC05844,Dumduma,20.262183,85.791707,Assault on Woman,5,Night,Weekday,Good,Low,202,Community,87
INC05845,Old Town,20.237028,85.834142,Stalking,4,Night,Weekend,Good,High,1200,Police,76
INC05846,Vani Vihar,20.294474,85.843892,Sexual Harassment,5,Night,Weekend,Poor,Low,807,Police,100
INC05847,Baramunda,20.271227,85.805198,Suspicious Activity,2,Night,Weekend,Poor,Low,135,Community,64
INC05848,Old Town,20.238616,85.832095,Harassment,3,Evening,Weekend,Good,High,1027,Police,57
INC05849,Mancheswar,20.320619,85.861788,Harassment,3,Night,Weekend,Good,Medium,1274,Community,63
INC05850,Baramunda,20.272702,85.806442,Harassment,3,Night,Weekend,Poor,Medium,549,Community,79
INC05851,Nayapalli,20.298794,85.807221,Harassment,3,Night,Weekday,Moderate,Medium,683,Community,71
INC05852,Pokhariput,20.253011,85.805022,Assault on Woman,5,Morning,Weekday,Poor,Low,1254,Police,95
INC05853,Acharya Vihar,20.302226,85.835024,Harassment,3,Night,Weekend,Good,High,315,Police,61
INC05854,Old Town,20.240029,85.833341,Sexual Harassment,5,Night,Weekday,Moderate,High,199,Police,99
INC05855,Saheed Nagar,20.298917,85.838443,Stalking,4,Evening,Weekend,Poor,High,1464,Police,88
INC05856,Lingaraj,20.245096,85.832588,Assault on Woman,5,Evening,Weekday,Poor,Medium,531,Community,100
INC05857,Vani Vihar,20.294892,85.843528,Stalking,4,Night,Weekend,Good,High,904,Community,76
INC05858,Kalpana Square,20.261508,85.845412,Snatching,3,Evening,Weekend,Good,High,884,Community,56
INC05859,Chandrasekharpur,20.329505,85.820535,Stalking,4,Night,Weekend,Moderate,Medium,561,Community,82
INC05860,Mancheswar,20.324575,85.86236,Assault on Woman,5,Afternoon,Weekend,Moderate,Low,1130,Police,81
INC05861,Kalpana Square,20.260161,85.845995,Harassment,3,Evening,Weekday,Good,Medium,693,Community,51
INC05862,Rasulgarh,20.292944,85.868695,Stalking,4,Night,Weekday,Poor,Low,1078,Community,100
INC05863,Old Town,20.239479,85.833009,Harassment,3,Afternoon,Weekend,Poor,Low,304,Community,70
INC05864,Baramunda,20.272319,85.804766,Assault on Woman,5,Evening,Weekend,Moderate,Medium,1147,Police,94
INC05865,Pokhariput,20.254964,85.801037,Sexual Harassment,5,Evening,Weekday,Poor,Low,901,Community,98
INC05866,Lingaraj,20.241216,85.832014,Suspicious Activity,2,Afternoon,Weekday,Moderate,Medium,465,Community,36
INC05867,Infocity,20.343461,85.817487,Stalking,4,Evening,Weekday,Moderate,Medium,1343,Community,83
INC05868,CRP Square,20.314987,85.821969,Kidnapping Attempt,5,Afternoon,Weekday,Poor,High,864,Police,96
INC05869,Khandagiri,20.257095,85.780916,Stalking,4,Night,Weekday,Poor,Medium,342,Community,90
INC05870,Acharya Vihar,20.30268,85.835955,Stalking,4,Night,Weekend,Poor,High,1292,Police,95
INC05871,Acharya Vihar,20.298575,85.83791,Harassment,3,Evening,Weekday,Good,Low,476,Community,52
INC05872,Patia,20.357529,85.818541,Assault on Woman,5,Evening,Weekday,Moderate,High,1250,Community,96
INC05873,CRP Square,20.313327,85.820434,Eve-teasing,2,Afternoon,Weekday,Moderate,Medium,1089,Community,38
INC05874,KIIT Square,20.351969,85.818596,Assault on Woman,5,Afternoon,Weekend,Poor,High,1264,Community,92
INC05875,Vani Vihar,20.297629,85.8415,Assault on Woman,5,Evening,Weekend,Good,Low,127,Police,87
INC05876,Old Town,20.236277,85.835156,Assault on Woman,5,Night,Weekend,Poor,High,707,Police,100
INC05877,Infocity,20.344816,85.818917,Stalking,4,Morning,Weekday,Poor,Medium,771,Community,80
INC05878,Mancheswar,20.319529,85.865854,Kidnapping Attempt,5,Night,Weekday,Poor,High,1154,Police,100
INC05879,Nayapalli,20.295871,85.803572,Suspicious Activity,2,Night,Weekday,Moderate,Low,1092,Community,54
INC05880,Acharya Vihar,20.300539,85.83501,Stalking,4,Morning,Weekend,Good,Medium,391,Community,58
INC05881,Baramunda,20.271972,85.805118,Sexual Harassment,5,Evening,Weekday,Poor,Low,1364,Community,100
INC05882,KIIT Square,20.353549,85.818603,Eve-teasing,2,Afternoon,Weekday,Good,High,822,Police,32
INC05883,Baramunda,20.270841,85.803548,Stalking,4,Evening,Weekday,Good,High,1158,Police,69
INC05884,Master Canteen,20.268613,85.843275,Assault on Woman,5,Night,Weekend,Good,Low,506,Police,93
INC05885,Lingaraj,20.241499,85.834427,Assault on Woman,5,Evening,Weekend,Moderate,Low,1395,Police,89
INC05886,KIIT Square,20.351455,85.816226,Suspicious Activity,2,Night,Weekday,Moderate,Medium,511,Police,56
INC05887,Chandrasekharpur,20.330571,85.819166,Suspicious Activity,2,Evening,Weekend,Moderate,Low,454,Community,48
INC05888,Baramunda,20.271921,85.802315,Assault on Woman,5,Evening,Weekend,Good,Medium,1186,Community,80
INC05889,KIIT Square,20.351514,85.817408,Harassment,3,Night,Weekend,Moderate,Low,344,Community,65
INC05890,Lingaraj,20.244211,85.833866,Assault on Woman,5,Morning,Weekend,Poor,Medium,183,Community,96
INC05891,Baramunda,20.270866,85.802937,Harassment,3,Night,Weekend,Poor,High,1441,Police,76
INC05892,Chandrasekharpur,20.331176,85.821902,Kidnapping Attempt,5,Night,Weekday,Good,Medium,935,Community,86
INC05893,Infocity,20.345111,85.814278,Suspicious Activity,2,Afternoon,Weekend,Good,Low,1117,Community,33
INC05894,Master Canteen,20.271912,85.841255,Harassment,3,Evening,Weekday,Poor,High,158,Community,72
INC05895,KIIT Square,20.353046,85.818661,Stalking,4,Night,Weekend,Poor,High,697,Police,98
INC05896,Chandrasekharpur,20.332955,85.821152,Assault on Woman,5,Evening,Weekend,Good,High,233,Police,81
INC05897,CRP Square,20.315169,85.820402,Assault on Woman,5,Night,Weekend,Poor,Low,891,Community,100
INC05898,Lingaraj,20.243694,85.831327,Assault on Woman,5,Morning,Weekend,Moderate,Medium,591,Police,87
INC05899,Baramunda,20.272094,85.802613,Suspicious Activity,2,Evening,Weekday,Moderate,Medium,442,Community,50
INC05900,Baramunda,20.27141,85.803022,Harassment,3,Evening,Weekend,Good,High,1397,Community,55
INC05901,Acharya Vihar,20.300488,85.8334,Harassment,3,Evening,Weekend,Moderate,High,1032,Police,67
INC05902,Dumduma,20.262394,85.796263,Assault on Woman,5,Evening,Weekend,Poor,Low,1197,Community,100
INC05903,Rasulgarh,20.288676,85.872219,Eve-teasing,2,Evening,Weekday,Poor,Low,1024,Police,59
INC05904,Patia,20.356325,85.817588,Suspicious Activity,2,Morning,Weekend,Moderate,Medium,942,Police,40
INC05905,Dumduma,20.264509,85.796556,Suspicious Activity,2,Evening,Weekend,Poor,High,1152,Community,53
INC05906,Saheed Nagar,20.296266,85.839711,Kidnapping Attempt,5,Night,Weekend,Moderate,Low,893,Community,95
INC05907,Master Canteen,20.270821,85.841325,Snatching,3,Evening,Weekday,Poor,Low,612,Community,70
INC05908,Old Town,20.240666,85.834482,Assault on Woman,5,Afternoon,Weekday,Good,Medium,768,Community,71
INC05909,Chandrasekharpur,20.329238,85.821128,Sexual Harassment,5,Evening,Weekday,Poor,Medium,1331,Police,100
INC05910,Pokhariput,20.257074,85.803305,Kidnapping Attempt,5,Night,Weekend,Good,High,1121,Police,95
INC05911,Baramunda,20.271627,85.805301,Eve-teasing,2,Morning,Weekend,Moderate,High,365,Community,37
INC05912,Kalpana Square,20.262543,85.841081,Harassment,3,Night,Weekend,Poor,Low,1406,Police,83
INC05913,Nayapalli,20.295011,85.80531,Suspicious Activity,2,Evening,Weekday,Moderate,High,157,Community,45
INC05914,Chandrasekharpur,20.333302,85.819664,Assault on Woman,5,Evening,Weekend,Good,Low,1088,Community,86
INC05915,Khandagiri,20.255108,85.78287,Snatching,3,Morning,Weekday,Moderate,Medium,424,Community,56
INC05916,Pokhariput,20.252349,85.801863,Assault on Woman,5,Afternoon,Weekday,Good,Medium,957,Community,72
INC05917,Rasulgarh,20.290358,85.869659,Snatching,3,Night,Weekend,Good,Low,475,Community,58
INC05918,Nayapalli,20.297461,85.806309,Eve-teasing,2,Afternoon,Weekday,Good,Medium,1358,Police,32
INC05919,Dumduma,20.261714,85.795019,Stalking,4,Night,Weekday,Moderate,Low,886,Community,85
INC05920,Dumduma,20.265765,85.791854,Harassment,3,Night,Weekday,Moderate,Low,327,Community,74
INC05921,Mancheswar,20.320383,85.86529,Harassment,3,Night,Weekday,Poor,Medium,175,Police,81
INC05922,Dumduma,20.262348,85.79497,Suspicious Activity,2,Night,Weekend,Moderate,Medium,677,Community,53
INC05923,Baramunda,20.272563,85.805639,Harassment,3,Night,Weekend,Poor,Medium,425,Police,79
INC05924,Khandagiri,20.255575,85.781772,Kidnapping Attempt,5,Night,Weekend,Poor,Medium,746,Community,100
INC05925,Kalpana Square,20.257457,85.845817,Assault on Woman,5,Night,Weekday,Good,Medium,366,Community,86
INC05926,Saheed Nagar,20.294929,85.839239,Stalking,4,Evening,Weekend,Moderate,High,297,Community,77
INC05927,Baramunda,20.272771,85.805608,Assault on Woman,5,Afternoon,Weekday,Moderate,High,1057,Community,89
INC05928,Mancheswar,20.319558,85.863859,Eve-teasing,2,Night,Weekend,Moderate,Low,665,Police,52
INC05929,Infocity,20.341076,85.81877,Sexual Harassment,5,Afternoon,Weekend,Poor,Medium,172,Community,90
INC05930,Acharya Vihar,20.29956,85.836517,Eve-teasing,2,Afternoon,Weekend,Poor,Medium,358,Police,50
INC05931,Jaydev Vihar,20.299313,85.819489,Harassment,3,Afternoon,Weekend,Moderate,High,177,Community,55
INC05932,Old Town,20.240289,85.83658,Kidnapping Attempt,5,Evening,Weekday,Moderate,Low,1001,Police,95
INC05933,Infocity,20.344396,85.81849,Sexual Harassment,5,Night,Weekday,Moderate,Low,847,Community,100
INC05934,Dumduma,20.266713,85.791775,Suspicious Activity,2,Evening,Weekend,Poor,Medium,521,Community,54
INC05935,Infocity,20.345132,85.818727,Suspicious Activity,2,Evening,Weekend,Poor,Medium,1365,Community,54
INC05936,Pokhariput,20.255361,85.80581,Harassment,3,Night,Weekend,Moderate,High,1226,Community,66
INC05937,Jaydev Vihar,20.299232,85.82011,Harassment,3,Morning,Weekend,Moderate,High,845,Community,55
INC05938,Acharya Vihar,20.297057,85.832293,Sexual Harassment,5,Morning,Weekday,Poor,Low,243,Police,94
INC05939,Kalpana Square,20.262374,85.843095,Snatching,3,Night,Weekend,Good,High,1009,Police,63
INC05940,Infocity,20.342816,85.81808,Kidnapping Attempt,5,Evening,Weekday,Good,Low,1041,Community,80
INC05941,CRP Square,20.315038,85.821677,Sexual Harassment,5,Evening,Weekday,Good,High,663,Community,79
INC05942,Lingaraj,20.244486,85.836299,Snatching,3,Night,Weekday,Poor,Low,1378,Community,81
INC05943,Rasulgarh,20.287613,85.868564,Stalking,4,Night,Weekend,Good,Low,615,Police,77
INC05944,Rasulgarh,20.291529,85.871003,Harassment,3,Night,Weekend,Poor,High,1228,Community,76
INC05945,Dumduma,20.262153,85.794539,Assault on Woman,5,Afternoon,Weekend,Moderate,Medium,1479,Community,87
INC05946,Master Canteen,20.26914,85.842201,Assault on Woman,5,Night,Weekday,Good,Medium,355,Community,92
INC05947,Saheed Nagar,20.294523,85.841149,Harassment,3,Afternoon,Weekday,Good,Medium,1417,Police,49
INC05948,Master Canteen,20.266556,85.839221,Stalking,4,Evening,Weekend,Good,Low,684,Police,63
INC05949,Baramunda,20.269111,85.802097,Stalking,4,Night,Weekday,Poor,Medium,1368,Community,97
INC05950,Acharya Vihar,20.298796,85.835684,Snatching,3,Afternoon,Weekend,Poor,High,1062,Police,67
INC05951,Dumduma,20.263974,85.793138,Assault on Woman,5,Afternoon,Weekend,Moderate,High,665,Police,85
INC05952,Nayapalli,20.294692,85.804977,Stalking,4,Evening,Weekend,Moderate,Medium,440,Police,82
INC05953,Saheed Nagar,20.295334,85.839844,Stalking,4,Night,Weekend,Poor,High,425,Community,99
INC05954,Infocity,20.346326,85.81838,Harassment,3,Evening,Weekend,Good,Low,223,Community,50
INC05955,Dumduma,20.266182,85.795467,Stalking,4,Morning,Weekday,Moderate,Low,1140,Police,70
INC05956,Dumduma,20.265238,85.793833,Eve-teasing,2,Night,Weekend,Poor,High,520,Police,67
INC05957,Pokhariput,20.257,85.80434,Assault on Woman,5,Afternoon,Weekend,Poor,Low,878,Community,94
INC05958,Infocity,20.345321,85.816429,Harassment,3,Evening,Weekend,Good,Medium,147,Community,52
INC05959,Vani Vihar,20.294154,85.839228,Harassment,3,Night,Weekday,Poor,Low,782,Community,84
INC05960,Kalpana Square,20.258455,85.841981,Sexual Harassment,5,Evening,Weekday,Poor,Medium,121,Police,99
INC05961,Old Town,20.240932,85.834595,Harassment,3,Evening,Weekday,Good,Low,1387,Community,55
INC05962,Pokhariput,20.254767,85.806973,Suspicious Activity,2,Afternoon,Weekend,Moderate,Medium,737,Community,42
INC05963,Saheed Nagar,20.297883,85.838905,Harassment,3,Night,Weekday,Good,Low,231,Community,58
INC05964,Mancheswar,20.322117,85.862409,Assault on Woman,5,Night,Weekday,Poor,Low,183,Community,100
INC05965,Pokhariput,20.255309,85.801824,Assault on Woman,5,Evening,Weekday,Poor,Low,1105,Police,100
INC05966,Mancheswar,20.322251,85.863759,Snatching,3,Afternoon,Weekend,Poor,High,999,Community,65
INC05967,Pokhariput,20.255901,85.803277,Stalking,4,Night,Weekday,Good,Low,502,Police,70
INC05968,Acharya Vihar,20.299447,85.834411,Harassment,3,Morning,Weekend,Poor,Medium,1361,Police,63
INC05969,Infocity,20.342831,85.813494,Assault on Woman,5,Night,Weekend,Good,Medium,1466,Community,87
INC05970,Saheed Nagar,20.296866,85.838227,Snatching,3,Evening,Weekday,Poor,Low,414,Police,76
INC05971,Rasulgarh,20.287944,85.873341,Harassment,3,Afternoon,Weekend,Moderate,Medium,1177,Community,57
INC05972,Acharya Vihar,20.300872,85.833107,Assault on Woman,5,Evening,Weekday,Good,High,950,Community,80
INC05973,Patia,20.353421,85.821552,Stalking,4,Afternoon,Weekday,Good,High,281,Community,56
INC05974,Rasulgarh,20.290181,85.87115,Kidnapping Attempt,5,Night,Weekday,Poor,Medium,256,Community,100
INC05975,Jaydev Vihar,20.299193,85.821649,Harassment,3,Night,Weekday,Poor,Medium,361,Police,76
INC05976,Infocity,20.345816,85.814637,Harassment,3,Afternoon,Weekday,Poor,Low,204,Community,69
INC05977,Infocity,20.345343,85.8137,Assault on Woman,5,Evening,Weekend,Moderate,Medium,352,Community,89
INC05978,Patia,20.353917,85.817493,Snatching,3,Afternoon,Weekend,Poor,High,255,Community,62
INC05979,Nayapalli,20.296128,85.804372,Harassment,3,Night,Weekend,Good,High,1093,Community,55
INC05980,Vani Vihar,20.295705,85.844727,Assault on Woman,5,Evening,Weekday,Poor,High,290,Community,100
INC05981,Baramunda,20.269289,85.804228,Harassment,3,Night,Weekend,Good,Medium,938,Community,64
INC05982,Pokhariput,20.257816,85.804237,Harassment,3,Afternoon,Weekend,Poor,High,426,Community,63
INC05983,Acharya Vihar,20.302204,85.835685,Stalking,4,Evening,Weekend,Good,High,570,Community,73
INC05984,CRP Square,20.31683,85.823552,Stalking,4,Evening,Weekday,Good,Medium,495,Community,69
INC05985,Lingaraj,20.241621,85.831211,Kidnapping Attempt,5,Evening,Weekday,Moderate,Medium,777,Community,89
INC05986,Pokhariput,20.254701,85.801509,Stalking,4,Night,Weekday,Moderate,Medium,1067,Community,86
INC05987,Master Canteen,20.271105,85.842258,Harassment,3,Afternoon,Weekday,Good,High,167,Community,47
INC05988,Old Town,20.237343,85.831864,Harassment,3,Evening,Weekend,Moderate,Low,1056,Community,58
INC05989,Pokhariput,20.252699,85.806305,Stalking,4,Evening,Weekend,Good,Medium,602,Community,70
INC05990,Nayapalli,20.295633,85.807789,Harassment,3,Morning,Weekday,Good,Medium,1309,Community,46
INC05991,Lingaraj,20.242484,85.8323,Stalking,4,Night,Weekday,Good,Low,1169,Community,73
INC05992,Saheed Nagar,20.298003,85.841894,Harassment,3,Evening,Weekday,Good,Low,469,Community,57
INC05993,Master Canteen,20.271962,85.840723,Stalking,4,Afternoon,Weekday,Moderate,Medium,1425,Community,71
INC05994,KIIT Square,20.350626,85.816455,Harassment,3,Night,Weekend,Poor,Medium,1108,Community,76
INC05995,Vani Vihar,20.297996,85.842147,Sexual Harassment,5,Night,Weekend,Good,Low,219,Community,92
INC05996,Jaydev Vihar,20.301325,85.817292,Sexual Harassment,5,Night,Weekend,Moderate,High,949,Police,100
INC05997,Patia,20.356723,85.81895,Assault on Woman,5,Evening,Weekday,Moderate,Medium,103,Community,97
INC05998,Acharya Vihar,20.301446,85.836405,Sexual Harassment,5,Night,Weekend,Moderate,Low,1032,Community,100
INC05999,Patia,20.352166,85.821801,Stalking,4,Evening,Weekday,Good,High,347,Community,73
INC06000,CRP Square,20.31282,85.824671,Stalking,4,Evening,Weekday,Moderate,High,1263,Police,78
INC06001,Saheed Nagar,20.294495,85.841746,Sexual Harassment,5,Evening,Weekend,Poor,Medium,975,Community,98
INC06002,Dumduma,20.265659,85.791275,Stalking,4,Afternoon,Weekday,Good,Medium,701,Police,62
INC06003,Old Town,20.237149,85.832309,Kidnapping Attempt,5,Evening,Weekday,Moderate,Low,163,Community,92
INC06004,Dumduma,20.264227,85.795959,Harassment,3,Morning,Weekend,Good,Low,320,Police,42
INC06005,Acharya Vihar,20.300956,85.836078,Harassment,3,Evening,Weekday,Moderate,Medium,1108,Community,65
INC06006,Dumduma,20.264599,85.796932,Stalking,4,Afternoon,Weekend,Good,High,1319,Community,61
INC06007,Dumduma,20.265305,85.795248,Stalking,4,Afternoon,Weekend,Poor,Low,1449,Community,85
INC06008,Chandrasekharpur,20.334259,85.82398,Harassment,3,Evening,Weekend,Poor,Medium,260,Police,73
INC06009,Infocity,20.341353,85.817132,Kidnapping Attempt,5,Night,Weekday,Moderate,Low,1091,Police,100
INC06010,Dumduma,20.266318,85.79592,Sexual Harassment,5,Night,Weekday,Poor,Low,962,Community,100
INC06011,Jaydev Vihar,20.300048,85.817332,Eve-teasing,2,Evening,Weekend,Moderate,Medium,1348,Community,53
INC06012,Pokhariput,20.257021,85.803514,Harassment,3,Night,Weekend,Poor,Low,652,Police,79
INC06013,Saheed Nagar,20.294899,85.841305,Harassment,3,Evening,Weekend,Poor,Medium,1317,Police,68
INC06014,Master Canteen,20.267883,85.84062,Harassment,3,Night,Weekday,Good,Medium,102,Police,63
INC06015,Pokhariput,20.255119,85.801969,Stalking,4,Morning,Weekday,Poor,High,904,Community,79
INC06016,Master Canteen,20.266735,85.843785,Harassment,3,Night,Weekend,Moderate,Medium,1040,Community,67
INC06017,Mancheswar,20.321445,85.866719,Kidnapping Attempt,5,Night,Weekend,Good,Low,1112,Community,95
INC06018,KIIT Square,20.350611,85.819282,Harassment,3,Evening,Weekend,Moderate,High,504,Community,59
INC06019,CRP Square,20.317668,85.823632,Harassment,3,Evening,Weekend,Good,Medium,119,Community,52
INC06020,Kalpana Square,20.262306,85.842144,Suspicious Activity,2,Evening,Weekday,Moderate,High,476,Community,52
INC06021,KIIT Square,20.352655,85.818499,Harassment,3,Evening,Weekday,Moderate,Medium,1115,Police,60
INC06022,Acharya Vihar,20.300314,85.837103,Harassment,3,Evening,Weekday,Poor,High,820,Community,78
INC06023,Chandrasekharpur,20.334747,85.823858,Snatching,3,Night,Weekday,Moderate,High,875,Community,68
INC06024,Acharya Vihar,20.30001,85.835461,Sexual Harassment,5,Evening,Weekday,Poor,High,133,Community,99
INC06025,Saheed Nagar,20.293966,85.842051,Kidnapping Attempt,5,Afternoon,Weekend,Moderate,Medium,1308,Community,89
INC06026,Vani Vihar,20.297363,85.841558,Harassment,3,Evening,Weekend,Good,High,693,Community,49
INC06027,Old Town,20.239562,85.833611,Harassment,3,Afternoon,Weekday,Good,Medium,923,Community,41
INC06028,Pokhariput,20.254999,85.803916,Harassment,3,Evening,Weekday,Moderate,Low,687,Community,60
INC06029,Mancheswar,20.324641,85.862042,Stalking,4,Evening,Weekend,Poor,Medium,1297,Community,88
INC06030,Khandagiri,20.257316,85.779492,Eve-teasing,2,Morning,Weekday,Moderate,Low,280,Community,35
INC06031,Lingaraj,20.241088,85.831846,Sexual Harassment,5,Evening,Weekday,Moderate,Medium,902,Community,93
INC06032,Jaydev Vihar,20.301407,85.820218,Kidnapping Attempt,5,Evening,Weekend,Moderate,Low,797,Community,88
INC06033,Dumduma,20.266648,85.794503,Assault on Woman,5,Evening,Weekday,Poor,Medium,664,Community,100
INC06034,Infocity,20.344131,85.818046,Suspicious Activity,2,Night,Weekday,Moderate,High,136,Community,56
INC06035,Pokhariput,20.254942,85.804067,Sexual Harassment,5,Morning,Weekday,Poor,High,109,Police,97
INC06036,Infocity,20.34122,85.813766,Assault on Woman,5,Evening,Weekend,Moderate,Medium,803,Community,92
INC06037,Vani Vihar,20.294671,85.841083,Harassment,3,Afternoon,Weekend,Moderate,Medium,116,Community,55
INC06038,Patia,20.356091,85.818453,Harassment,3,Evening,Weekday,Good,High,1066,Police,48
INC06039,Old Town,20.240755,85.834125,Harassment,3,Evening,Weekday,Good,Medium,1300,Community,49
INC06040,Rasulgarh,20.288043,85.873406,Assault on Woman,5,Night,Weekend,Poor,High,1436,Police,100
INC06041,Khandagiri,20.25536,85.779787,Harassment,3,Night,Weekday,Moderate,High,558,Community,71
INC06042,Saheed Nagar,20.296643,85.839032,Stalking,4,Afternoon,Weekday,Poor,High,1085,Community,77
INC06043,Kalpana Square,20.259873,85.843009,Harassment,3,Afternoon,Weekday,Good,Medium,583,Community,46
INC06044,Saheed Nagar,20.2947,85.840873,Harassment,3,Evening,Weekend,Moderate,Low,824,Community,62
INC06045,Infocity,20.342314,85.816739,Sexual Harassment,5,Night,Weekday,Poor,Medium,1155,Police,100
INC06046,Baramunda,20.27218,85.801854,Snatching,3,Afternoon,Weekend,Poor,Medium,563,Community,69
INC06047,Old Town,20.238077,85.83405,Harassment,3,Afternoon,Weekday,Poor,High,1103,Police,69
INC06048,Patia,20.355737,85.820166,Sexual Harassment,5,Evening,Weekend,Moderate,Medium,269,Community,93
INC06049,Khandagiri,20.258065,85.780505,Sexual Harassment,5,Night,Weekend,Good,Low,1422,Community,88
INC06050,Jaydev Vihar,20.299129,85.821753,Stalking,4,Afternoon,Weekend,Poor,Medium,515,Community,80
INC06051,Master Canteen,20.271097,85.843196,Assault on Woman,5,Evening,Weekday,Moderate,High,1316,Community,89
INC06052,Lingaraj,20.240683,85.83616,Stalking,4,Evening,Weekend,Moderate,Medium,1360,Community,78
INC06053,KIIT Square,20.350642,85.820205,Stalking,4,Morning,Weekday,Moderate,High,1205,Community,68
INC06054,Rasulgarh,20.288301,85.871794,Stalking,4,Night,Weekday,Moderate,High,786,Police,84
INC06055,KIIT Square,20.351457,85.816562,Snatching,3,Morning,Weekday,Good,High,1455,Community,50
INC06056,Jaydev Vihar,20.303857,85.819731,Harassment,3,Night,Weekend,Moderate,High,358,Community,65
INC06057,Pokhariput,20.257874,85.806935,Stalking,4,Night,Weekend,Moderate,Medium,101,Police,80
INC06058,Baramunda,20.270239,85.805814,Assault on Woman,5,Night,Weekday,Poor,Medium,1027,Community,100
INC06059,Mancheswar,20.322416,85.862992,Harassment,3,Night,Weekend,Good,Low,363,Community,63
INC06060,Mancheswar,20.322156,85.86214,Assault on Woman,5,Morning,Weekend,Moderate,High,1007,Community,82
INC06061,Vani Vihar,20.297004,85.841378,Harassment,3,Night,Weekend,Poor,High,267,Police,75
INC06062,Nayapalli,20.294209,85.803423,Sexual Harassment,5,Night,Weekend,Moderate,Low,1347,Community,96
INC06063,Lingaraj,20.244096,85.831665,Stalking,4,Morning,Weekend,Good,Low,700,Police,65
INC06064,Kalpana Square,20.26063,85.840883,Sexual Harassment,5,Evening,Weekend,Poor,Low,1318,Community,100
INC06065,Mancheswar,20.322162,85.861021,Harassment,3,Evening,Weekend,Good,High,182,Police,56
INC06066,Saheed Nagar,20.294285,85.842365,Kidnapping Attempt,5,Afternoon,Weekday,Moderate,High,143,Police,83
INC06067,Chandrasekharpur,20.332739,85.818049,Sexual Harassment,5,Night,Weekday,Poor,High,396,Community,100
INC06068,Kalpana Square,20.257513,85.843983,Harassment,3,Evening,Weekday,Moderate,Low,1244,Community,61
INC06069,Infocity,20.345482,85.81684,Harassment,3,Morning,Weekend,Poor,Low,111,Police,60
INC06070,Dumduma,20.263893,85.791157,Stalking,4,Night,Weekend,Moderate,Medium,1291,Community,87
INC06071,Kalpana Square,20.258446,85.84583,Snatching,3,Morning,Weekend,Poor,Medium,257,Community,70
INC06072,Jaydev Vihar,20.299288,85.818962,Harassment,3,Night,Weekend,Good,High,1086,Police,57
INC06073,Patia,20.354368,85.817415,Stalking,4,Afternoon,Weekend,Good,Low,862,Community,65
INC06074,Baramunda,20.272523,85.804088,Sexual Harassment,5,Morning,Weekday,Poor,Low,1463,Police,99
INC06075,Kalpana Square,20.262937,85.842389,Harassment,3,Evening,Weekend,Moderate,Low,885,Community,58
INC06076,Saheed Nagar,20.294712,85.843521,Stalking,4,Evening,Weekday,Moderate,High,593,Community,82
INC06077,Master Canteen,20.266614,85.83927,Sexual Harassment,5,Evening,Weekday,Moderate,High,394,Community,95
INC06078,Acharya Vihar,20.298252,85.83789,Eve-teasing,2,Night,Weekday,Poor,Low,789,Community,62
INC06079,Khandagiri,20.25535,85.779587,Eve-teasing,2,Night,Weekday,Poor,High,955,Community,60
INC06080,Khandagiri,20.260218,85.779647,Assault on Woman,5,Night,Weekend,Moderate,Low,791,Police,100
INC06081,Patia,20.354523,85.820294,Snatching,3,Afternoon,Weekday,Poor,Medium,587,Community,61
INC06082,Pokhariput,20.257969,85.804219,Stalking,4,Evening,Weekend,Moderate,High,1261,Community,74
INC06083,Vani Vihar,20.296339,85.844681,Stalking,4,Morning,Weekend,Poor,Low,903,Community,83
INC06084,Baramunda,20.269073,85.804779,Snatching,3,Afternoon,Weekend,Poor,Medium,974,Community,64
INC06085,Lingaraj,20.24591,85.832956,Kidnapping Attempt,5,Night,Weekend,Moderate,Medium,976,Community,100
INC06086,Vani Vihar,20.297832,85.839241,Snatching,3,Evening,Weekend,Good,Low,1031,Community,54
INC06087,Pokhariput,20.256284,85.80582,Harassment,3,Evening,Weekday,Good,High,1026,Community,50
INC06088,KIIT Square,20.352942,85.817318,Harassment,3,Afternoon,Weekend,Poor,Low,1480,Community,63
INC06089,Jaydev Vihar,20.299037,85.821517,Snatching,3,Night,Weekend,Moderate,Medium,741,Community,75
INC06090,KIIT Square,20.354859,85.819953,Eve-teasing,2,Afternoon,Weekday,Poor,Medium,1227,Community,45
INC06091,Jaydev Vihar,20.298294,85.817231,Snatching,3,Afternoon,Weekday,Good,Low,1049,Community,40
INC06092,Infocity,20.341534,85.815162,Harassment,3,Afternoon,Weekend,Good,Medium,227,Police,49
INC06093,Old Town,20.240573,85.833576,Stalking,4,Afternoon,Weekend,Good,High,886,Community,64
INC06094,Baramunda,20.27026,85.803591,Harassment,3,Evening,Weekday,Poor,High,986,Community,77
INC06095,Kalpana Square,20.259394,85.840512,Stalking,4,Night,Weekday,Moderate,Low,1075,Police,87
INC06096,Khandagiri,20.258402,85.783516,Harassment,3,Afternoon,Weekend,Good,Medium,998,Police,48
INC06097,KIIT Square,20.350037,85.818178,Sexual Harassment,5,Afternoon,Weekend,Moderate,Medium,1323,Community,85
INC06098,Lingaraj,20.241242,85.836174,Harassment,3,Afternoon,Weekday,Good,Medium,708,Police,43
INC06099,Kalpana Square,20.259357,85.840034,Harassment,3,Evening,Weekend,Moderate,High,179,Community,58
INC06100,Rasulgarh,20.292702,85.870516,Stalking,4,Evening,Weekday,Good,Medium,1347,Community,69
INC06101,Master Canteen,20.266085,85.843379,Snatching,3,Evening,Weekend,Good,Medium,1311,Police,49
INC06102,Mancheswar,20.324875,85.86261,Eve-teasing,2,Night,Weekday,Good,Medium,274,Community,40
INC06103,Pokhariput,20.256193,85.80629,Stalking,4,Evening,Weekend,Good,Low,788,Police,70
INC06104,Chandrasekharpur,20.330565,85.820069,Assault on Woman,5,Evening,Weekday,Poor,Medium,1354,Community,100
INC06105,Rasulgarh,20.288894,85.871493,Stalking,4,Morning,Weekday,Poor,Low,260,Police,84
INC06106,Chandrasekharpur,20.334386,85.819186,Harassment,3,Evening,Weekday,Good,Low,453,Community,52
INC06107,Saheed Nagar,20.298358,85.839747,Harassment,3,Afternoon,Weekend,Moderate,Medium,929,Community,54
INC06108,Chandrasekharpur,20.334254,85.821813,Sexual Harassment,5,Evening,Weekend,Good,Low,1353,Community,84
INC06109,Baramunda,20.267109,85.80392,Snatching,3,Night,Weekday,Good,High,1439,Community,64
INC06110,Kalpana Square,20.261403,85.843256,Harassment,3,Night,Weekday,Good,Medium,227,Community,57
INC06111,Jaydev Vihar,20.3013,85.822353,Harassment,3,Evening,Weekend,Moderate,High,939,Community,67
INC06112,Nayapalli,20.297694,85.80211,Harassment,3,Night,Weekend,Good,Low,1491,Community,62
INC06113,Kalpana Square,20.260871,85.840042,Stalking,4,Evening,Weekday,Moderate,Medium,268,Community,79
INC06114,Jaydev Vihar,20.30047,85.818993,Stalking,4,Night,Weekday,Moderate,High,861,Community,82
INC06115,Acharya Vihar,20.297655,85.836826,Stalking,4,Night,Weekend,Good,High,1176,Police,80
INC06116,CRP Square,20.315516,85.822129,Harassment,3,Night,Weekday,Good,Low,250,Community,63
INC06117,Khandagiri,20.256757,85.784249,Harassment,3,Night,Weekday,Poor,Low,1406,Community,82
INC06118,Vani Vihar,20.294611,85.839746,Harassment,3,Afternoon,Weekend,Poor,Medium,809,Community,68
INC06119,Infocity,20.342176,85.815345,Assault on Woman,5,Evening,Weekend,Poor,Medium,530,Community,100
INC06120,Mancheswar,20.319165,85.864073,Harassment,3,Night,Weekday,Good,Medium,362,Community,64
INC06121,Pokhariput,20.252982,85.801997,Eve-teasing,2,Evening,Weekday,Good,High,479,Police,34
INC06122,Old Town,20.236865,85.835906,Suspicious Activity,2,Evening,Weekday,Moderate,Low,117,Community,52
INC06123,Infocity,20.345266,85.814044,Sexual Harassment,5,Evening,Weekday,Good,Low,1293,Community,82
INC06124,Acharya Vihar,20.298661,85.83705,Kidnapping Attempt,5,Morning,Weekend,Good,Medium,1254,Community,77
INC06125,Saheed Nagar,20.296429,85.841631,Harassment,3,Morning,Weekend,Poor,Medium,949,Police,62
INC06126,Saheed Nagar,20.293837,85.839201,Harassment,3,Night,Weekday,Good,Medium,1095,Community,61
INC06127,Jaydev Vihar,20.298887,85.81863,Sexual Harassment,5,Morning,Weekday,Moderate,Low,141,Community,86
INC06128,Master Canteen,20.267031,85.841111,Harassment,3,Night,Weekend,Moderate,Medium,1422,Community,65
INC06129,CRP Square,20.315022,85.823982,Harassment,3,Evening,Weekend,Good,Medium,817,Community,58
INC06130,Kalpana Square,20.259222,85.841677,Stalking,4,Night,Weekday,Good,Low,991,Community,77
INC06131,Kalpana Square,20.257809,85.842744,Harassment,3,Evening,Weekday,Poor,Low,777,Community,71
INC06132,Kalpana Square,20.257441,85.842443,Harassment,3,Evening,Weekend,Poor,Low,452,Community,69
INC06133,Mancheswar,20.324578,85.861309,Harassment,3,Morning,Weekend,Good,Low,1341,Community,49
INC06134,Kalpana Square,20.260309,85.842809,Sexual Harassment,5,Evening,Weekend,Moderate,Medium,355,Community,93
INC06135,KIIT Square,20.350561,85.815122,Snatching,3,Evening,Weekend,Good,Low,1073,Community,56
INC06136,Lingaraj,20.244011,85.835815,Stalking,4,Night,Weekday,Moderate,Low,778,Community,89
INC06137,Saheed Nagar,20.297719,85.841478,Harassment,3,Night,Weekday,Good,Medium,1116,Police,65
INC06138,CRP Square,20.31491,85.821067,Harassment,3,Evening,Weekday,Poor,Medium,491,Community,71
INC06139,Acharya Vihar,20.301187,85.832446,Sexual Harassment,5,Night,Weekday,Good,Medium,1336,Community,94
INC06140,Khandagiri,20.260224,85.779364,Assault on Woman,5,Night,Weekend,Good,High,768,Police,85
INC06141,Master Canteen,20.266513,85.843362,Suspicious Activity,2,Morning,Weekday,Good,Medium,799,Police,34
INC06142,Dumduma,20.26316,85.796473,Stalking,4,Evening,Weekend,Moderate,Medium,611,Community,77
INC06143,Pokhariput,20.255719,85.803306,Kidnapping Attempt,5,Night,Weekday,Poor,Low,196,Community,100
INC06144,Lingaraj,20.244679,85.835092,Harassment,3,Night,Weekday,Moderate,Low,173,Community,70
INC06145,Pokhariput,20.256259,85.806643,Sexual Harassment,5,Night,Weekday,Moderate,Low,563,Community,100
INC06146,Kalpana Square,20.261156,85.844286,Harassment,3,Evening,Weekday,Poor,Low,846,Community,71
INC06147,KIIT Square,20.355602,85.820949,Suspicious Activity,2,Night,Weekend,Poor,Medium,1008,Community,62
INC06148,Nayapalli,20.293425,85.80514,Stalking,4,Night,Weekend,Good,Medium,369,Community,80
INC06149,Old Town,20.238654,85.833974,Harassment,3,Afternoon,Weekend,Moderate,High,1465,Police,55
INC06150,Kalpana Square,20.26214,85.845554,Assault on Woman,5,Night,Weekday,Moderate,High,624,Community,97
INC06151,Jaydev Vihar,20.302879,85.81783,Harassment,3,Morning,Weekend,Moderate,Medium,249,Community,59
INC06152,Saheed Nagar,20.294431,85.842682,Assault on Woman,5,Evening,Weekday,Good,High,1475,Community,82
INC06153,Baramunda,20.271037,85.804536,Snatching,3,Morning,Weekday,Moderate,High,1004,Police,54
INC06154,Mancheswar,20.322056,85.861843,Harassment,3,Evening,Weekday,Poor,High,1309,Police,75
INC06155,Acharya Vihar,20.300737,85.83244,Suspicious Activity,2,Evening,Weekend,Poor,High,711,Police,63
INC06156,Master Canteen,20.269648,85.840833,Stalking,4,Night,Weekday,Moderate,Medium,104,Community,87
INC06157,Chandrasekharpur,20.33341,85.820914,Kidnapping Attempt,5,Evening,Weekday,Good,Medium,1491,Police,85
INC06158,KIIT Square,20.353078,85.816518,Stalking,4,Night,Weekend,Good,Medium,607,Community,80
INC06159,Lingaraj,20.245883,85.834078,Harassment,3,Night,Weekday,Good,High,540,Community,64
INC06160,Nayapalli,20.295819,85.803918,Assault on Woman,5,Night,Weekday,Poor,Medium,559,Community,100
INC06161,Old Town,20.235467,85.83352,Kidnapping Attempt,5,Afternoon,Weekend,Poor,Low,397,Community,90
INC06162,Kalpana Square,20.260104,85.841757,Harassment,3,Night,Weekday,Poor,Low,168,Community,79
INC06163,Chandrasekharpur,20.332744,85.82163,Assault on Woman,5,Afternoon,Weekday,Poor,Low,145,Community,94
INC06164,Nayapalli,20.298934,85.804941,Kidnapping Attempt,5,Night,Weekend,Good,Low,432,Community,85
INC06165,Saheed Nagar,20.296354,85.843308,Eve-teasing,2,Night,Weekday,Good,Medium,914,Police,42
INC06166,Saheed Nagar,20.297656,85.844089,Stalking,4,Evening,Weekday,Poor,Low,1034,Community,84
INC06167,Infocity,20.343849,85.818944,Harassment,3,Evening,Weekend,Poor,Low,929,Community,69
INC06168,Mancheswar,20.32159,85.866829,Eve-teasing,2,Evening,Weekday,Good,High,877,Community,37
INC06169,Kalpana Square,20.258042,85.843984,Sexual Harassment,5,Evening,Weekday,Moderate,High,540,Police,89
INC06170,Master Canteen,20.270359,85.838844,Harassment,3,Night,Weekend,Good,Medium,1009,Police,55
INC06171,Jaydev Vihar,20.298656,85.819573,Stalking,4,Afternoon,Weekday,Good,Medium,406,Community,59
INC06172,Kalpana Square,20.259485,85.840554,Stalking,4,Evening,Weekday,Poor,High,714,Community,93
INC06173,Jaydev Vihar,20.298635,85.821418,Harassment,3,Evening,Weekend,Moderate,High,125,Community,62
INC06174,CRP Square,20.316207,85.821202,Harassment,3,Evening,Weekday,Poor,Low,357,Police,75
INC06175,Jaydev Vihar,20.301575,85.818402,Snatching,3,Night,Weekday,Moderate,Medium,1310,Community,75
INC06176,Kalpana Square,20.262436,85.841596,Assault on Woman,5,Afternoon,Weekday,Good,Low,373,Police,76
INC06177,Patia,20.352497,85.81731,Assault on Woman,5,Night,Weekday,Moderate,Medium,1448,Police,98
INC06178,CRP Square,20.315759,85.821803,Stalking,4,Night,Weekend,Good,Low,728,Police,72
INC06179,Kalpana Square,20.259656,85.840166,Sexual Harassment,5,Afternoon,Weekend,Good,High,1448,Community,80
INC06180,Rasulgarh,20.293287,85.870746,Harassment,3,Night,Weekend,Poor,Medium,1093,Community,79
INC06181,Dumduma,20.265183,85.79413,Snatching,3,Morning,Weekend,Moderate,High,341,Community,50
INC06182,Lingaraj,20.244671,85.835345,Stalking,4,Evening,Weekend,Poor,High,721,Community,86
INC06183,Kalpana Square,20.260552,85.840457,Harassment,3,Afternoon,Weekend,Moderate,Medium,246,Community,56
INC06184,Mancheswar,20.321187,85.861008,Suspicious Activity,2,Afternoon,Weekend,Moderate,High,401,Community,38
INC06185,Nayapalli,20.298983,85.807034,Harassment,3,Afternoon,Weekend,Good,High,958,Community,42
INC06186,Pokhariput,20.254334,85.805208,Harassment,3,Afternoon,Weekend,Poor,Medium,1158,Community,67
INC06187,Vani Vihar,20.295553,85.841139,Snatching,3,Evening,Weekday,Poor,Low,537,Police,75
INC06188,KIIT Square,20.352262,85.815249,Snatching,3,Morning,Weekend,Moderate,Medium,863,Community,57
INC06189,Jaydev Vihar,20.298136,85.820221,Harassment,3,Night,Weekend,Poor,Medium,1443,Police,85
INC06190,Patia,20.355051,85.818989,Stalking,4,Evening,Weekday,Moderate,High,1272,Community,77
INC06191,Mancheswar,20.319997,85.862653,Stalking,4,Night,Weekday,Poor,Low,920,Community,95
INC06192,Mancheswar,20.323274,85.866065,Eve-teasing,2,Morning,Weekend,Moderate,Low,410,Community,40
INC06193,CRP Square,20.315712,85.82152,Suspicious Activity,2,Afternoon,Weekday,Good,High,299,Police,33
INC06194,Baramunda,20.27142,85.804223,Assault on Woman,5,Night,Weekday,Moderate,Low,1430,Police,100
INC06195,Baramunda,20.267912,85.80677,Stalking,4,Night,Weekend,Good,High,1293,Community,80
INC06196,Pokhariput,20.254174,85.802652,Stalking,4,Morning,Weekend,Poor,Low,1069,Community,75
INC06197,Khandagiri,20.257346,85.779226,Stalking,4,Evening,Weekday,Good,High,1334,Community,63
INC06198,Dumduma,20.261843,85.795393,Kidnapping Attempt,5,Night,Weekend,Poor,Medium,770,Community,100
INC06199,Acharya Vihar,20.30052,85.837544,Stalking,4,Evening,Weekend,Poor,Low,230,Community,93
INC06200,Rasulgarh,20.288587,85.868808,Kidnapping Attempt,5,Night,Weekday,Good,Low,948,Community,87
INC06201,Kalpana Square,20.258959,85.842474,Assault on Woman,5,Night,Weekend,Poor,Low,1356,Community,100
INC06202,Baramunda,20.272004,85.805291,Harassment,3,Evening,Weekend,Good,Medium,416,Police,49
INC06203,Old Town,20.236526,85.831908,Suspicious Activity,2,Night,Weekday,Poor,Medium,286,Community,61
INC06204,Baramunda,20.267818,85.804129,Kidnapping Attempt,5,Evening,Weekday,Good,Medium,1146,Community,87
INC06205,Khandagiri,20.258661,85.779737,Kidnapping Attempt,5,Morning,Weekend,Poor,High,1127,Police,94
INC06206,Khandagiri,20.2597,85.781718,Eve-teasing,2,Night,Weekend,Moderate,High,442,Community,54
INC06207,Pokhariput,20.257674,85.803492,Assault on Woman,5,Evening,Weekend,Good,Medium,648,Police,83
INC06208,Nayapalli,20.298608,85.80714,Sexual Harassment,5,Evening,Weekend,Poor,Medium,216,Community,100
INC06209,Baramunda,20.268157,85.80569,Suspicious Activity,2,Afternoon,Weekend,Moderate,Low,1208,Community,36
INC06210,KIIT Square,20.353572,85.817466,Snatching,3,Evening,Weekend,Good,Low,1405,Community,51
INC06211,Infocity,20.341614,85.818416,Stalking,4,Morning,Weekday,Moderate,Medium,1271,Community,66
INC06212,Patia,20.357671,85.822052,Assault on Woman,5,Night,Weekend,Good,Medium,1116,Community,95
INC06213,Master Canteen,20.268171,85.842717,Kidnapping Attempt,5,Evening,Weekend,Good,Medium,1278,Community,85
INC06214,Baramunda,20.272085,85.805224,Suspicious Activity,2,Morning,Weekday,Good,Medium,1144,Police,34
INC06215,Mancheswar,20.322614,85.864305,Stalking,4,Night,Weekday,Moderate,Medium,225,Community,80
INC06216,Jaydev Vihar,20.303194,85.819435,Stalking,4,Night,Weekend,Poor,Medium,299,Community,91
INC06217,Rasulgarh,20.290109,85.868201,Harassment,3,Afternoon,Weekend,Poor,High,940,Community,67
INC06218,Vani Vihar,20.297322,85.84233,Snatching,3,Night,Weekday,Poor,Medium,701,Community,83
INC06219,Vani Vihar,20.294398,85.841819,Snatching,3,Afternoon,Weekend,Moderate,Low,1114,Community,54
INC06220,Old Town,20.240065,85.833688,Harassment,3,Night,Weekday,Good,Low,1274,Community,56
INC06221,KIIT Square,20.35376,85.817056,Harassment,3,Evening,Weekend,Moderate,Medium,1193,Community,61
INC06222,Mancheswar,20.320466,85.863927,Eve-teasing,2,Evening,Weekday,Good,High,1243,Police,36
INC06223,Dumduma,20.26223,85.796609,Stalking,4,Night,Weekend,Poor,High,1480,Community,91
INC06224,Jaydev Vihar,20.299614,85.817608,Stalking,4,Evening,Weekday,Poor,Medium,707,Community,86
INC06225,Old Town,20.239507,85.833424,Harassment,3,Evening,Weekday,Good,Medium,888,Police,56
INC06226,Master Canteen,20.268438,85.84389,Harassment,3,Night,Weekday,Poor,High,227,Community,85
INC06227,Jaydev Vihar,20.302647,85.817548,Harassment,3,Evening,Weekday,Moderate,Low,978,Police,61
INC06228,CRP Square,20.317675,85.823714,Sexual Harassment,5,Afternoon,Weekend,Good,Low,1288,Police,72
INC06229,Vani Vihar,20.296519,85.842467,Suspicious Activity,2,Evening,Weekday,Moderate,Low,1369,Community,44
INC06230,Infocity,20.342443,85.818096,Harassment,3,Evening,Weekend,Poor,Medium,979,Community,77
INC06231,Chandrasekharpur,20.329057,85.822776,Harassment,3,Night,Weekday,Moderate,Medium,740,Community,72
INC06232,Vani Vihar,20.299973,85.83982,Stalking,4,Evening,Weekday,Moderate,Medium,990,Community,76
INC06233,Jaydev Vihar,20.301715,85.817487,Harassment,3,Afternoon,Weekday,Poor,Medium,261,Community,64
INC06234,Rasulgarh,20.291587,85.868616,Harassment,3,Afternoon,Weekend,Good,High,857,Community,42
INC06235,Infocity,20.3421,85.81678,Kidnapping Attempt,5,Evening,Weekday,Good,Medium,701,Community,84
INC06236,Vani Vihar,20.298296,85.842049,Sexual Harassment,5,Afternoon,Weekday,Good,Medium,685,Community,78
INC06237,Acharya Vihar,20.301436,85.837436,Sexual Harassment,5,Evening,Weekday,Poor,Low,124,Police,98
INC06238,Kalpana Square,20.259694,85.840398,Assault on Woman,5,Afternoon,Weekend,Poor,Medium,1191,Police,100
INC06239,Baramunda,20.26725,85.801363,Harassment,3,Afternoon,Weekend,Poor,Medium,1473,Community,62
INC06240,Baramunda,20.268115,85.801933,Assault on Woman,5,Afternoon,Weekday,Moderate,Low,1396,Community,80
INC06241,Dumduma,20.262253,85.793888,Assault on Woman,5,Night,Weekday,Poor,Medium,475,Police,100
INC06242,Nayapalli,20.295838,85.805874,Harassment,3,Night,Weekend,Good,Medium,1005,Community,59
INC06243,Rasulgarh,20.288031,85.870156,Sexual Harassment,5,Afternoon,Weekend,Poor,High,181,Community,93
INC06244,Old Town,20.238001,85.83691,Stalking,4,Evening,Weekday,Poor,Low,1184,Community,83
INC06245,Khandagiri,20.258604,85.780312,Stalking,4,Night,Weekday,Moderate,Low,1236,Community,89
INC06246,Chandrasekharpur,20.333781,85.818422,Sexual Harassment,5,Night,Weekday,Poor,Low,396,Police,100
INC06247,Chandrasekharpur,20.333617,85.818607,Suspicious Activity,2,Night,Weekday,Poor,Low,1026,Community,65
INC06248,Mancheswar,20.32404,85.861599,Stalking,4,Morning,Weekday,Poor,Medium,1159,Community,78
INC06249,Chandrasekharpur,20.330955,85.822841,Harassment,3,Night,Weekend,Good,Low,1010,Community,64
INC06250,Infocity,20.343138,85.816137,Suspicious Activity,2,Morning,Weekend,Poor,Low,1238,Police,45
INC06251,Kalpana Square,20.260114,85.843934,Stalking,4,Evening,Weekday,Good,High,874,Community,66
INC06252,Vani Vihar,20.29631,85.843642,Eve-teasing,2,Evening,Weekday,Good,Medium,982,Police,42
INC06253,Patia,20.355238,85.819644,Stalking,4,Morning,Weekday,Poor,High,1048,Community,81
INC06254,Vani Vihar,20.299213,85.844398,Snatching,3,Afternoon,Weekend,Moderate,Medium,530,Police,50
INC06255,Kalpana Square,20.262905,85.845321,Harassment,3,Evening,Weekend,Good,High,377,Police,48
INC06256,KIIT Square,20.355621,85.818113,Stalking,4,Afternoon,Weekday,Good,High,739,Community,64
INC06257,Infocity,20.346266,85.81603,Stalking,4,Evening,Weekday,Poor,Medium,659,Community,88
INC06258,Pokhariput,20.254876,85.805163,Stalking,4,Evening,Weekend,Poor,Medium,1084,Police,86
INC06259,Mancheswar,20.324623,85.865934,Sexual Harassment,5,Evening,Weekend,Good,Medium,350,Police,87
INC06260,Lingaraj,20.244956,85.831529,Snatching,3,Afternoon,Weekend,Moderate,Medium,457,Community,59
INC06261,Vani Vihar,20.299612,85.844548,Snatching,3,Afternoon,Weekday,Good,High,388,Community,50
INC06262,Lingaraj,20.240439,85.834233,Stalking,4,Evening,Weekend,Moderate,Low,700,Community,82
INC06263,Chandrasekharpur,20.330365,85.821092,Assault on Woman,5,Night,Weekday,Moderate,Low,1173,Police,95
INC06264,Acharya Vihar,20.30059,85.833711,Harassment,3,Night,Weekday,Poor,High,827,Police,80
INC06265,Nayapalli,20.294381,85.807792,Suspicious Activity,2,Evening,Weekday,Poor,Low,758,Community,58
INC06266,Patia,20.353255,85.819765,Sexual Harassment,5,Night,Weekday,Moderate,High,1074,Police,95
INC06267,CRP Square,20.314844,85.824723,Eve-teasing,2,Night,Weekday,Good,Low,332,Police,45
INC06268,Lingaraj,20.241183,85.836203,Harassment,3,Afternoon,Weekday,Poor,Medium,978,Community,64
INC06269,Lingaraj,20.243023,85.834716,Harassment,3,Evening,Weekend,Good,High,1223,Community,49
INC06270,Nayapalli,20.29862,85.802238,Harassment,3,Evening,Weekday,Poor,Medium,233,Community,76
INC06271,Lingaraj,20.24385,85.833072,Snatching,3,Night,Weekend,Good,Medium,664,Community,61
INC06272,Saheed Nagar,20.29648,85.840546,Sexual Harassment,5,Night,Weekend,Poor,Low,1203,Police,100
INC06273,Infocity,20.346821,85.815734,Harassment,3,Night,Weekend,Good,Medium,1331,Community,56
INC06274,Kalpana Square,20.262205,85.845728,Stalking,4,Night,Weekend,Moderate,High,1327,Community,82
INC06275,KIIT Square,20.350605,85.820732,Harassment,3,Afternoon,Weekday,Poor,Low,952,Police,63
INC06276,Saheed Nagar,20.299195,85.83962,Assault on Woman,5,Evening,Weekend,Good,High,580,Community,88
INC06277,CRP Square,20.316434,85.822508,Suspicious Activity,2,Afternoon,Weekend,Poor,Low,276,Community,52
INC06278,Nayapalli,20.298629,85.802207,Stalking,4,Morning,Weekend,Moderate,Low,1410,Community,70
INC06279,KIIT Square,20.351178,85.819092,Suspicious Activity,2,Night,Weekday,Good,High,104,Police,43
INC06280,CRP Square,20.31652,85.822759,Assault on Woman,5,Morning,Weekend,Moderate,Low,402,Police,84
INC06281,Chandrasekharpur,20.334485,85.821877,Harassment,3,Evening,Weekday,Poor,Medium,351,Police,70
INC06282,Saheed Nagar,20.294504,85.84073,Sexual Harassment,5,Morning,Weekend,Good,Medium,1353,Community,80
INC06283,Lingaraj,20.244055,85.83691,Harassment,3,Afternoon,Weekday,Good,High,293,Community,40
INC06284,Baramunda,20.269754,85.803477,Harassment,3,Evening,Weekday,Moderate,Low,445,Police,66
INC06285,Rasulgarh,20.288954,85.870238,Harassment,3,Afternoon,Weekend,Good,Low,1470,Community,47
INC06286,Dumduma,20.26333,85.795797,Harassment,3,Night,Weekend,Poor,Medium,843,Community,80
INC06287,Patia,20.353005,85.820634,Stalking,4,Night,Weekend,Moderate,Low,212,Community,81
INC06288,Acharya Vihar,20.297137,85.835907,Harassment,3,Afternoon,Weekend,Good,High,195,Police,46
INC06289,Nayapalli,20.29602,85.802039,Stalking,4,Night,Weekend,Good,High,360,Police,74
INC06290,Chandrasekharpur,20.334923,85.819844,Stalking,4,Evening,Weekend,Good,Medium,1379,Community,71
INC06291,Vani Vihar,20.298932,85.843824,Sexual Harassment,5,Afternoon,Weekend,Good,Low,599,Police,77
INC06292,Patia,20.35551,85.818724,Assault on Woman,5,Night,Weekday,Poor,Medium,235,Community,100
INC06293,Nayapalli,20.298123,85.80607,Assault on Woman,5,Afternoon,Weekday,Moderate,Low,817,Police,84
INC06294,Patia,20.355131,85.817239,Suspicious Activity,2,Morning,Weekend,Good,High,1238,Community,25
INC06295,Infocity,20.346992,85.818323,Harassment,3,Morning,Weekday,Good,High,1308,Community,50
INC06296,Kalpana Square,20.257291,85.844724,Snatching,3,Night,Weekend,Poor,Medium,647,Police,84
INC06297,Master Canteen,20.267163,85.841428,Assault on Woman,5,Afternoon,Weekday,Moderate,High,1316,Police,84
INC06298,Old Town,20.236872,85.831177,Stalking,4,Evening,Weekend,Good,Low,270,Community,64
INC06299,Nayapalli,20.29613,85.806143,Stalking,4,Afternoon,Weekday,Good,Low,903,Community,58
INC06300,Pokhariput,20.252604,85.806522,Kidnapping Attempt,5,Evening,Weekday,Moderate,Medium,503,Police,98
INC06301,Lingaraj,20.241178,85.834595,Harassment,3,Evening,Weekend,Good,High,376,Community,49
INC06302,Jaydev Vihar,20.302603,85.820238,Harassment,3,Morning,Weekday,Poor,Low,1010,Community,63
INC06303,Baramunda,20.267591,85.80496,Sexual Harassment,5,Evening,Weekend,Poor,Low,1298,Community,100
INC06304,CRP Square,20.313404,85.819362,Suspicious Activity,2,Afternoon,Weekend,Moderate,Medium,461,Police,36
INC06305,Pokhariput,20.254742,85.805758,Harassment,3,Afternoon,Weekend,Good,High,1495,Community,50
INC06306,Saheed Nagar,20.297512,85.84393,Harassment,3,Night,Weekend,Moderate,Low,1044,Community,73
INC06307,KIIT Square,20.351978,85.819158,Harassment,3,Afternoon,Weekend,Good,Medium,1454,Community,40
INC06308,Old Town,20.240264,85.835852,Stalking,4,Afternoon,Weekday,Poor,Low,757,Community,81
INC06309,Pokhariput,20.25364,85.802881,Assault on Woman,5,Night,Weekend,Poor,Low,460,Community,100
INC06310,CRP Square,20.316176,85.819982,Stalking,4,Night,Weekend,Good,Medium,616,Police,71
INC06311,Rasulgarh,20.293102,85.868646,Assault on Woman,5,Night,Weekday,Poor,Low,496,Police,100
INC06312,KIIT Square,20.352457,85.819821,Eve-teasing,2,Night,Weekend,Moderate,High,670,Community,50
INC06313,CRP Square,20.312081,85.819389,Harassment,3,Afternoon,Weekend,Moderate,Low,830,Community,60
INC06314,Old Town,20.238794,85.836674,Stalking,4,Night,Weekday,Moderate,Medium,351,Community,80
INC06315,Old Town,20.236924,85.832899,Stalking,4,Night,Weekday,Good,Medium,141,Community,74
INC06316,Vani Vihar,20.296752,85.844318,Harassment,3,Evening,Weekday,Good,Medium,840,Community,51
INC06317,Old Town,20.239879,85.832716,Assault on Woman,5,Afternoon,Weekday,Good,Medium,365,Community,72
INC06318,Chandrasekharpur,20.329375,85.820379,Snatching,3,Evening,Weekday,Poor,Medium,350,Community,76
INC06319,Pokhariput,20.256111,85.80606,Harassment,3,Night,Weekday,Poor,High,1385,Community,82
INC06320,Jaydev Vihar,20.299709,85.821854,Suspicious Activity,2,Night,Weekend,Good,High,853,Community,48
INC06321,Patia,20.35578,85.822267,Harassment,3,Morning,Weekday,Good,High,1434,Community,42
INC06322,Saheed Nagar,20.297202,85.840172,Stalking,4,Evening,Weekend,Poor,High,604,Community,83
INC06323,Mancheswar,20.323497,85.86501,Sexual Harassment,5,Night,Weekday,Moderate,Medium,580,Community,98
INC06324,Master Canteen,20.26892,85.842011,Snatching,3,Afternoon,Weekend,Poor,High,1225,Community,70
INC06325,Mancheswar,20.319407,85.866725,Snatching,3,Evening,Weekend,Moderate,Medium,236,Community,64
INC06326,Khandagiri,20.2553,85.784761,Stalking,4,Afternoon,Weekday,Good,High,590,Community,62
INC06327,Khandagiri,20.257373,85.780562,Sexual Harassment,5,Afternoon,Weekday,Poor,High,655,Police,98
INC06328,Vani Vihar,20.295749,85.842777,Harassment,3,Evening,Weekday,Good,Medium,1032,Community,57
INC06329,Dumduma,20.262525,85.79369,Harassment,3,Morning,Weekend,Good,High,1029,Community,40
INC06330,Mancheswar,20.324378,85.865424,Harassment,3,Evening,Weekend,Moderate,Low,1032,Community,68
INC06331,Saheed Nagar,20.296825,85.84259,Harassment,3,Evening,Weekend,Good,High,964,Community,50
INC06332,Old Town,20.236694,85.836996,Stalking,4,Morning,Weekend,Good,High,339,Community,63
INC06333,Vani Vihar,20.298475,85.842329,Assault on Woman,5,Evening,Weekend,Good,Medium,1361,Police,79
INC06334,CRP Square,20.313516,85.824544,Harassment,3,Evening,Weekend,Poor,Low,1404,Community,71
INC06335,Mancheswar,20.324866,85.861444,Eve-teasing,2,Morning,Weekend,Poor,High,733,Community,48
INC06336,CRP Square,20.31542,85.824384,Suspicious Activity,2,Evening,Weekend,Poor,High,1205,Community,53
INC06337,Vani Vihar,20.298739,85.840394,Assault on Woman,5,Evening,Weekday,Moderate,Low,1307,Community,95
INC06338,Lingaraj,20.241803,85.834984,Stalking,4,Evening,Weekday,Good,High,868,Community,72
INC06339,Master Canteen,20.271055,85.84192,Suspicious Activity,2,Night,Weekday,Moderate,Medium,384,Community,57
INC06340,Jaydev Vihar,20.299198,85.821572,Kidnapping Attempt,5,Evening,Weekday,Moderate,Low,1058,Community,96
INC06341,Saheed Nagar,20.297091,85.839337,Sexual Harassment,5,Evening,Weekend,Poor,Medium,159,Police,100
INC06342,Nayapalli,20.294884,85.807638,Harassment,3,Evening,Weekend,Moderate,High,338,Police,61
INC06343,CRP Square,20.31437,85.82086,Assault on Woman,5,Afternoon,Weekend,Good,Medium,1296,Community,79
INC06344,Rasulgarh,20.289346,85.868976,Harassment,3,Night,Weekend,Moderate,High,1489,Community,71
INC06345,Nayapalli,20.295435,85.80658,Kidnapping Attempt,5,Afternoon,Weekend,Good,Low,113,Community,78
INC06346,Old Town,20.236132,85.831303,Snatching,3,Afternoon,Weekday,Good,High,403,Police,47
INC06347,Khandagiri,20.260129,85.784764,Harassment,3,Evening,Weekend,Moderate,Low,511,Community,60
INC06348,Nayapalli,20.296692,85.802845,Harassment,3,Morning,Weekend,Good,Medium,1226,Community,47
INC06349,Jaydev Vihar,20.301417,85.81796,Harassment,3,Evening,Weekday,Good,Medium,549,Community,50
INC06350,Jaydev Vihar,20.300936,85.820918,Harassment,3,Night,Weekend,Good,Medium,333,Community,62
INC06351,Jaydev Vihar,20.302443,85.818032,Harassment,3,Evening,Weekend,Moderate,High,1239,Community,67
INC06352,Dumduma,20.262591,85.793413,Harassment,3,Evening,Weekend,Good,Medium,295,Community,53
INC06353,Master Canteen,20.266194,85.841868,Suspicious Activity,2,Night,Weekday,Poor,Low,1154,Community,67
INC06354,Kalpana Square,20.261359,85.844017,Stalking,4,Evening,Weekday,Moderate,High,459,Community,76
INC06355,Dumduma,20.261732,85.794574,Snatching,3,Night,Weekend,Poor,Medium,793,Police,80
INC06356,Baramunda,20.270352,85.804338,Suspicious Activity,2,Evening,Weekday,Good,Low,432,Community,42
INC06357,Patia,20.352651,85.821228,Stalking,4,Evening,Weekend,Good,High,935,Community,67
INC06358,Acharya Vihar,20.301689,85.834996,Harassment,3,Night,Weekday,Moderate,High,304,Community,71
INC06359,Baramunda,20.272893,85.806288,Suspicious Activity,2,Evening,Weekday,Poor,High,817,Community,56
INC06360,Nayapalli,20.29584,85.80749,Sexual Harassment,5,Night,Weekend,Poor,Medium,829,Police,100
INC06361,Nayapalli,20.298054,85.803375,Harassment,3,Morning,Weekday,Poor,Medium,617,Community,69
INC06362,CRP Square,20.313645,85.820508,Assault on Woman,5,Afternoon,Weekday,Moderate,High,105,Community,82
INC06363,Chandrasekharpur,20.33041,85.822468,Sexual Harassment,5,Night,Weekend,Good,High,1399,Police,87
INC06364,KIIT Square,20.355973,85.819423,Snatching,3,Morning,Weekday,Moderate,High,967,Police,51
INC06365,Dumduma,20.266273,85.795857,Harassment,3,Evening,Weekend,Moderate,Medium,1115,Community,68
INC06366,Nayapalli,20.293837,85.805296,Harassment,3,Afternoon,Weekday,Moderate,Medium,925,Police,52
INC06367,Master Canteen,20.270275,85.843238,Assault on Woman,5,Night,Weekday,Good,High,1461,Police,89
INC06368,Lingaraj,20.242634,85.835448,Assault on Woman,5,Night,Weekend,Good,High,208,Police,95
INC06369,Vani Vihar,20.297488,85.839496,Suspicious Activity,2,Morning,Weekday,Poor,High,1071,Community,50
INC06370,Master Canteen,20.269828,85.840975,Sexual Harassment,5,Morning,Weekday,Good,Low,169,Community,73
INC06371,Lingaraj,20.243369,85.832718,Sexual Harassment,5,Morning,Weekday,Moderate,Medium,1105,Community,80
INC06372,Pokhariput,20.256067,85.801426,Assault on Woman,5,Afternoon,Weekday,Poor,Low,975,Community,99
INC06373,Rasulgarh,20.289264,85.868452,Stalking,4,Evening,Weekday,Moderate,High,1432,Community,82
INC06374,Infocity,20.3415,85.815092,Harassment,3,Evening,Weekday,Good,Low,631,Community,55
INC06375,Rasulgarh,20.287815,85.873381,Suspicious Activity,2,Morning,Weekend,Poor,Medium,1330,Police,45
INC06376,Vani Vihar,20.294855,85.84122,Harassment,3,Afternoon,Weekend,Moderate,Medium,507,Community,55
INC06377,Lingaraj,20.245553,85.835126,Harassment,3,Night,Weekday,Moderate,Medium,932,Police,74
INC06378,Chandrasekharpur,20.333302,85.822798,Suspicious Activity,2,Night,Weekday,Good,Low,307,Police,46
INC06379,Old Town,20.237149,85.83334,Harassment,3,Evening,Weekday,Poor,Medium,677,Community,72
INC06380,Baramunda,20.27054,85.806698,Assault on Woman,5,Afternoon,Weekday,Good,Medium,1297,Police,76
INC06381,Baramunda,20.270366,85.801038,Harassment,3,Afternoon,Weekend,Good,Medium,731,Community,48
INC06382,Patia,20.353453,85.819221,Harassment,3,Night,Weekend,Good,Medium,1122,Community,61
INC06383,Pokhariput,20.256737,85.802168,Eve-teasing,2,Evening,Weekend,Poor,Low,354,Community,54
INC06384,Dumduma,20.266976,85.792942,Harassment,3,Morning,Weekend,Moderate,Medium,373,Community,54
INC06385,Baramunda,20.267277,85.801076,Sexual Harassment,5,Evening,Weekend,Moderate,Medium,981,Police,95
INC06386,Dumduma,20.26224,85.792368,Harassment,3,Afternoon,Weekday,Good,Low,1004,Police,46
INC06387,Rasulgarh,20.291487,85.870309,Stalking,4,Night,Weekend,Moderate,Low,975,Community,80
INC06388,Old Town,20.237962,85.835642,Eve-teasing,2,Evening,Weekend,Poor,Low,617,Community,62
INC06389,Patia,20.35776,85.820356,Stalking,4,Afternoon,Weekday,Poor,Low,1336,Police,76
INC06390,Old Town,20.237573,85.836823,Snatching,3,Night,Weekday,Good,Low,1032,Community,56
INC06391,Lingaraj,20.244087,85.831065,Harassment,3,Night,Weekday,Moderate,Medium,1346,Community,68
INC06392,Mancheswar,20.323381,85.861906,Stalking,4,Night,Weekday,Moderate,Low,421,Community,86
INC06393,Chandrasekharpur,20.329539,85.819901,Harassment,3,Night,Weekday,Good,Low,1023,Community,60
INC06394,Baramunda,20.26806,85.806056,Sexual Harassment,5,Morning,Weekend,Poor,High,1111,Police,93
INC06395,Pokhariput,20.256061,85.803729,Stalking,4,Night,Weekend,Poor,Low,1050,Community,91
INC06396,Nayapalli,20.294698,85.807739,Assault on Woman,5,Night,Weekday,Poor,Medium,721,Community,100
INC06397,Infocity,20.343139,85.813847,Sexual Harassment,5,Afternoon,Weekend,Good,Low,966,Police,77
INC06398,Chandrasekharpur,20.331333,85.823986,Assault on Woman,5,Afternoon,Weekday,Good,Medium,1033,Community,71
INC06399,Master Canteen,20.270963,85.840628,Sexual Harassment,5,Morning,Weekend,Good,High,1008,Community,80
INC06400,Rasulgarh,20.289757,85.868475,Harassment,3,Night,Weekday,Good,Medium,856,Community,64
INC06401,Acharya Vihar,20.297838,85.835685,Stalking,4,Night,Weekend,Good,High,846,Community,70
INC06402,Old Town,20.240599,85.833401,Stalking,4,Night,Weekday,Good,High,824,Community,77
INC06403,Chandrasekharpur,20.333725,85.821113,Eve-teasing,2,Night,Weekend,Moderate,High,304,Police,51
INC06404,Saheed Nagar,20.294243,85.838746,Assault on Woman,5,Evening,Weekday,Good,Medium,802,Police,88
INC06405,Master Canteen,20.266131,85.842839,Eve-teasing,2,Evening,Weekend,Poor,Medium,935,Community,61
INC06406,Infocity,20.343307,85.818214,Assault on Woman,5,Evening,Weekday,Good,Medium,638,Community,84
INC06407,Old Town,20.235998,85.832008,Stalking,4,Night,Weekend,Poor,High,760,Community,98
INC06408,Saheed Nagar,20.295192,85.840163,Assault on Woman,5,Afternoon,Weekend,Good,Medium,269,Community,78
INC06409,Rasulgarh,20.291202,85.873537,Harassment,3,Evening,Weekend,Moderate,Low,1421,Community,66
INC06410,Mancheswar,20.323163,85.865211,Stalking,4,Evening,Weekday,Moderate,Low,842,Community,81
INC06411,Dumduma,20.265128,85.794952,Stalking,4,Evening,Weekend,Moderate,High,880,Police,76
INC06412,Dumduma,20.266943,85.793272,Stalking,4,Afternoon,Weekday,Poor,Low,148,Community,80
INC06413,Infocity,20.345801,85.813832,Assault on Woman,5,Night,Weekend,Moderate,Medium,109,Community,95
INC06414,Pokhariput,20.255469,85.806907,Harassment,3,Evening,Weekend,Poor,Medium,1191,Community,70
INC06415,Acharya Vihar,20.299685,85.83772,Snatching,3,Night,Weekday,Moderate,Medium,133,Community,72
INC06416,Lingaraj,20.245987,85.83658,Harassment,3,Morning,Weekday,Poor,Low,1361,Community,66
INC06417,Chandrasekharpur,20.333243,85.822251,Assault on Woman,5,Morning,Weekday,Poor,Low,223,Police,100
INC06418,Acharya Vihar,20.301412,85.834587,Harassment,3,Night,Weekday,Good,Medium,623,Police,55
INC06419,Mancheswar,20.32186,85.861716,Eve-teasing,2,Morning,Weekday,Good,Low,390,Police,27
INC06420,Chandrasekharpur,20.334727,85.820931,Stalking,4,Night,Weekday,Moderate,Medium,556,Police,89
INC06421,Master Canteen,20.271918,85.843443,Harassment,3,Morning,Weekday,Poor,Medium,600,Community,66
INC06422,Rasulgarh,20.2896,85.872784,Sexual Harassment,5,Evening,Weekend,Good,Medium,1314,Police,84
INC06423,Rasulgarh,20.292511,85.870691,Assault on Woman,5,Afternoon,Weekday,Moderate,High,1127,Police,89
INC06424,Acharya Vihar,20.302264,85.832162,Harassment,3,Afternoon,Weekend,Good,Medium,1395,Police,50
INC06425,Patia,20.357968,85.821816,Assault on Woman,5,Night,Weekend,Good,High,1470,Community,88
INC06426,Chandrasekharpur,20.332532,85.819211,Harassment,3,Morning,Weekend,Moderate,Medium,1393,Community,60
INC06427,Old Town,20.23913,85.83509,Sexual Harassment,5,Evening,Weekday,Good,Medium,799,Community,85
INC06428,Old Town,20.239749,85.836342,Harassment,3,Evening,Weekday,Good,High,1496,Police,55
INC06429,Mancheswar,20.320429,85.862439,Harassment,3,Night,Weekend,Moderate,Low,1336,Community,66
INC06430,Rasulgarh,20.292658,85.871363,Harassment,3,Night,Weekday,Poor,Medium,1460,Community,75
INC06431,Chandrasekharpur,20.332167,85.821032,Harassment,3,Night,Weekday,Moderate,High,893,Community,74
INC06432,Rasulgarh,20.291353,85.872589,Suspicious Activity,2,Evening,Weekday,Poor,Low,1278,Community,63
INC06433,Baramunda,20.271425,85.80329,Stalking,4,Night,Weekend,Moderate,Medium,396,Community,87
INC06434,CRP Square,20.314476,85.820079,Harassment,3,Evening,Weekend,Good,Medium,1219,Police,55
INC06435,Jaydev Vihar,20.303258,85.822528,Stalking,4,Evening,Weekend,Moderate,Medium,1318,Community,73
INC06436,Saheed Nagar,20.295597,85.84418,Sexual Harassment,5,Afternoon,Weekday,Poor,High,1145,Community,93
INC06437,Lingaraj,20.243631,85.831809,Kidnapping Attempt,5,Night,Weekend,Poor,Low,1280,Police,100
INC06438,Rasulgarh,20.289109,85.872079,Eve-teasing,2,Night,Weekend,Moderate,Medium,147,Police,53
INC06439,Acharya Vihar,20.298903,85.834331,Stalking,4,Night,Weekend,Moderate,Low,1488,Police,80
INC06440,Rasulgarh,20.29287,85.872793,Snatching,3,Evening,Weekday,Good,High,650,Community,58
INC06441,Nayapalli,20.298644,85.802583,Harassment,3,Evening,Weekend,Moderate,High,1378,Police,66
INC06442,Acharya Vihar,20.302232,85.83286,Stalking,4,Afternoon,Weekday,Poor,Medium,366,Police,80
INC06443,Nayapalli,20.29347,85.807056,Suspicious Activity,2,Night,Weekend,Good,Medium,479,Community,47
INC06444,Jaydev Vihar,20.301245,85.817576,Snatching,3,Night,Weekend,Poor,Medium,1107,Police,81
INC06445,Infocity,20.342779,85.817088,Assault on Woman,5,Evening,Weekday,Good,Low,910,Community,81
INC06446,Pokhariput,20.255069,85.806406,Snatching,3,Night,Weekday,Poor,Medium,1352,Community,82
INC06447,Kalpana Square,20.261151,85.842138,Sexual Harassment,5,Evening,Weekday,Good,Low,121,Community,86
INC06448,Saheed Nagar,20.294955,85.842173,Harassment,3,Night,Weekday,Poor,High,405,Community,85
INC06449,Mancheswar,20.324088,85.864743,Sexual Harassment,5,Afternoon,Weekday,Poor,Medium,1220,Community,97
INC06450,Nayapalli,20.295263,85.805941,Harassment,3,Evening,Weekday,Poor,Low,1132,Police,78
INC06451,Kalpana Square,20.257404,85.840707,Harassment,3,Afternoon,Weekday,Good,Low,1193,Community,48
INC06452,Kalpana Square,20.259354,85.845623,Assault on Woman,5,Evening,Weekday,Moderate,Low,386,Community,91
INC06453,Dumduma,20.26684,85.792827,Kidnapping Attempt,5,Evening,Weekend,Good,Medium,749,Community,83
INC06454,Infocity,20.34594,85.815647,Snatching,3,Morning,Weekend,Moderate,High,733,Community,51
INC06455,Saheed Nagar,20.29453,85.840209,Stalking,4,Morning,Weekday,Poor,Low,1209,Police,78
INC06456,Rasulgarh,20.292328,85.87116,Harassment,3,Night,Weekend,Poor,Low,717,Police,76
INC06457,Lingaraj,20.240067,85.83135,Suspicious Activity,2,Evening,Weekday,Moderate,Medium,879,Community,48
INC06458,Kalpana Square,20.258747,85.844463,Suspicious Activity,2,Night,Weekend,Moderate,Medium,168,Police,50
INC06459,Pokhariput,20.256464,85.805284,Sexual Harassment,5,Night,Weekend,Moderate,Low,375,Community,97
INC06460,Jaydev Vihar,20.30276,85.822362,Assault on Woman,5,Evening,Weekend,Good,Low,985,Police,82
INC06461,Acharya Vihar,20.300149,85.833478,Snatching,3,Afternoon,Weekday,Poor,Medium,714,Community,65
INC06462,Rasulgarh,20.290296,85.871486,Harassment,3,Night,Weekday,Good,Medium,1230,Community,58
INC06463,Dumduma,20.263384,85.792517,Stalking,4,Night,Weekday,Poor,Medium,1355,Community,92
INC06464,Baramunda,20.269737,85.804115,Assault on Woman,5,Evening,Weekday,Moderate,Medium,1006,Community,98
INC06465,Saheed Nagar,20.298275,85.84071,Harassment,3,Evening,Weekday,Poor,Low,312,Community,74
INC06466,Kalpana Square,20.258711,85.844244,Harassment,3,Afternoon,Weekend,Good,Medium,475,Police,42
INC06467,Old Town,20.237918,85.834597,Stalking,4,Evening,Weekday,Poor,Medium,237,Community,87
INC06468,Saheed Nagar,20.296185,85.84353,Snatching,3,Afternoon,Weekend,Moderate,Low,161,Police,54
INC06469,CRP Square,20.317719,85.823441,Harassment,3,Evening,Weekend,Moderate,Medium,254,Community,68
INC06470,Nayapalli,20.29898,85.805703,Assault on Woman,5,Morning,Weekday,Good,Medium,1030,Community,74
INC06471,Dumduma,20.265976,85.791854,Harassment,3,Evening,Weekday,Poor,Medium,605,Police,70
INC06472,Acharya Vihar,20.299775,85.835522,Harassment,3,Evening,Weekend,Poor,High,1031,Community,76
INC06473,Khandagiri,20.260217,85.782873,Stalking,4,Afternoon,Weekday,Moderate,Low,1365,Community,69
INC06474,Vani Vihar,20.297856,85.839997,Harassment,3,Night,Weekend,Moderate,High,122,Community,69
INC06475,KIIT Square,20.355164,85.820558,Harassment,3,Night,Weekday,Moderate,Medium,584,Police,65
INC06476,Mancheswar,20.319775,85.865898,Stalking,4,Night,Weekend,Moderate,High,900,Police,80
INC06477,Kalpana Square,20.260262,85.840966,Harassment,3,Morning,Weekday,Poor,Low,1242,Community,66
INC06478,Chandrasekharpur,20.33241,85.822522,Harassment,3,Evening,Weekend,Good,Low,713,Community,55
INC06479,Pokhariput,20.257895,85.805336,Kidnapping Attempt,5,Night,Weekday,Poor,Low,950,Police,100
INC06480,Khandagiri,20.259539,85.77935,Harassment,3,Night,Weekday,Moderate,High,1032,Police,69
INC06481,CRP Square,20.317859,85.823599,Assault on Woman,5,Afternoon,Weekend,Moderate,Medium,427,Community,87
INC06482,Dumduma,20.262637,85.795161,Sexual Harassment,5,Evening,Weekend,Good,Medium,116,Police,87
INC06483,Saheed Nagar,20.299109,85.840847,Harassment,3,Evening,Weekend,Poor,High,1237,Police,75
INC06484,Saheed Nagar,20.294015,85.842071,Snatching,3,Evening,Weekday,Good,Medium,706,Community,56
INC06485,Jaydev Vihar,20.30396,85.817391,Harassment,3,Night,Weekday,Good,Low,172,Community,57
INC06486,Mancheswar,20.320287,85.862541,Harassment,3,Night,Weekday,Moderate,Low,1394,Community,68
INC06487,Lingaraj,20.243256,85.833143,Stalking,4,Evening,Weekend,Good,High,166,Community,69
INC06488,Dumduma,20.264021,85.795816,Harassment,3,Afternoon,Weekend,Good,Medium,302,Community,47
INC06489,Khandagiri,20.258499,85.783244,Stalking,4,Night,Weekday,Poor,Medium,876,Community,98
INC06490,Dumduma,20.263679,85.796964,Harassment,3,Night,Weekday,Poor,Medium,1066,Community,82
INC06491,KIIT Square,20.351874,85.816082,Assault on Woman,5,Night,Weekday,Moderate,High,996,Community,97
INC06492,Kalpana Square,20.261033,85.844321,Assault on Woman,5,Afternoon,Weekday,Moderate,High,1467,Community,80
INC06493,Old Town,20.237254,85.831784,Sexual Harassment,5,Afternoon,Weekday,Moderate,Low,286,Police,90
INC06494,Pokhariput,20.25581,85.805061,Eve-teasing,2,Afternoon,Weekend,Poor,High,347,Police,55
INC06495,Mancheswar,20.322867,85.866526,Eve-teasing,2,Night,Weekday,Poor,High,778,Community,68
INC06496,Acharya Vihar,20.300896,85.832553,Harassment,3,Evening,Weekend,Moderate,High,1419,Community,67
INC06497,Infocity,20.346547,85.813926,Harassment,3,Night,Weekend,Moderate,Low,709,Police,70
INC06498,Rasulgarh,20.291022,85.868324,Harassment,3,Evening,Weekend,Good,Low,1164,Community,54
INC06499,Pokhariput,20.254169,85.802166,Stalking,4,Night,Weekend,Poor,High,114,Police,93
INC06500,Patia,20.354632,85.817101,Stalking,4,Evening,Weekday,Moderate,Low,1166,Police,78
INC06501,Chandrasekharpur,20.331835,85.821797,Stalking,4,Evening,Weekend,Good,High,480,Community,73
INC06502,Kalpana Square,20.260236,85.841633,Stalking,4,Morning,Weekend,Moderate,High,709,Community,75
INC06503,Lingaraj,20.243782,85.835229,Snatching,3,Evening,Weekend,Poor,Medium,126,Community,76
INC06504,Master Canteen,20.271235,85.840559,Sexual Harassment,5,Evening,Weekday,Moderate,Low,491,Community,94
INC06505,Master Canteen,20.266875,85.843416,Eve-teasing,2,Night,Weekday,Good,Low,1474,Community,45
INC06506,Patia,20.354183,85.817545,Sexual Harassment,5,Night,Weekday,Poor,High,221,Community,100
INC06507,Baramunda,20.268436,85.801619,Assault on Woman,5,Night,Weekend,Poor,Medium,1171,Community,100
INC06508,KIIT Square,20.350157,85.817729,Suspicious Activity,2,Morning,Weekday,Poor,Medium,788,Police,47
INC06509,Infocity,20.341054,85.815457,Stalking,4,Evening,Weekday,Moderate,Medium,1147,Community,76
INC06510,Infocity,20.345138,85.818938,Stalking,4,Night,Weekday,Moderate,Low,656,Community,86
INC06511,Saheed Nagar,20.297083,85.841718,Stalking,4,Night,Weekend,Moderate,Low,991,Community,82
INC06512,Jaydev Vihar,20.302969,85.817674,Assault on Woman,5,Night,Weekend,Poor,High,334,Police,100
INC06513,Acharya Vihar,20.301047,85.835056,Sexual Harassment,5,Afternoon,Weekend,Poor,Medium,1317,Community,91
INC06514,Master Canteen,20.266526,85.842456,Snatching,3,Night,Weekend,Good,Medium,638,Police,55
INC06515,Mancheswar,20.319908,85.864965,Assault on Woman,5,Afternoon,Weekday,Poor,Low,401,Community,100
INC06516,Vani Vihar,20.298837,85.839027,Stalking,4,Night,Weekend,Good,Low,1094,Community,70
INC06517,CRP Square,20.315229,85.824542,Kidnapping Attempt,5,Evening,Weekend,Moderate,Medium,866,Community,94
INC06518,Patia,20.355844,85.820829,Harassment,3,Afternoon,Weekday,Moderate,Low,275,Community,58
INC06519,Vani Vihar,20.298045,85.843912,Eve-teasing,2,Evening,Weekday,Good,Medium,1380,Community,39
INC06520,Chandrasekharpur,20.334898,85.823003,Harassment,3,Night,Weekday,Moderate,High,1402,Community,73
INC06521,CRP Square,20.312955,85.823997,Harassment,3,Afternoon,Weekend,Moderate,High,871,Community,53
INC06522,Khandagiri,20.257194,85.78117,Stalking,4,Night,Weekday,Poor,High,721,Community,91
INC06523,CRP Square,20.315042,85.824077,Stalking,4,Night,Weekday,Poor,Medium,855,Community,97
INC06524,Acharya Vihar,20.302305,85.832313,Stalking,4,Night,Weekend,Good,Medium,1048,Community,75
INC06525,Vani Vihar,20.295233,85.841847,Assault on Woman,5,Night,Weekday,Poor,High,511,Community,100
INC06526,Pokhariput,20.252665,85.80288,Stalking,4,Evening,Weekend,Poor,Medium,517,Police,90
INC06527,Infocity,20.341978,85.813916,Harassment,3,Night,Weekend,Moderate,Low,774,Community,73
INC06528,Nayapalli,20.293973,85.805798,Stalking,4,Evening,Weekend,Good,High,996,Community,66
INC06529,Mancheswar,20.319798,85.861202,Snatching,3,Afternoon,Weekday,Poor,High,1353,Community,67
INC06530,Old Town,20.239388,85.835047,Snatching,3,Evening,Weekday,Moderate,Medium,117,Community,58
INC06531,Infocity,20.34302,85.818608,Stalking,4,Evening,Weekend,Good,Medium,159,Community,68
INC06532,Pokhariput,20.257103,85.805065,Harassment,3,Night,Weekend,Poor,Low,951,Community,75
INC06533,Kalpana Square,20.26299,85.842901,Suspicious Activity,2,Night,Weekend,Good,High,993,Community,48
INC06534,Saheed Nagar,20.299303,85.843626,Assault on Woman,5,Evening,Weekday,Good,Medium,579,Community,80
INC06535,Kalpana Square,20.262703,85.840081,Assault on Woman,5,Night,Weekday,Poor,Medium,1179,Community,100
INC06536,Lingaraj,20.24004,85.834961,Harassment,3,Evening,Weekend,Good,Medium,958,Community,48
INC06537,CRP Square,20.31396,85.820983,Harassment,3,Night,Weekend,Good,Medium,776,Community,56
INC06538,KIIT Square,20.350059,85.818962,Suspicious Activity,2,Evening,Weekend,Moderate,Medium,129,Community,44
INC06539,Dumduma,20.266445,85.791342,Assault on Woman,5,Evening,Weekend,Good,Medium,639,Community,80
INC06540,Old Town,20.240278,85.832212,Snatching,3,Afternoon,Weekday,Moderate,Medium,531,Community,51
INC06541,Baramunda,20.267044,85.802986,Harassment,3,Night,Weekday,Poor,High,133,Community,85
INC06542,Rasulgarh,20.293192,85.873362,Harassment,3,Night,Weekend,Good,High,1429,Community,62
INC06543,Baramunda,20.270927,85.80238,Stalking,4,Evening,Weekday,Poor,High,162,Police,90
INC06544,Pokhariput,20.25695,85.803883,Stalking,4,Evening,Weekday,Good,Low,694,Community,66
INC06545,Old Town,20.23776,85.832783,Snatching,3,Evening,Weekday,Poor,Medium,1139,Police,78
INC06546,Saheed Nagar,20.2997,85.843405,Harassment,3,Afternoon,Weekend,Good,Low,768,Community,40
INC06547,KIIT Square,20.355743,85.820576,Harassment,3,Morning,Weekend,Poor,Low,909,Community,70
INC06548,Pokhariput,20.257037,85.806883,Sexual Harassment,5,Evening,Weekend,Poor,Medium,581,Community,100
INC06549,Rasulgarh,20.288904,85.871901,Harassment,3,Night,Weekday,Poor,High,1002,Police,77
INC06550,Lingaraj,20.243653,85.836658,Suspicious Activity,2,Evening,Weekday,Moderate,Medium,366,Community,47
INC06551,Patia,20.355035,85.816988,Assault on Woman,5,Night,Weekday,Good,High,585,Community,89
INC06552,Mancheswar,20.322452,85.863112,Sexual Harassment,5,Evening,Weekend,Poor,Medium,833,Community,100
INC06553,Vani Vihar,20.299665,85.842956,Eve-teasing,2,Night,Weekday,Moderate,High,177,Community,59
INC06554,Pokhariput,20.253042,85.802,Harassment,3,Afternoon,Weekday,Good,High,361,Community,43
INC06555,KIIT Square,20.353879,85.816736,Suspicious Activity,2,Night,Weekday,Moderate,Medium,488,Community,52
INC06556,Patia,20.357325,85.819442,Assault on Woman,5,Afternoon,Weekday,Good,Low,828,Community,70
INC06557,Nayapalli,20.296564,85.802503,Stalking,4,Night,Weekend,Good,Low,556,Police,71
INC06558,Rasulgarh,20.288989,85.869386,Assault on Woman,5,Night,Weekend,Good,High,821,Community,87
INC06559,Kalpana Square,20.25721,85.84352,Harassment,3,Night,Weekend,Moderate,High,1399,Community,67
INC06560,Rasulgarh,20.292724,85.870915,Assault on Woman,5,Night,Weekday,Moderate,High,1284,Community,97
INC06561,Rasulgarh,20.289475,85.870358,Eve-teasing,2,Night,Weekday,Good,Medium,243,Police,40
INC06562,Rasulgarh,20.290666,85.872193,Assault on Woman,5,Evening,Weekday,Poor,Medium,513,Police,100
INC06563,Dumduma,20.262534,85.796767,Kidnapping Attempt,5,Afternoon,Weekend,Poor,High,1199,Community,98
INC06564,Kalpana Square,20.26001,85.841098,Snatching,3,Evening,Weekday,Moderate,High,204,Community,62
INC06565,Lingaraj,20.243325,85.836092,Harassment,3,Evening,Weekend,Good,Low,820,Community,54
INC06566,Pokhariput,20.256965,85.80213,Kidnapping Attempt,5,Night,Weekday,Poor,Medium,130,Community,100
INC06567,Pokhariput,20.255304,85.804101,Sexual Harassment,5,Afternoon,Weekday,Good,Low,1365,Community,72
INC06568,Kalpana Square,20.261165,85.845432,Assault on Woman,5,Evening,Weekday,Good,Medium,517,Community,84
INC06569,Jaydev Vihar,20.299723,85.821624,Harassment,3,Night,Weekend,Moderate,Medium,847,Community,75
INC06570,Jaydev Vihar,20.303357,85.819028,Sexual Harassment,5,Evening,Weekend,Good,Medium,1044,Community,86
INC06571,Master Canteen,20.270093,85.840803,Kidnapping Attempt,5,Night,Weekday,Moderate,High,669,Community,100
INC06572,Nayapalli,20.293336,85.806238,Harassment,3,Afternoon,Weekend,Good,Low,105,Community,47
INC06573,Patia,20.352481,85.817441,Assault on Woman,5,Morning,Weekday,Moderate,Medium,1406,Community,87
INC06574,Chandrasekharpur,20.334655,85.821052,Harassment,3,Night,Weekend,Good,High,830,Community,63
INC06575,Mancheswar,20.322763,85.864059,Assault on Woman,5,Morning,Weekend,Poor,Medium,302,Community,94
INC06576,Lingaraj,20.244984,85.832573,Snatching,3,Night,Weekend,Good,Low,457,Police,64
INC06577,KIIT Square,20.353721,85.816498,Stalking,4,Evening,Weekend,Poor,High,424,Police,92
INC06578,Jaydev Vihar,20.30135,85.819583,Snatching,3,Evening,Weekend,Good,Low,1450,Community,55
INC06579,Kalpana Square,20.259472,85.842225,Snatching,3,Afternoon,Weekend,Poor,Medium,1021,Community,70
INC06580,Nayapalli,20.295668,85.802659,Assault on Woman,5,Night,Weekday,Good,Medium,1085,Community,89
INC06581,Dumduma,20.261108,85.793601,Snatching,3,Afternoon,Weekend,Moderate,Low,635,Police,52
INC06582,Master Canteen,20.266985,85.840312,Snatching,3,Evening,Weekend,Good,High,1446,Police,51
INC06583,Baramunda,20.271152,85.8018,Harassment,3,Night,Weekend,Moderate,High,1477,Community,65
INC06584,Baramunda,20.270523,85.806329,Assault on Woman,5,Night,Weekday,Moderate,Low,670,Community,98
INC06585,Khandagiri,20.260025,85.779451,Stalking,4,Afternoon,Weekday,Poor,High,1452,Community,79
INC06586,Infocity,20.344124,85.815056,Sexual Harassment,5,Night,Weekday,Poor,Medium,340,Community,100
INC06587,Pokhariput,20.254072,85.80134,Kidnapping Attempt,5,Night,Weekend,Moderate,Medium,1304,Community,95
INC06588,Infocity,20.342507,85.817655,Harassment,3,Evening,Weekday,Moderate,Low,1446,Police,66
INC06589,Baramunda,20.267914,85.802481,Assault on Woman,5,Night,Weekend,Poor,Low,1006,Community,100
INC06590,CRP Square,20.315894,85.82065,Assault on Woman,5,Night,Weekend,Moderate,High,910,Police,96
INC06591,KIIT Square,20.355224,85.816875,Harassment,3,Afternoon,Weekday,Good,Low,1439,Community,42
INC06592,Chandrasekharpur,20.329216,85.818976,Stalking,4,Evening,Weekday,Moderate,High,149,Community,80
INC06593,CRP Square,20.312228,85.823033,Harassment,3,Afternoon,Weekend,Good,Medium,170,Community,49
INC06594,Saheed Nagar,20.295908,85.838903,Eve-teasing,2,Night,Weekend,Moderate,Low,1103,Community,58
INC06595,Acharya Vihar,20.300915,85.834413,Stalking,4,Night,Weekend,Moderate,High,1237,Community,86
INC06596,Lingaraj,20.242028,85.831107,Assault on Woman,5,Night,Weekend,Moderate,Medium,949,Police,97
INC06597,Rasulgarh,20.29221,85.87179,Stalking,4,Night,Weekend,Poor,Medium,1244,Community,91
INC06598,Infocity,20.341442,85.817171,Sexual Harassment,5,Night,Weekday,Moderate,Medium,691,Community,96
INC06599,Rasulgarh,20.287853,85.868848,Kidnapping Attempt,5,Night,Weekday,Poor,Medium,685,Community,100
INC06600,Mancheswar,20.322401,85.861117,Snatching,3,Night,Weekday,Moderate,Low,137,Community,68
INC06601,CRP Square,20.312694,85.819426,Assault on Woman,5,Evening,Weekend,Poor,High,1047,Community,98
INC06602,Khandagiri,20.254536,85.780059,Harassment,3,Morning,Weekday,Poor,Medium,971,Police,70
INC06603,Baramunda,20.269299,85.805446,Eve-teasing,2,Evening,Weekend,Good,High,1242,Community,38
INC06604,Khandagiri,20.257845,85.783968,Harassment,3,Evening,Weekday,Moderate,High,694,Police,61
INC06605,Nayapalli,20.294086,85.803472,Assault on Woman,5,Night,Weekday,Moderate,Medium,1041,Community,100
INC06606,Lingaraj,20.242972,85.834706,Sexual Harassment,5,Evening,Weekday,Good,Low,527,Community,79
INC06607,Patia,20.352746,85.818391,Stalking,4,Evening,Weekday,Poor,Low,157,Community,89
INC06608,Khandagiri,20.256077,85.781374,Harassment,3,Evening,Weekday,Poor,Medium,221,Community,71
INC06609,Pokhariput,20.252641,85.804601,Harassment,3,Morning,Weekday,Moderate,High,1334,Police,59
INC06610,Chandrasekharpur,20.332329,85.823282,Snatching,3,Evening,Weekday,Poor,Low,1333,Community,77
INC06611,Vani Vihar,20.297847,85.84303,Assault on Woman,5,Night,Weekday,Good,Medium,122,Community,91
INC06612,Patia,20.352313,85.821876,Assault on Woman,5,Evening,Weekday,Good,Low,402,Community,81
INC06613,Acharya Vihar,20.298271,85.833901,Harassment,3,Night,Weekend,Poor,Medium,176,Community,77
INC06614,Patia,20.357796,85.82162,Snatching,3,Evening,Weekend,Moderate,High,938,Community,63
INC06615,CRP Square,20.317655,85.823624,Stalking,4,Evening,Weekend,Poor,Medium,351,Community,83
INC06616,Dumduma,20.263979,85.791009,Harassment,3,Morning,Weekend,Poor,High,1364,Community,68
INC06617,Old Town,20.238008,85.835637,Stalking,4,Night,Weekend,Poor,Medium,1408,Community,91
INC06618,Old Town,20.236306,85.831461,Harassment,3,Night,Weekday,Good,High,519,Police,63
INC06619,Infocity,20.342227,85.815119,Stalking,4,Night,Weekday,Good,Medium,1191,Community,80
INC06620,Baramunda,20.268925,85.806351,Snatching,3,Afternoon,Weekend,Good,Medium,240,Community,41
INC06621,Dumduma,20.266299,85.796182,Stalking,4,Evening,Weekend,Good,Low,505,Community,68
INC06622,Mancheswar,20.319705,85.865203,Assault on Woman,5,Evening,Weekend,Poor,Low,1420,Police,100
INC06623,Kalpana Square,20.260559,85.84454,Sexual Harassment,5,Evening,Weekday,Good,Low,771,Community,87
INC06624,Khandagiri,20.258584,85.783063,Snatching,3,Morning,Weekday,Poor,Low,740,Police,68
INC06625,Dumduma,20.262415,85.792118,Snatching,3,Night,Weekend,Moderate,Low,1116,Police,68
INC06626,Acharya Vihar,20.299129,85.832453,Stalking,4,Night,Weekday,Moderate,Low,783,Community,83
INC06627,Chandrasekharpur,20.331611,85.821232,Eve-teasing,2,Evening,Weekday,Moderate,High,187,Community,50
INC06628,Nayapalli,20.293458,85.8031,Assault on Woman,5,Night,Weekend,Moderate,Low,146,Community,99
INC06629,Infocity,20.344059,85.813891,Sexual Harassment,5,Night,Weekend,Poor,High,794,Community,100
INC06630,Nayapalli,20.294254,85.807078,Kidnapping Attempt,5,Evening,Weekend,Good,Medium,916,Community,83
INC06631,KIIT Square,20.353984,85.815945,Harassment,3,Night,Weekday,Poor,Medium,324,Community,85
INC06632,Nayapalli,20.296429,85.804164,Harassment,3,Evening,Weekday,Moderate,Medium,349,Community,60
INC06633,CRP Square,20.314612,85.821915,Harassment,3,Evening,Weekday,Poor,Medium,516,Community,74
INC06634,KIIT Square,20.355366,85.816099,Harassment,3,Night,Weekday,Poor,Medium,1210,Police,76
INC06635,Pokhariput,20.255278,85.804204,Stalking,4,Night,Weekday,Moderate,Medium,1211,Police,84
INC06636,Mancheswar,20.324101,85.862008,Harassment,3,Night,Weekday,Poor,Medium,412,Community,82
INC06637,Chandrasekharpur,20.329133,85.818939,Eve-teasing,2,Night,Weekend,Poor,Medium,603,Police,65
INC06638,KIIT Square,20.352193,85.816397,Suspicious Activity,2,Night,Weekend,Good,Low,296,Community,50
INC06639,Pokhariput,20.255986,85.80592,Snatching,3,Evening,Weekend,Good,Low,568,Community,49
INC06640,Old Town,20.236917,85.831127,Assault on Woman,5,Night,Weekend,Poor,Low,242,Police,100
INC06641,Nayapalli,20.298359,85.805383,Harassment,3,Night,Weekend,Good,Low,441,Police,55
INC06642,Infocity,20.345107,85.818159,Stalking,4,Morning,Weekend,Poor,Medium,1332,Police,82
INC06643,Patia,20.353894,85.820339,Suspicious Activity,2,Morning,Weekday,Poor,Medium,387,Community,45
INC06644,Master Canteen,20.267998,85.838466,Sexual Harassment,5,Night,Weekday,Poor,Medium,176,Police,100
INC06645,Mancheswar,20.320326,85.866285,Sexual Harassment,5,Night,Weekday,Moderate,Medium,1050,Police,100
INC06646,Kalpana Square,20.261364,85.842958,Stalking,4,Evening,Weekday,Moderate,Medium,1282,Police,81
INC06647,Infocity,20.341958,85.818076,Snatching,3,Evening,Weekend,Poor,High,275,Community,77
INC06648,Patia,20.357818,85.820601,Harassment,3,Night,Weekday,Good,High,1345,Police,56
INC06649,CRP Square,20.31357,85.823952,Harassment,3,Night,Weekday,Moderate,Medium,560,Community,65
INC06650,Master Canteen,20.267452,85.839463,Assault on Woman,5,Evening,Weekend,Poor,Low,307,Community,100
INC06651,Khandagiri,20.256186,85.78204,Stalking,4,Evening,Weekend,Good,Medium,368,Police,70
INC06652,Dumduma,20.265914,85.791357,Kidnapping Attempt,5,Afternoon,Weekday,Good,Low,1318,Community,80
INC06653,Patia,20.356968,85.821123,Harassment,3,Afternoon,Weekday,Good,Medium,1144,Community,42
INC06654,Saheed Nagar,20.29661,85.840101,Harassment,3,Night,Weekday,Poor,Low,557,Community,81
INC06655,KIIT Square,20.350933,85.815713,Harassment,3,Evening,Weekend,Good,Medium,188,Community,53
INC06656,Infocity,20.346279,85.817535,Harassment,3,Evening,Weekend,Moderate,High,708,Community,68
INC06657,Baramunda,20.269989,85.803949,Assault on Woman,5,Evening,Weekend,Good,Medium,457,Community,83
INC06658,Jaydev Vihar,20.299536,85.822739,Stalking,4,Afternoon,Weekend,Moderate,High,830,Police,70
INC06659,Chandrasekharpur,20.333377,85.819505,Snatching,3,Afternoon,Weekday,Moderate,Medium,716,Police,57
INC06660,Vani Vihar,20.294336,85.842689,Harassment,3,Evening,Weekend,Poor,Medium,1451,Community,76
INC06661,KIIT Square,20.35263,85.818677,Suspicious Activity,2,Night,Weekday,Moderate,High,951,Community,50
INC06662,KIIT Square,20.350689,85.817218,Kidnapping Attempt,5,Night,Weekday,Moderate,Low,480,Community,100
INC06663,Old Town,20.240545,85.834755,Assault on Woman,5,Night,Weekend,Moderate,Low,159,Community,100
INC06664,Master Canteen,20.271373,85.841464,Assault on Woman,5,Night,Weekend,Poor,Medium,1375,Community,100
INC06665,Old Town,20.239085,85.835001,Kidnapping Attempt,5,Night,Weekday,Good,Low,1124,Community,89
INC06666,Acharya Vihar,20.297008,85.833152,Harassment,3,Night,Weekend,Moderate,High,946,Community,66
INC06667,Nayapalli,20.294452,85.803466,Harassment,3,Night,Weekday,Good,High,1405,Police,59
INC06668,CRP Square,20.316311,85.820968,Assault on Woman,5,Evening,Weekend,Good,Low,244,Community,82
INC06669,Kalpana Square,20.257153,85.844294,Harassment,3,Afternoon,Weekday,Good,High,526,Community,43
INC06670,Rasulgarh,20.292616,85.872436,Assault on Woman,5,Night,Weekday,Moderate,Medium,207,Community,98
INC06671,Infocity,20.345034,85.817306,Stalking,4,Evening,Weekend,Poor,Medium,587,Community,89
INC06672,Pokhariput,20.253406,85.801157,Harassment,3,Morning,Weekday,Moderate,High,215,Community,60
INC06673,Dumduma,20.264484,85.795564,Stalking,4,Afternoon,Weekend,Good,Low,115,Police,59
INC06674,Old Town,20.236996,85.835546,Stalking,4,Evening,Weekday,Moderate,Low,420,Community,82
INC06675,Pokhariput,20.252978,85.806256,Suspicious Activity,2,Morning,Weekend,Poor,Low,1254,Police,52
INC06676,Patia,20.35716,85.819656,Harassment,3,Night,Weekend,Moderate,Low,336,Community,70
INC06677,CRP Square,20.317727,85.822366,Assault on Woman,5,Night,Weekend,Moderate,High,1022,Community,99
INC06678,Baramunda,20.272029,85.80316,Harassment,3,Afternoon,Weekday,Poor,Low,1085,Police,65
INC06679,Baramunda,20.267448,85.801873,Kidnapping Attempt,5,Evening,Weekend,Poor,Medium,128,Police,100
INC06680,Old Town,20.239005,85.832901,Assault on Woman,5,Night,Weekend,Moderate,Medium,171,Police,96
INC06681,Mancheswar,20.319646,85.862588,Harassment,3,Night,Weekend,Moderate,Medium,213,Police,69
INC06682,Kalpana Square,20.258679,85.841266,Harassment,3,Evening,Weekday,Moderate,High,461,Community,59
INC06683,Mancheswar,20.320113,85.864493,Harassment,3,Evening,Weekend,Good,Medium,1440,Police,48
INC06684,Chandrasekharpur,20.33396,85.82164,Harassment,3,Night,Weekend,Poor,Medium,477,Police,77
INC06685,Kalpana Square,20.260318,85.844673,Harassment,3,Evening,Weekend,Good,Low,1208,Police,55
INC06686,Acharya Vihar,20.297721,85.83397,Harassment,3,Afternoon,Weekend,Good,Medium,544,Community,47
INC06687,CRP Square,20.313748,85.824329,Harassment,3,Evening,Weekend,Poor,Low,1196,Community,76
INC06688,Baramunda,20.269411,85.804831,Harassment,3,Evening,Weekday,Poor,Medium,317,Community,71
INC06689,CRP Square,20.317247,85.820886,Snatching,3,Evening,Weekend,Moderate,High,1141,Community,64
INC06690,Chandrasekharpur,20.331417,85.820925,Assault on Woman,5,Night,Weekend,Poor,Medium,916,Police,100
INC06691,Baramunda,20.270672,85.805976,Harassment,3,Morning,Weekday,Moderate,High,348,Community,58
INC06692,Chandrasekharpur,20.334674,85.820939,Kidnapping Attempt,5,Evening,Weekday,Good,Low,1214,Community,85
INC06693,CRP Square,20.312296,85.819814,Harassment,3,Night,Weekend,Moderate,High,195,Community,68
INC06694,KIIT Square,20.352497,85.816365,Assault on Woman,5,Afternoon,Weekend,Good,Medium,233,Police,77
INC06695,Chandrasekharpur,20.332939,85.820975,Assault on Woman,5,Evening,Weekend,Poor,High,924,Community,98
INC06696,Khandagiri,20.259743,85.784678,Assault on Woman,5,Night,Weekend,Poor,Medium,687,Police,100
INC06697,Jaydev Vihar,20.298349,85.818635,Harassment,3,Evening,Weekend,Moderate,Medium,825,Community,64
INC06698,Nayapalli,20.295501,85.807307,Harassment,3,Evening,Weekday,Moderate,Low,1010,Police,61
INC06699,Nayapalli,20.294896,85.803619,Stalking,4,Night,Weekend,Poor,Low,473,Community,92
INC06700,Pokhariput,20.255317,85.804104,Eve-teasing,2,Morning,Weekend,Poor,High,767,Police,53
INC06701,Kalpana Square,20.260539,85.845512,Snatching,3,Morning,Weekday,Good,Medium,871,Community,48
INC06702,Kalpana Square,20.258418,85.841059,Kidnapping Attempt,5,Evening,Weekend,Good,Medium,1186,Police,88
INC06703,Patia,20.354091,85.818595,Kidnapping Attempt,5,Night,Weekday,Moderate,Medium,460,Community,100
INC06704,Dumduma,20.261391,85.792542,Harassment,3,Night,Weekend,Good,Low,1127,Community,57
INC06705,Chandrasekharpur,20.333699,85.820806,Stalking,4,Night,Weekday,Good,Low,357,Community,77
INC06706,Rasulgarh,20.288404,85.868198,Kidnapping Attempt,5,Evening,Weekend,Good,Medium,1354,Police,84
INC06707,Jaydev Vihar,20.302006,85.819818,Assault on Woman,5,Afternoon,Weekday,Poor,Medium,445,Police,93
INC06708,Old Town,20.236914,85.8341,Harassment,3,Afternoon,Weekend,Moderate,Medium,1243,Community,60
INC06709,Lingaraj,20.24173,85.836825,Harassment,3,Evening,Weekend,Poor,Medium,353,Community,73
INC06710,Chandrasekharpur,20.332651,85.822516,Harassment,3,Morning,Weekday,Poor,Medium,762,Police,61
INC06711,Baramunda,20.271755,85.802923,Harassment,3,Evening,Weekday,Moderate,Medium,1313,Community,61
INC06712,Nayapalli,20.295687,85.804596,Stalking,4,Night,Weekday,Moderate,Medium,655,Community,84
INC06713,Dumduma,20.262621,85.793713,Snatching,3,Night,Weekday,Moderate,Low,415,Community,74
INC06714,CRP Square,20.316471,85.819441,Eve-teasing,2,Morning,Weekday,Good,Low,683,Police,29
INC06715,Dumduma,20.264251,85.796727,Stalking,4,Afternoon,Weekday,Good,Low,1175,Community,60
INC06716,Khandagiri,20.255468,85.779486,Suspicious Activity,2,Afternoon,Weekday,Good,High,291,Community,33
INC06717,Dumduma,20.26512,85.794928,Harassment,3,Evening,Weekday,Moderate,Low,752,Community,59
INC06718,Chandrasekharpur,20.333163,85.821459,Eve-teasing,2,Evening,Weekend,Moderate,High,1251,Community,50
INC06719,Jaydev Vihar,20.300521,85.820558,Stalking,4,Morning,Weekend,Moderate,High,868,Community,65
INC06720,Rasulgarh,20.290105,85.872113,Kidnapping Attempt,5,Evening,Weekend,Good,High,1349,Community,84
INC06721,Infocity,20.344843,85.818415,Suspicious Activity,2,Afternoon,Weekday,Good,High,880,Police,34
INC06722,Old Town,20.237044,85.831448,Stalking,4,Morning,Weekend,Moderate,Medium,354,Community,70
INC06723,Patia,20.355066,85.821362,Harassment,3,Evening,Weekend,Poor,Low,155,Community,73
INC06724,Kalpana Square,20.261463,85.843488,Harassment,3,Night,Weekend,Good,Low,1065,Police,61
INC06725,Lingaraj,20.24502,85.834566,Harassment,3,Afternoon,Weekend,Poor,Low,572,Community,68
INC06726,Mancheswar,20.321439,85.861362,Stalking,4,Afternoon,Weekend,Poor,Medium,1007,Community,81
INC06727,Saheed Nagar,20.298161,85.843593,Harassment,3,Evening,Weekend,Poor,Medium,957,Community,78
INC06728,Khandagiri,20.255797,85.780603,Harassment,3,Night,Weekend,Poor,High,592,Community,78
INC06729,Patia,20.354144,85.818855,Harassment,3,Evening,Weekday,Moderate,Medium,829,Community,67
INC06730,Lingaraj,20.240622,85.83473,Assault on Woman,5,Evening,Weekday,Poor,High,361,Community,100
INC06731,Lingaraj,20.243736,85.832686,Eve-teasing,2,Afternoon,Weekend,Good,High,404,Community,27
INC06732,CRP Square,20.312709,85.821096,Stalking,4,Afternoon,Weekday,Moderate,Medium,1404,Community,68
INC06733,Dumduma,20.262985,85.79263,Harassment,3,Morning,Weekend,Moderate,Medium,1340,Police,59
INC06734,KIIT Square,20.352913,85.818436,Harassment,3,Afternoon,Weekend,Poor,High,113,Community,67
INC06735,Acharya Vihar,20.302378,85.832803,Kidnapping Attempt,5,Evening,Weekend,Good,High,1245,Police,83
INC06736,Mancheswar,20.32482,85.861675,Stalking,4,Afternoon,Weekday,Good,High,106,Community,58
INC06737,Pokhariput,20.255677,85.806248,Harassment,3,Night,Weekend,Poor,Medium,232,Community,85
INC06738,CRP Square,20.316199,85.824171,Harassment,3,Afternoon,Weekday,Poor,High,1223,Community,64
INC06739,Chandrasekharpur,20.332173,85.822307,Assault on Woman,5,Night,Weekend,Moderate,High,944,Community,98
INC06740,KIIT Square,20.354844,85.820593,Stalking,4,Night,Weekday,Good,Medium,481,Community,75
INC06741,Acharya Vihar,20.300391,85.835046,Stalking,4,Afternoon,Weekend,Poor,Medium,343,Community,77
INC06742,Pokhariput,20.254807,85.803,Harassment,3,Evening,Weekday,Good,High,364,Community,51
INC06743,Old Town,20.240443,85.834996,Sexual Harassment,5,Evening,Weekend,Good,High,1398,Police,82
INC06744,Baramunda,20.272698,85.804162,Kidnapping Attempt,5,Night,Weekend,Poor,High,1111,Community,100
INC06745,Infocity,20.341326,85.817216,Harassment,3,Night,Weekday,Poor,Medium,1327,Community,83
INC06746,Pokhariput,20.255805,85.802739,Stalking,4,Evening,Weekday,Poor,Low,1065,Community,86
INC06747,Kalpana Square,20.260426,85.844429,Assault on Woman,5,Night,Weekday,Moderate,Medium,1107,Community,97
INC06748,Saheed Nagar,20.294781,85.838571,Suspicious Activity,2,Evening,Weekday,Poor,High,631,Police,61
INC06749,Rasulgarh,20.292387,85.872777,Suspicious Activity,2,Evening,Weekend,Poor,High,533,Community,56
INC06750,Mancheswar,20.323755,85.865172,Harassment,3,Night,Weekday,Good,High,503,Community,56
INC06751,Khandagiri,20.256888,85.783634,Harassment,3,Evening,Weekday,Moderate,Low,315,Police,61
INC06752,Infocity,20.346034,85.817434,Stalking,4,Morning,Weekday,Poor,Medium,1446,Community,76
INC06753,Dumduma,20.261122,85.794679,Kidnapping Attempt,5,Afternoon,Weekday,Poor,Medium,263,Community,100
INC06754,Infocity,20.344459,85.813673,Assault on Woman,5,Morning,Weekday,Good,Low,688,Community,75
INC06755,Infocity,20.3435,85.815518,Snatching,3,Afternoon,Weekend,Poor,Medium,137,Community,65
INC06756,Nayapalli,20.297958,85.802444,Stalking,4,Afternoon,Weekend,Good,Medium,476,Community,56
INC06757,Mancheswar,20.319805,85.865412,Harassment,3,Evening,Weekend,Poor,High,1348,Police,71
INC06758,CRP Square,20.313003,85.824012,Sexual Harassment,5,Afternoon,Weekday,Good,Medium,1316,Police,73
INC06759,Kalpana Square,20.262774,85.842663,Stalking,4,Night,Weekday,Poor,Low,507,Community,97
INC06760,Khandagiri,20.255903,85.780521,Suspicious Activity,2,Night,Weekend,Good,Low,438,Community,45
INC06761,Patia,20.353715,85.821737,Stalking,4,Night,Weekend,Poor,Medium,1028,Community,91
INC06762,Jaydev Vihar,20.300995,85.821243,Stalking,4,Night,Weekend,Good,High,369,Community,76
INC06763,Nayapalli,20.294551,85.803563,Stalking,4,Afternoon,Weekday,Good,Low,853,Community,58
INC06764,Khandagiri,20.255928,85.782306,Kidnapping Attempt,5,Afternoon,Weekend,Poor,High,733,Community,94
INC06765,Old Town,20.236202,85.834561,Stalking,4,Night,Weekend,Poor,Medium,1269,Community,90
INC06766,Vani Vihar,20.29954,85.844777,Harassment,3,Night,Weekday,Moderate,Medium,855,Community,72
INC06767,CRP Square,20.312913,85.820391,Snatching,3,Morning,Weekday,Poor,Medium,515,Police,64
INC06768,Pokhariput,20.25378,85.802968,Harassment,3,Night,Weekday,Good,Medium,1420,Police,64
INC06769,Pokhariput,20.256271,85.806808,Harassment,3,Night,Weekend,Good,Low,120,Community,60
INC06770,Dumduma,20.264462,85.793902,Eve-teasing,2,Evening,Weekend,Good,Low,985,Police,42
INC06771,Baramunda,20.272845,85.801917,Stalking,4,Night,Weekend,Poor,Medium,1499,Community,92
INC06772,Mancheswar,20.323859,85.866761,Stalking,4,Evening,Weekend,Poor,Medium,754,Community,86
INC06773,CRP Square,20.31683,85.822996,Harassment,3,Night,Weekend,Moderate,Low,1476,Community,70
INC06774,Mancheswar,20.319412,85.863743,Harassment,3,Evening,Weekend,Poor,High,855,Community,75
INC06775,Infocity,20.34691,85.815941,Harassment,3,Evening,Weekday,Moderate,Medium,1146,Police,58
INC06776,Patia,20.353436,85.821629,Sexual Harassment,5,Evening,Weekend,Poor,Low,1004,Police,100
INC06777,Infocity,20.345345,85.817562,Stalking,4,Night,Weekday,Poor,Low,864,Community,99
INC06778,Old Town,20.237165,85.832376,Snatching,3,Afternoon,Weekday,Good,High,376,Community,40
INC06779,Master Canteen,20.267717,85.84036,Kidnapping Attempt,5,Night,Weekday,Poor,Medium,522,Community,100
INC06780,Jaydev Vihar,20.29925,85.820314,Harassment,3,Night,Weekend,Moderate,Low,956,Community,73
INC06781,Nayapalli,20.29722,85.802862,Stalking,4,Evening,Weekend,Moderate,High,530,Community,82
INC06782,Pokhariput,20.256184,85.801477,Harassment,3,Evening,Weekday,Good,Medium,199,Community,49
INC06783,Master Canteen,20.269132,85.842958,Harassment,3,Evening,Weekend,Good,Low,496,Police,54
INC06784,CRP Square,20.313451,85.819515,Sexual Harassment,5,Evening,Weekend,Poor,Low,1395,Community,100
INC06785,Infocity,20.341365,85.813581,Stalking,4,Evening,Weekend,Good,Medium,1247,Community,72
INC06786,Chandrasekharpur,20.331852,85.822556,Stalking,4,Afternoon,Weekend,Moderate,Medium,1349,Community,70
INC06787,Patia,20.353438,85.81687,Assault on Woman,5,Afternoon,Weekday,Moderate,Medium,775,Community,85
INC06788,Vani Vihar,20.294066,85.844301,Stalking,4,Night,Weekend,Poor,Low,132,Community,96
INC06789,Jaydev Vihar,20.299041,85.817853,Harassment,3,Evening,Weekend,Moderate,High,949,Community,58
INC06790,Infocity,20.345237,85.813132,Harassment,3,Morning,Weekday,Poor,Low,1392,Police,63
INC06791,Acharya Vihar,20.300996,85.833499,Harassment,3,Night,Weekend,Good,Medium,631,Community,61
INC06792,Lingaraj,20.240825,85.833853,Harassment,3,Evening,Weekday,Good,High,909,Community,56
INC06793,Khandagiri,20.259948,85.784318,Stalking,4,Afternoon,Weekend,Poor,Low,1403,Community,79
INC06794,Saheed Nagar,20.298141,85.842403,Assault on Woman,5,Morning,Weekday,Poor,Medium,211,Police,99
INC06795,Mancheswar,20.319024,85.866711,Suspicious Activity,2,Evening,Weekday,Good,Medium,1385,Police,41
INC06796,Kalpana Square,20.261943,85.8412,Sexual Harassment,5,Night,Weekend,Moderate,Medium,841,Police,96
INC06797,Saheed Nagar,20.294729,85.842488,Assault on Woman,5,Afternoon,Weekend,Good,Medium,657,Community,74
INC06798,Patia,20.354015,85.822295,Snatching,3,Night,Weekend,Poor,Low,208,Police,81
INC06799,Dumduma,20.261733,85.794755,Kidnapping Attempt,5,Evening,Weekday,Moderate,Medium,533,Police,98
INC06800,Khandagiri,20.258231,85.781201,Stalking,4,Afternoon,Weekend,Poor,Low,1306,Community,83
INC06801,Dumduma,20.262109,85.793528,Harassment,3,Evening,Weekend,Moderate,Low,169,Community,65
INC06802,Khandagiri,20.259244,85.783237,Eve-teasing,2,Evening,Weekday,Moderate,Low,465,Police,44
INC06803,Jaydev Vihar,20.298494,85.81795,Stalking,4,Evening,Weekday,Poor,Low,234,Community,91
INC06804,Master Canteen,20.268751,85.839111,Harassment,3,Afternoon,Weekday,Moderate,High,907,Community,52
INC06805,Mancheswar,20.319445,85.863134,Stalking,4,Morning,Weekday,Poor,High,222,Community,85
INC06806,Saheed Nagar,20.299193,85.843526,Stalking,4,Evening,Weekend,Poor,Medium,333,Community,90
INC06807,CRP Square,20.313299,85.821272,Suspicious Activity,2,Morning,Weekend,Moderate,High,410,Community,43
INC06808,Lingaraj,20.242962,85.834187,Snatching,3,Afternoon,Weekday,Poor,Medium,610,Community,61
INC06809,Jaydev Vihar,20.299806,85.818946,Stalking,4,Night,Weekend,Good,High,1133,Community,70
INC06810,KIIT Square,20.354912,85.820432,Assault on Woman,5,Morning,Weekday,Moderate,High,867,Police,83
INC06811,Acharya Vihar,20.301239,85.837317,Harassment,3,Night,Weekend,Poor,High,133,Police,82
INC06812,Mancheswar,20.320458,85.866329,Harassment,3,Evening,Weekend,Poor,Low,398,Community,70
INC06813,Khandagiri,20.259836,85.779641,Stalking,4,Afternoon,Weekday,Good,High,1080,Community,55
INC06814,Mancheswar,20.323774,85.864376,Eve-teasing,2,Night,Weekend,Poor,Low,1125,Police,66
INC06815,Saheed Nagar,20.296872,85.842939,Kidnapping Attempt,5,Night,Weekday,Good,Medium,968,Community,88
INC06816,Dumduma,20.262938,85.79686,Snatching,3,Night,Weekend,Good,Medium,1297,Community,65
INC06817,Lingaraj,20.241896,85.833988,Harassment,3,Afternoon,Weekday,Poor,Medium,1198,Community,69
INC06818,Master Canteen,20.26744,85.840108,Stalking,4,Night,Weekday,Good,High,745,Police,80
INC06819,Saheed Nagar,20.29767,85.842276,Kidnapping Attempt,5,Night,Weekend,Poor,High,770,Police,100
INC06820,Baramunda,20.271388,85.804715,Harassment,3,Afternoon,Weekend,Poor,Medium,283,Community,62
INC06821,Pokhariput,20.256713,85.803266,Harassment,3,Night,Weekend,Moderate,Low,932,Police,73
INC06822,Dumduma,20.26339,85.796681,Assault on Woman,5,Evening,Weekday,Moderate,High,208,Police,89
INC06823,Kalpana Square,20.262927,85.845787,Harassment,3,Night,Weekend,Poor,Low,124,Police,85
INC06824,Nayapalli,20.295457,85.804021,Stalking,4,Evening,Weekend,Moderate,Low,460,Police,81
INC06825,Infocity,20.34289,85.816647,Eve-teasing,2,Afternoon,Weekday,Moderate,Medium,418,Police,43
INC06826,Khandagiri,20.255009,85.778855,Snatching,3,Afternoon,Weekday,Good,High,171,Community,44
INC06827,Pokhariput,20.25383,85.802904,Harassment,3,Night,Weekend,Poor,Medium,1180,Community,85
INC06828,Rasulgarh,20.289439,85.871474,Kidnapping Attempt,5,Night,Weekend,Moderate,High,658,Community,100
INC06829,Pokhariput,20.254965,85.804343,Harassment,3,Night,Weekday,Poor,Low,618,Community,82
INC06830,Jaydev Vihar,20.298261,85.821122,Harassment,3,Evening,Weekend,Good,High,1161,Community,57
INC06831,CRP Square,20.314965,85.823447,Stalking,4,Evening,Weekend,Good,Medium,1054,Community,70
INC06832,Nayapalli,20.295168,85.806671,Stalking,4,Evening,Weekend,Good,High,1492,Community,66
INC06833,Lingaraj,20.240553,85.833402,Stalking,4,Night,Weekend,Good,High,1342,Police,78
INC06834,Acharya Vihar,20.300446,85.832489,Suspicious Activity,2,Evening,Weekend,Moderate,Low,1413,Community,50
INC06835,Vani Vihar,20.299915,85.841724,Sexual Harassment,5,Afternoon,Weekend,Moderate,High,259,Police,85
INC06836,Jaydev Vihar,20.300831,85.822851,Suspicious Activity,2,Night,Weekend,Moderate,High,1464,Community,60
INC06837,Baramunda,20.267311,85.804512,Assault on Woman,5,Night,Weekend,Good,High,273,Community,88
INC06838,Baramunda,20.271159,85.804881,Sexual Harassment,5,Evening,Weekend,Good,Medium,1034,Community,78
INC06839,Khandagiri,20.254532,85.780843,Stalking,4,Night,Weekday,Good,Medium,354,Police,76
INC06840,Nayapalli,20.297477,85.803666,Stalking,4,Evening,Weekend,Poor,Medium,371,Community,85
INC06841,Rasulgarh,20.289703,85.873214,Stalking,4,Evening,Weekday,Good,Medium,811,Community,72
INC06842,Vani Vihar,20.296829,85.84198,Stalking,4,Evening,Weekend,Good,Low,965,Community,70
INC06843,Khandagiri,20.258217,85.779514,Assault on Woman,5,Night,Weekday,Moderate,High,1438,Community,95
INC06844,Khandagiri,20.255722,85.783219,Harassment,3,Afternoon,Weekend,Moderate,Low,317,Community,56
INC06845,KIIT Square,20.354332,85.818764,Sexual Harassment,5,Morning,Weekend,Poor,Medium,850,Community,90
INC06846,Saheed Nagar,20.295958,85.841079,Harassment,3,Night,Weekday,Good,High,389,Community,58
INC06847,KIIT Square,20.351776,85.819738,Assault on Woman,5,Evening,Weekend,Good,Medium,212,Community,85
INC06848,Saheed Nagar,20.295584,85.843477,Stalking,4,Afternoon,Weekend,Moderate,High,430,Police,71
INC06849,Khandagiri,20.259014,85.781116,Stalking,4,Night,Weekend,Moderate,Medium,627,Community,80
INC06850,Jaydev Vihar,20.299767,85.820208,Suspicious Activity,2,Evening,Weekend,Poor,Low,429,Police,55
INC06851,Saheed Nagar,20.296377,85.842971,Sexual Harassment,5,Afternoon,Weekday,Good,High,1202,Community,78
INC06852,Rasulgarh,20.293023,85.868614,Harassment,3,Evening,Weekend,Good,Low,228,Community,52
INC06853,Master Canteen,20.269585,85.842566,Harassment,3,Night,Weekday,Poor,High,851,Community,82
INC06854,Infocity,20.346832,85.818034,Harassment,3,Night,Weekend,Good,Medium,839,Community,62
INC06855,Old Town,20.238221,85.835351,Assault on Woman,5,Evening,Weekend,Poor,Low,1038,Community,98
INC06856,Mancheswar,20.323242,85.866524,Sexual Harassment,5,Night,Weekday,Poor,Low,534,Community,100
INC06857,Chandrasekharpur,20.331865,85.822771,Snatching,3,Evening,Weekend,Good,High,962,Community,49
INC06858,Acharya Vihar,20.298112,85.834175,Sexual Harassment,5,Afternoon,Weekday,Moderate,Low,772,Community,88
INC06859,Mancheswar,20.324959,85.864669,Assault on Woman,5,Morning,Weekday,Good,High,602,Police,79
INC06860,Patia,20.357252,85.820111,Snatching,3,Morning,Weekday,Poor,Medium,657,Community,68
INC06861,Baramunda,20.268274,85.801218,Harassment,3,Night,Weekday,Moderate,Medium,234,Police,72
INC06862,Vani Vihar,20.295137,85.840886,Stalking,4,Night,Weekday,Moderate,Low,1389,Community,82
INC06863,Acharya Vihar,20.302441,85.836021,Harassment,3,Evening,Weekend,Moderate,Low,1356,Community,65
INC06864,Acharya Vihar,20.299942,85.835561,Harassment,3,Night,Weekend,Good,Medium,1418,Community,59
INC06865,Saheed Nagar,20.29937,85.839381,Assault on Woman,5,Afternoon,Weekend,Good,Low,240,Police,73
INC06866,Dumduma,20.26182,85.793797,Sexual Harassment,5,Afternoon,Weekend,Moderate,High,1323,Police,83
INC06867,Chandrasekharpur,20.333882,85.820329,Harassment,3,Evening,Weekday,Moderate,High,831,Community,61
INC06868,Pokhariput,20.255845,85.804805,Kidnapping Attempt,5,Afternoon,Weekday,Moderate,Low,1328,Community,88
INC06869,Nayapalli,20.298691,85.804932,Stalking,4,Night,Weekend,Moderate,Medium,219,Community,87
INC06870,Infocity,20.34427,85.815592,Harassment,3,Evening,Weekday,Moderate,High,841,Police,58
INC06871,Saheed Nagar,20.298143,85.842884,Stalking,4,Afternoon,Weekday,Good,Medium,616,Police,56
INC06872,Nayapalli,20.294986,85.806755,Stalking,4,Morning,Weekend,Moderate,Medium,634,Police,74
INC06873,Mancheswar,20.323726,85.864667,Assault on Woman,5,Morning,Weekend,Poor,Low,1003,Community,95
INC06874,Vani Vihar,20.297768,85.839514,Sexual Harassment,5,Evening,Weekend,Moderate,Medium,405,Community,95
INC06875,Mancheswar,20.323787,85.866624,Suspicious Activity,2,Afternoon,Weekend,Moderate,High,1105,Police,43
INC06876,Jaydev Vihar,20.300532,85.817503,Stalking,4,Evening,Weekend,Moderate,Medium,236,Community,73
INC06877,Patia,20.357988,85.821803,Harassment,3,Night,Weekday,Poor,High,1442,Community,81
INC06878,Chandrasekharpur,20.334129,85.81813,Snatching,3,Evening,Weekday,Moderate,High,1444,Community,58
INC06879,Lingaraj,20.2429,85.832801,Eve-teasing,2,Evening,Weekend,Good,High,1457,Police,33
INC06880,Khandagiri,20.255507,85.782181,Stalking,4,Night,Weekend,Poor,Low,1212,Police,100
INC06881,Mancheswar,20.31945,85.864042,Harassment,3,Afternoon,Weekend,Moderate,Medium,1308,Community,55
INC06882,Nayapalli,20.295747,85.803516,Harassment,3,Night,Weekend,Good,High,464,Community,62
INC06883,Lingaraj,20.245433,85.83168,Stalking,4,Afternoon,Weekend,Good,Medium,889,Community,57
INC06884,Vani Vihar,20.294797,85.841487,Harassment,3,Evening,Weekday,Good,Medium,1447,Community,57
INC06885,Patia,20.357384,85.81829,Harassment,3,Afternoon,Weekday,Good,High,1409,Community,49
INC06886,Chandrasekharpur,20.330859,85.818778,Assault on Woman,5,Morning,Weekday,Moderate,Medium,297,Community,87
INC06887,Saheed Nagar,20.297848,85.842196,Stalking,4,Evening,Weekday,Moderate,High,1006,Community,81
INC06888,Lingaraj,20.243709,85.833293,Suspicious Activity,2,Evening,Weekend,Good,High,1403,Police,35
INC06889,Chandrasekharpur,20.329554,85.819965,Harassment,3,Evening,Weekday,Good,High,697,Police,52
INC06890,Infocity,20.341704,85.813961,Suspicious Activity,2,Night,Weekday,Poor,Low,1201,Community,62
INC06891,Khandagiri,20.259782,85.781609,Stalking,4,Evening,Weekday,Moderate,Low,608,Community,74
INC06892,Nayapalli,20.295151,85.806868,Assault on Woman,5,Afternoon,Weekday,Good,Medium,698,Police,79
INC06893,Acharya Vihar,20.299799,85.837831,Harassment,3,Evening,Weekend,Poor,Medium,160,Police,77
INC06894,KIIT Square,20.354128,85.815496,Snatching,3,Evening,Weekend,Moderate,High,538,Community,61
INC06895,Chandrasekharpur,20.329263,85.819302,Snatching,3,Evening,Weekend,Moderate,Low,691,Community,63
INC06896,CRP Square,20.315555,85.819428,Suspicious Activity,2,Afternoon,Weekend,Poor,Low,717,Community,52
INC06897,Old Town,20.236172,85.833932,Stalking,4,Night,Weekday,Good,Medium,299,Police,71
INC06898,Patia,20.353234,85.816713,Harassment,3,Evening,Weekday,Poor,High,1421,Police,77
INC06899,Lingaraj,20.244102,85.83574,Sexual Harassment,5,Night,Weekend,Moderate,Medium,327,Community,100
INC06900,Master Canteen,20.267723,85.838791,Stalking,4,Evening,Weekend,Poor,Medium,1027,Police,83
INC06901,Master Canteen,20.266939,85.842537,Stalking,4,Morning,Weekday,Good,High,740,Community,55
INC06902,Acharya Vihar,20.300415,85.836953,Harassment,3,Night,Weekday,Poor,Low,645,Community,79
INC06903,Old Town,20.24046,85.836695,Snatching,3,Afternoon,Weekday,Poor,Low,859,Community,60
INC06904,Vani Vihar,20.296061,85.839296,Assault on Woman,5,Evening,Weekend,Moderate,Low,563,Community,89
INC06905,KIIT Square,20.354343,85.816808,Harassment,3,Evening,Weekday,Poor,Low,1229,Community,74
INC06906,Infocity,20.342842,85.815953,Stalking,4,Morning,Weekend,Moderate,Medium,780,Community,69
INC06907,Vani Vihar,20.297477,85.841394,Assault on Woman,5,Afternoon,Weekday,Good,High,1019,Community,74
INC06908,Kalpana Square,20.260348,85.840159,Stalking,4,Night,Weekday,Moderate,Low,812,Community,86
INC06909,Nayapalli,20.296808,85.807964,Harassment,3,Night,Weekend,Poor,Medium,1391,Community,75
INC06910,Baramunda,20.269792,85.806298,Stalking,4,Night,Weekend,Moderate,Medium,1495,Police,88
INC06911,Rasulgarh,20.29114,85.872543,Suspicious Activity,2,Afternoon,Weekday,Good,High,1198,Police,30
INC06912,Chandrasekharpur,20.331788,85.823435,Harassment,3,Night,Weekend,Poor,Medium,961,Police,84
INC06913,Acharya Vihar,20.297148,85.834566,Kidnapping Attempt,5,Evening,Weekday,Moderate,Medium,1269,Police,91
INC06914,Infocity,20.345606,85.815408,Assault on Woman,5,Night,Weekday,Good,Medium,403,Community,94
INC06915,Acharya Vihar,20.299663,85.834361,Sexual Harassment,5,Night,Weekday,Moderate,Low,946,Police,96
INC06916,Dumduma,20.266187,85.795739,Assault on Woman,5,Morning,Weekday,Moderate,Medium,737,Community,88
INC06917,Kalpana Square,20.261346,85.840253,Stalking,4,Night,Weekend,Poor,High,1349,Community,95
INC06918,Pokhariput,20.255336,85.802901,Kidnapping Attempt,5,Afternoon,Weekday,Good,High,1411,Community,72
INC06919,Master Canteen,20.271012,85.843842,Stalking,4,Morning,Weekday,Moderate,Medium,575,Community,73
INC06920,Infocity,20.344966,85.815328,Suspicious Activity,2,Evening,Weekend,Poor,Medium,1004,Community,63
INC06921,Old Town,20.237953,85.83377,Suspicious Activity,2,Night,Weekday,Good,Low,101,Community,42
INC06922,Dumduma,20.266823,85.794168,Stalking,4,Evening,Weekend,Moderate,Low,113,Community,80
INC06923,Dumduma,20.265237,85.796441,Harassment,3,Night,Weekend,Moderate,Medium,729,Community,74
INC06924,Dumduma,20.263415,85.796533,Snatching,3,Afternoon,Weekend,Moderate,Medium,1496,Community,55
INC06925,Master Canteen,20.270161,85.838731,Snatching,3,Evening,Weekend,Good,High,844,Community,55
INC06926,Acharya Vihar,20.299282,85.83703,Stalking,4,Night,Weekend,Poor,High,1094,Community,95
INC06927,Nayapalli,20.29458,85.807473,Kidnapping Attempt,5,Evening,Weekend,Moderate,High,509,Police,97
INC06928,Rasulgarh,20.29055,85.873244,Harassment,3,Afternoon,Weekend,Poor,Low,609,Community,70
INC06929,Old Town,20.236252,85.832387,Harassment,3,Evening,Weekday,Good,Medium,1336,Community,52
INC06930,Old Town,20.23808,85.834955,Kidnapping Attempt,5,Evening,Weekday,Poor,Medium,874,Community,100
INC06931,Master Canteen,20.271199,85.838751,Snatching,3,Night,Weekday,Poor,Medium,818,Community,76
INC06932,Mancheswar,20.32456,85.86256,Harassment,3,Night,Weekend,Moderate,Low,199,Community,66
INC06933,KIIT Square,20.354539,85.815218,Harassment,3,Morning,Weekend,Moderate,Low,1319,Community,53
INC06934,Rasulgarh,20.290457,85.868495,Suspicious Activity,2,Night,Weekend,Moderate,Medium,1069,Community,53
INC06935,Patia,20.353641,85.818861,Kidnapping Attempt,5,Night,Weekday,Good,Low,246,Community,92
INC06936,Master Canteen,20.266173,85.843187,Assault on Woman,5,Afternoon,Weekday,Good,Low,672,Community,78
INC06937,Lingaraj,20.242589,85.83126,Assault on Woman,5,Evening,Weekend,Good,Low,265,Community,85
INC06938,Khandagiri,20.258363,85.781799,Suspicious Activity,2,Night,Weekend,Moderate,Medium,711,Police,50
INC06939,KIIT Square,20.353198,85.820291,Assault on Woman,5,Night,Weekday,Good,Medium,956,Police,91
INC06940,KIIT Square,20.35073,85.81862,Eve-teasing,2,Night,Weekday,Poor,Medium,109,Police,69
INC06941,Mancheswar,20.320847,85.862476,Harassment,3,Night,Weekend,Poor,Low,557,Police,80
INC06942,Baramunda,20.270809,85.802591,Stalking,4,Morning,Weekday,Moderate,Medium,401,Community,74
INC06943,Jaydev Vihar,20.298376,85.818366,Harassment,3,Evening,Weekday,Moderate,High,1067,Police,62
INC06944,Nayapalli,20.293912,85.804521,Assault on Woman,5,Afternoon,Weekday,Moderate,Low,514,Community,87
INC06945,Chandrasekharpur,20.331725,85.822874,Sexual Harassment,5,Evening,Weekend,Good,Medium,967,Community,82
INC06946,Mancheswar,20.323075,85.864103,Assault on Woman,5,Night,Weekday,Poor,High,1422,Community,100
INC06947,Kalpana Square,20.257587,85.844059,Eve-teasing,2,Evening,Weekend,Poor,Medium,1403,Community,54
INC06948,Chandrasekharpur,20.33097,85.818177,Kidnapping Attempt,5,Morning,Weekday,Good,Low,128,Community,80
INC06949,Chandrasekharpur,20.330138,85.819364,Stalking,4,Evening,Weekday,Poor,High,448,Community,89
INC06950,Rasulgarh,20.292528,85.871095,Harassment,3,Evening,Weekday,Moderate,High,960,Community,64
INC06951,Vani Vihar,20.298284,85.84122,Assault on Woman,5,Evening,Weekend,Poor,Medium,611,Community,100
INC06952,Rasulgarh,20.290979,85.868932,Stalking,4,Night,Weekend,Moderate,Medium,1298,Community,85
INC06953,Khandagiri,20.260453,85.783186,Harassment,3,Evening,Weekend,Moderate,High,1457,Community,59
INC06954,Baramunda,20.270475,85.80692,Suspicious Activity,2,Night,Weekend,Moderate,Low,1133,Community,57
INC06955,Jaydev Vihar,20.300033,85.822998,Snatching,3,Night,Weekend,Good,Medium,1394,Community,58
INC06956,Mancheswar,20.324939,85.86207,Eve-teasing,2,Evening,Weekend,Moderate,Low,689,Community,48
INC06957,Khandagiri,20.25838,85.778873,Assault on Woman,5,Evening,Weekday,Moderate,Medium,1192,Community,90
INC06958,Rasulgarh,20.288929,85.871392,Assault on Woman,5,Evening,Weekend,Poor,Low,1259,Community,100
INC06959,Saheed Nagar,20.294665,85.841183,Eve-teasing,2,Afternoon,Weekday,Good,Medium,1163,Police,31
INC06960,Master Canteen,20.270576,85.838272,Assault on Woman,5,Evening,Weekday,Poor,High,994,Community,100
INC06961,Saheed Nagar,20.296804,85.842656,Eve-teasing,2,Afternoon,Weekend,Moderate,Medium,559,Community,38
INC06962,Jaydev Vihar,20.302495,85.820016,Assault on Woman,5,Night,Weekend,Poor,Medium,316,Police,100
INC06963,CRP Square,20.316316,85.82034,Stalking,4,Evening,Weekend,Moderate,Medium,160,Community,80
INC06964,Nayapalli,20.295,85.80376,Harassment,3,Night,Weekday,Poor,Low,273,Police,75
INC06965,Patia,20.352107,85.816814,Sexual Harassment,5,Evening,Weekday,Good,Medium,764,Police,85
INC06966,Dumduma,20.261773,85.794746,Stalking,4,Night,Weekend,Moderate,Low,1133,Police,83
INC06967,KIIT Square,20.35025,85.815885,Snatching,3,Evening,Weekday,Poor,Medium,1421,Community,76
INC06968,Dumduma,20.265513,85.794774,Harassment,3,Evening,Weekday,Poor,High,1061,Community,76
INC06969,Saheed Nagar,20.296768,85.844194,Assault on Woman,5,Afternoon,Weekend,Poor,Medium,602,Community,96
INC06970,Kalpana Square,20.262916,85.844508,Suspicious Activity,2,Afternoon,Weekend,Good,Medium,689,Community,26
INC06971,Saheed Nagar,20.294603,85.838375,Harassment,3,Night,Weekend,Good,Low,163,Community,57
INC06972,Baramunda,20.272024,85.805072,Harassment,3,Evening,Weekend,Good,Low,361,Community,55
INC06973,Rasulgarh,20.291896,85.868821,Suspicious Activity,2,Night,Weekday,Poor,Medium,433,Community,69
INC06974,Old Town,20.238784,85.835265,Harassment,3,Night,Weekday,Good,High,1025,Police,60
INC06975,Vani Vihar,20.299281,85.841304,Harassment,3,Night,Weekend,Good,Medium,1423,Community,56
INC06976,Old Town,20.24009,85.831521,Harassment,3,Night,Weekend,Poor,Low,464,Police,83
INC06977,KIIT Square,20.350407,85.816306,Harassment,3,Night,Weekday,Good,Medium,1263,Police,58
INC06978,Saheed Nagar,20.296829,85.840865,Assault on Woman,5,Night,Weekday,Poor,Medium,693,Community,100
INC06979,Master Canteen,20.270121,85.838016,Stalking,4,Night,Weekend,Moderate,Medium,979,Community,87
INC06980,Baramunda,20.271016,85.805571,Harassment,3,Night,Weekday,Good,Medium,573,Police,60
INC06981,Rasulgarh,20.287828,85.871283,Kidnapping Attempt,5,Evening,Weekend,Moderate,High,980,Police,88
INC06982,Khandagiri,20.26048,85.784066,Harassment,3,Night,Weekend,Moderate,High,1021,Community,73
INC06983,Lingaraj,20.242965,85.833318,Stalking,4,Evening,Weekday,Good,Medium,1445,Community,67
INC06984,Khandagiri,20.256161,85.779645,Harassment,3,Evening,Weekend,Good,Medium,228,Community,52
INC06985,Master Canteen,20.271017,85.843165,Snatching,3,Night,Weekend,Poor,Medium,859,Community,77
INC06986,Baramunda,20.272897,85.805561,Snatching,3,Evening,Weekend,Poor,Low,962,Community,77
INC06987,Baramunda,20.267146,85.802936,Sexual Harassment,5,Evening,Weekday,Poor,Low,1235,Community,100
INC06988,Old Town,20.235599,85.834304,Harassment,3,Evening,Weekday,Poor,High,1326,Community,74
INC06989,KIIT Square,20.353109,85.820671,Harassment,3,Evening,Weekday,Poor,Low,1430,Community,73
INC06990,Pokhariput,20.255474,85.804298,Suspicious Activity,2,Night,Weekday,Poor,Medium,318,Community,62
INC06991,Khandagiri,20.257841,85.779787,Assault on Woman,5,Afternoon,Weekday,Poor,Medium,347,Community,91
INC06992,Mancheswar,20.320514,85.863538,Harassment,3,Afternoon,Weekday,Moderate,Medium,113,Community,60
INC06993,Dumduma,20.265385,85.795628,Harassment,3,Afternoon,Weekday,Moderate,High,128,Community,51
INC06994,Old Town,20.240492,85.833493,Stalking,4,Night,Weekend,Good,Low,233,Community,78
INC06995,Pokhariput,20.254738,85.804644,Stalking,4,Night,Weekday,Poor,Medium,559,Police,98
INC06996,Jaydev Vihar,20.298624,85.818716,Harassment,3,Evening,Weekend,Moderate,Medium,1222,Community,59
INC06997,Vani Vihar,20.294684,85.84092,Harassment,3,Night,Weekday,Poor,Medium,309,Community,78
INC06998,Khandagiri,20.260028,85.784376,Harassment,3,Night,Weekday,Good,Low,763,Community,64
INC06999,Infocity,20.345404,85.817287,Assault on Woman,5,Night,Weekend,Poor,High,806,Community,100
INC07000,Chandrasekharpur,20.331864,85.818939,Suspicious Activity,2,Afternoon,Weekend,Moderate,High,261,Police,37
INC07001,Mancheswar,20.324755,85.863157,Stalking,4,Evening,Weekday,Poor,High,1484,Community,92
INC07002,CRP Square,20.315453,85.82488,Harassment,3,Evening,Weekend,Moderate,Medium,1251,Community,65
INC07003,Patia,20.355422,85.81725,Harassment,3,Night,Weekend,Poor,High,156,Police,78
INC07004,Khandagiri,20.256615,85.783009,Snatching,3,Evening,Weekday,Poor,Low,837,Police,75
INC07005,Saheed Nagar,20.296794,85.840269,Snatching,3,Night,Weekday,Poor,Medium,1087,Community,85
INC07006,Chandrasekharpur,20.331586,85.821941,Stalking,4,Evening,Weekday,Moderate,Medium,1371,Community,81
INC07007,Mancheswar,20.322312,85.862594,Stalking,4,Evening,Weekday,Poor,Low,926,Police,88
INC07008,Baramunda,20.269116,85.80614,Stalking,4,Afternoon,Weekday,Poor,High,638,Community,85
INC07009,Khandagiri,20.257431,85.779569,Sexual Harassment,5,Night,Weekend,Moderate,High,1331,Community,99
INC07010,Pokhariput,20.254894,85.802302,Harassment,3,Night,Weekend,Good,High,1139,Police,58
INC07011,Acharya Vihar,20.300143,85.833921,Harassment,3,Morning,Weekend,Moderate,Low,123,Community,56
INC07012,Patia,20.356344,85.822423,Suspicious Activity,2,Night,Weekday,Good,Medium,361,Community,43
INC07013,Patia,20.353196,85.817812,Snatching,3,Evening,Weekday,Good,Low,464,Police,55
INC07014,Jaydev Vihar,20.300401,85.819978,Snatching,3,Morning,Weekend,Good,Medium,254,Police,47
INC07015,Rasulgarh,20.293021,85.869973,Snatching,3,Night,Weekday,Good,Medium,883,Community,55
INC07016,Lingaraj,20.245136,85.836246,Harassment,3,Afternoon,Weekday,Poor,Medium,427,Police,68
INC07017,Saheed Nagar,20.294243,85.840216,Stalking,4,Afternoon,Weekday,Moderate,Low,121,Community,68
INC07018,Old Town,20.236509,85.83293,Stalking,4,Evening,Weekday,Moderate,Low,1093,Police,81
INC07019,Pokhariput,20.257431,85.804217,Stalking,4,Afternoon,Weekday,Poor,High,299,Police,85
INC07020,Vani Vihar,20.298498,85.844439,Harassment,3,Morning,Weekday,Poor,High,1404,Police,60
INC07021,Kalpana Square,20.262127,85.842265,Kidnapping Attempt,5,Afternoon,Weekday,Moderate,Medium,1067,Community,81
INC07022,Patia,20.357047,85.816852,Assault on Woman,5,Afternoon,Weekday,Poor,Medium,230,Community,96
INC07023,Pokhariput,20.25689,85.805966,Assault on Woman,5,Evening,Weekend,Moderate,High,1213,Police,97
INC07024,CRP Square,20.314494,85.819957,Harassment,3,Evening,Weekend,Good,Low,439,Community,54
INC07025,Vani Vihar,20.298749,85.839832,Assault on Woman,5,Night,Weekend,Poor,Low,1252,Police,100
INC07026,Kalpana Square,20.260454,85.843464,Stalking,4,Afternoon,Weekday,Poor,High,425,Community,78
INC07027,Master Canteen,20.270818,85.840913,Stalking,4,Night,Weekend,Moderate,Medium,458,Community,80
INC07028,CRP Square,20.316126,85.820323,Snatching,3,Morning,Weekday,Good,Medium,156,Police,44
INC07029,Khandagiri,20.257784,85.78008,Harassment,3,Night,Weekday,Moderate,Medium,163,Community,75
INC07030,Mancheswar,20.320624,85.863903,Harassment,3,Night,Weekday,Poor,High,454,Police,77
INC07031,Dumduma,20.263212,85.795118,Assault on Woman,5,Evening,Weekend,Poor,Medium,253,Community,100
INC07032,Jaydev Vihar,20.30397,85.820218,Harassment,3,Evening,Weekend,Good,Low,588,Community,57
INC07033,Infocity,20.341979,85.815147,Sexual Harassment,5,Evening,Weekday,Poor,Low,226,Police,100
INC07034,Infocity,20.345293,85.815403,Eve-teasing,2,Night,Weekday,Moderate,Medium,1107,Community,52
INC07035,Baramunda,20.271105,85.803358,Harassment,3,Evening,Weekend,Moderate,Medium,1446,Community,64
INC07036,Patia,20.354249,85.818098,Harassment,3,Evening,Weekend,Poor,Low,309,Community,70
INC07037,Lingaraj,20.243746,85.833358,Stalking,4,Afternoon,Weekday,Moderate,Low,1126,Community,74
INC07038,Vani Vihar,20.299402,85.844323,Assault on Woman,5,Afternoon,Weekend,Poor,Medium,351,Community,100
INC07039,CRP Square,20.313414,85.824812,Kidnapping Attempt,5,Afternoon,Weekend,Good,Medium,1119,Community,73
INC07040,Rasulgarh,20.289918,85.871642,Eve-teasing,2,Night,Weekend,Moderate,Low,1056,Community,50
INC07041,Chandrasekharpur,20.334055,85.823219,Assault on Woman,5,Night,Weekday,Poor,Medium,1224,Community,100
INC07042,Kalpana Square,20.260928,85.845892,Suspicious Activity,2,Night,Weekend,Good,High,775,Police,45
INC07043,CRP Square,20.312988,85.819768,Sexual Harassment,5,Evening,Weekend,Good,High,1410,Community,86
INC07044,Acharya Vihar,20.297711,85.83475,Assault on Woman,5,Night,Weekend,Good,Low,918,Police,93
INC07045,Master Canteen,20.266675,85.842965,Snatching,3,Evening,Weekend,Poor,Medium,573,Police,69
INC07046,Nayapalli,20.296587,85.802067,Suspicious Activity,2,Evening,Weekend,Moderate,Medium,126,Community,45
INC07047,Chandrasekharpur,20.332335,85.819027,Kidnapping Attempt,5,Afternoon,Weekend,Poor,High,767,Police,93
INC07048,Baramunda,20.272216,85.805637,Harassment,3,Night,Weekend,Good,High,558,Community,56
INC07049,Patia,20.355541,85.817338,Assault on Woman,5,Night,Weekend,Poor,Medium,487,Community,100
INC07050,Acharya Vihar,20.298468,85.832891,Kidnapping Attempt,5,Afternoon,Weekday,Poor,Medium,206,Police,90
INC07051,Saheed Nagar,20.297971,85.839178,Harassment,3,Afternoon,Weekend,Good,Medium,382,Community,41
INC07052,Baramunda,20.269431,85.80113,Snatching,3,Afternoon,Weekend,Poor,Medium,1131,Police,64
INC07053,Kalpana Square,20.260817,85.845791,Assault on Woman,5,Evening,Weekday,Poor,High,921,Community,100
INC07054,Khandagiri,20.254781,85.78462,Suspicious Activity,2,Afternoon,Weekday,Poor,Low,986,Police,54
INC07055,Master Canteen,20.270922,85.841711,Assault on Woman,5,Afternoon,Weekend,Poor,Medium,1281,Community,97
INC07056,Nayapalli,20.294599,85.802451,Harassment,3,Afternoon,Weekend,Moderate,Low,173,Police,58
INC07057,Kalpana Square,20.257856,85.840057,Harassment,3,Night,Weekday,Moderate,Medium,564,Community,69
INC07058,Pokhariput,20.253061,85.803695,Suspicious Activity,2,Morning,Weekend,Moderate,Medium,723,Community,38
INC07059,Pokhariput,20.253635,85.802304,Snatching,3,Night,Weekday,Good,Medium,247,Community,60
INC07060,Rasulgarh,20.291268,85.873119,Harassment,3,Evening,Weekend,Moderate,Medium,493,Police,68
INC07061,Vani Vihar,20.294869,85.83909,Harassment,3,Evening,Weekend,Good,High,221,Community,54
INC07062,Saheed Nagar,20.298432,85.841867,Assault on Woman,5,Morning,Weekend,Moderate,Medium,332,Community,90
INC07063,Lingaraj,20.244746,85.83588,Harassment,3,Evening,Weekday,Poor,High,450,Police,68
INC07064,Kalpana Square,20.260354,85.843342,Sexual Harassment,5,Evening,Weekday,Moderate,High,103,Police,95
INC07065,Acharya Vihar,20.300797,85.836624,Stalking,4,Night,Weekday,Moderate,High,220,Community,90
INC07066,Saheed Nagar,20.298849,85.838856,Assault on Woman,5,Evening,Weekday,Good,Low,1245,Police,79
INC07067,Saheed Nagar,20.297063,85.84373,Suspicious Activity,2,Evening,Weekday,Good,High,694,Community,41
INC07068,Kalpana Square,20.262857,85.844793,Stalking,4,Night,Weekend,Poor,High,676,Police,99
INC07069,Old Town,20.236332,85.833894,Stalking,4,Evening,Weekday,Poor,High,1457,Community,85
INC07070,Old Town,20.236196,85.831829,Assault on Woman,5,Evening,Weekend,Moderate,Medium,1185,Police,93
INC07071,Khandagiri,20.256931,85.779889,Sexual Harassment,5,Night,Weekend,Poor,Low,902,Community,100
INC07072,Acharya Vihar,20.300064,85.832923,Assault on Woman,5,Night,Weekday,Poor,High,318,Police,100
INC07073,KIIT Square,20.352603,85.815364,Eve-teasing,2,Evening,Weekday,Good,Medium,1429,Community,36
INC07074,Acharya Vihar,20.302693,85.837433,Harassment,3,Evening,Weekday,Poor,High,127,Community,70
INC07075,Rasulgarh,20.290299,85.868449,Sexual Harassment,5,Afternoon,Weekday,Moderate,Low,351,Police,84
INC07076,Pokhariput,20.252674,85.801503,Assault on Woman,5,Afternoon,Weekend,Poor,High,1278,Community,93
INC07077,Mancheswar,20.323297,85.864472,Kidnapping Attempt,5,Afternoon,Weekend,Moderate,Low,1112,Community,87
INC07078,Pokhariput,20.25701,85.804131,Stalking,4,Afternoon,Weekend,Good,Medium,894,Community,58
INC07079,Jaydev Vihar,20.301797,85.820981,Harassment,3,Evening,Weekend,Moderate,Low,1380,Community,67
INC07080,Mancheswar,20.322557,85.866263,Harassment,3,Afternoon,Weekend,Poor,High,755,Community,70
INC07081,Rasulgarh,20.287821,85.869093,Snatching,3,Morning,Weekend,Poor,Low,900,Police,62
INC07082,Pokhariput,20.252569,85.801258,Suspicious Activity,2,Night,Weekend,Poor,High,1066,Community,60
INC07083,CRP Square,20.317028,85.824823,Assault on Woman,5,Evening,Weekday,Poor,High,947,Community,100
INC07084,Rasulgarh,20.291585,85.871856,Harassment,3,Evening,Weekend,Moderate,Low,802,Police,60
INC07085,Pokhariput,20.253841,85.804936,Assault on Woman,5,Night,Weekday,Moderate,Medium,758,Police,95
INC07086,Chandrasekharpur,20.330325,85.82248,Sexual Harassment,5,Night,Weekday,Good,Low,251,Community,87
INC07087,Baramunda,20.269004,85.803902,Snatching,3,Evening,Weekend,Moderate,High,230,Community,60
INC07088,Jaydev Vihar,20.301526,85.819686,Harassment,3,Night,Weekend,Good,High,1025,Community,65
INC07089,Baramunda,20.272521,85.804948,Harassment,3,Night,Weekday,Good,High,639,Police,56
INC07090,Kalpana Square,20.257688,85.84011,Harassment,3,Afternoon,Weekend,Moderate,High,723,Community,58
INC07091,Chandrasekharpur,20.334092,85.822428,Assault on Woman,5,Night,Weekday,Moderate,Low,839,Community,96
INC07092,Pokhariput,20.257175,85.802168,Kidnapping Attempt,5,Evening,Weekend,Good,High,291,Community,83
INC07093,Pokhariput,20.25786,85.802487,Stalking,4,Evening,Weekend,Good,High,1299,Community,65
INC07094,Infocity,20.342187,85.817914,Harassment,3,Night,Weekday,Poor,High,529,Community,82
INC07095,Old Town,20.239273,85.835028,Assault on Woman,5,Evening,Weekend,Poor,High,1271,Community,100
INC07096,Mancheswar,20.319645,85.862066,Assault on Woman,5,Night,Weekday,Good,Medium,1463,Community,85
INC07097,Lingaraj,20.240625,85.832183,Sexual Harassment,5,Evening,Weekend,Poor,Medium,671,Police,99
INC07098,Acharya Vihar,20.302914,85.837034,Harassment,3,Morning,Weekday,Moderate,Medium,1429,Community,50
INC07099,Saheed Nagar,20.298989,85.841913,Stalking,4,Evening,Weekday,Poor,Medium,1222,Police,86
INC07100,Infocity,20.343436,85.817134,Harassment,3,Evening,Weekday,Moderate,High,643,Community,68
INC07101,Chandrasekharpur,20.333752,85.820898,Suspicious Activity,2,Morning,Weekend,Good,High,327,Community,34
INC07102,Jaydev Vihar,20.300476,85.817023,Kidnapping Attempt,5,Afternoon,Weekday,Good,Low,533,Community,70
INC07103,Vani Vihar,20.296007,85.839819,Suspicious Activity,2,Evening,Weekday,Poor,Medium,1298,Community,54
INC07104,Jaydev Vihar,20.300012,85.819957,Harassment,3,Morning,Weekday,Poor,High,634,Community,62
INC07105,Lingaraj,20.240853,85.833491,Harassment,3,Afternoon,Weekday,Poor,Medium,1321,Community,61
INC07106,Rasulgarh,20.287615,85.873372,Snatching,3,Night,Weekend,Poor,Low,727,Community,78
INC07107,Rasulgarh,20.291597,85.871843,Suspicious Activity,2,Evening,Weekend,Moderate,High,1227,Community,43
INC07108,Kalpana Square,20.261819,85.844122,Stalking,4,Afternoon,Weekend,Poor,Low,1345,Community,83
INC07109,Nayapalli,20.295491,85.807288,Assault on Woman,5,Evening,Weekday,Poor,High,472,Community,100
INC07110,Khandagiri,20.256121,85.783727,Suspicious Activity,2,Night,Weekend,Moderate,Medium,1093,Community,50
INC07111,Infocity,20.342159,85.818896,Snatching,3,Afternoon,Weekday,Good,Medium,327,Police,41
INC07112,Infocity,20.342532,85.814911,Harassment,3,Night,Weekday,Moderate,High,1323,Community,67
INC07113,Jaydev Vihar,20.302466,85.81951,Assault on Woman,5,Evening,Weekday,Poor,Medium,392,Community,100
INC07114,Old Town,20.238604,85.836215,Stalking,4,Afternoon,Weekend,Moderate,High,543,Police,69
INC07115,Vani Vihar,20.294345,85.841704,Harassment,3,Night,Weekend,Poor,Medium,1436,Community,75
INC07116,Lingaraj,20.245963,85.833812,Assault on Woman,5,Evening,Weekday,Poor,Low,100,Police,99
INC07117,Jaydev Vihar,20.301732,85.819119,Stalking,4,Night,Weekend,Moderate,Low,959,Community,84
INC07118,Jaydev Vihar,20.29904,85.817132,Harassment,3,Afternoon,Weekday,Moderate,Medium,1096,Police,51
INC07119,Pokhariput,20.256311,85.802312,Stalking,4,Night,Weekday,Good,High,1247,Police,71
INC07120,Kalpana Square,20.261915,85.841851,Sexual Harassment,5,Evening,Weekend,Moderate,Low,365,Community,90
INC07121,Khandagiri,20.259412,85.782017,Snatching,3,Evening,Weekend,Moderate,Medium,162,Community,65
INC07122,Mancheswar,20.32239,85.861938,Harassment,3,Night,Weekend,Poor,High,1073,Police,75
INC07123,Jaydev Vihar,20.303195,85.821881,Harassment,3,Night,Weekend,Poor,Medium,1312,Community,75
INC07124,Rasulgarh,20.288908,85.869334,Harassment,3,Night,Weekday,Moderate,Medium,715,Police,71
INC07125,Vani Vihar,20.299878,85.841878,Stalking,4,Morning,Weekday,Good,Medium,687,Community,58
INC07126,Mancheswar,20.320305,85.86699,Kidnapping Attempt,5,Night,Weekday,Poor,High,1288,Community,100
INC07127,Dumduma,20.264081,85.792442,Stalking,4,Evening,Weekday,Poor,Medium,622,Community,92
INC07128,Lingaraj,20.244322,85.833335,Stalking,4,Evening,Weekday,Poor,Medium,186,Community,91
INC07129,CRP Square,20.312962,85.819568,Harassment,3,Evening,Weekend,Poor,Medium,657,Community,69
INC07130,Saheed Nagar,20.298846,85.840555,Harassment,3,Evening,Weekday,Poor,Medium,1096,Community,73
INC07131,CRP Square,20.317612,85.824592,Assault on Woman,5,Evening,Weekday,Poor,Medium,703,Police,100
INC07132,KIIT Square,20.355797,85.81614,Harassment,3,Night,Weekday,Moderate,Medium,1476,Community,66
INC07133,Rasulgarh,20.287686,85.873834,Assault on Woman,5,Morning,Weekday,Moderate,Low,897,Community,86
INC07134,Khandagiri,20.257345,85.783731,Eve-teasing,2,Night,Weekday,Good,Medium,383,Community,44
INC07135,Rasulgarh,20.291689,85.873727,Snatching,3,Evening,Weekday,Moderate,Low,670,Community,68
INC07136,Old Town,20.236981,85.831166,Snatching,3,Afternoon,Weekend,Good,Low,593,Police,46
INC07137,Old Town,20.240335,85.836289,Harassment,3,Night,Weekday,Poor,High,505,Community,79
INC07138,Jaydev Vihar,20.302968,85.819599,Assault on Woman,5,Evening,Weekday,Poor,Medium,546,Community,100
INC07139,Chandrasekharpur,20.330351,85.823149,Harassment,3,Evening,Weekend,Moderate,Medium,1258,Community,63
INC07140,Chandrasekharpur,20.33004,85.821531,Stalking,4,Night,Weekend,Moderate,High,156,Community,90
INC07141,Jaydev Vihar,20.298105,85.822651,Snatching,3,Evening,Weekend,Good,High,202,Community,49
INC07142,Lingaraj,20.240818,85.835365,Assault on Woman,5,Night,Weekend,Poor,High,1491,Police,100
INC07143,Mancheswar,20.320669,85.86576,Snatching,3,Morning,Weekday,Poor,High,1156,Community,68
INC07144,Lingaraj,20.245351,85.835604,Stalking,4,Night,Weekday,Poor,High,1423,Community,94
INC07145,Dumduma,20.263207,85.79696,Snatching,3,Morning,Weekday,Poor,Low,466,Community,67
INC07146,Rasulgarh,20.292665,85.869151,Harassment,3,Night,Weekend,Good,High,896,Community,64
INC07147,Lingaraj,20.243655,85.836329,Stalking,4,Night,Weekend,Poor,High,1328,Community,90
INC07148,Lingaraj,20.241468,85.832707,Snatching,3,Evening,Weekday,Good,Medium,713,Police,54
INC07149,Saheed Nagar,20.295585,85.842512,Stalking,4,Evening,Weekday,Good,Medium,465,Community,67
INC07150,Mancheswar,20.324971,85.865605,Harassment,3,Night,Weekday,Good,High,787,Community,62
INC07151,KIIT Square,20.351887,85.816026,Stalking,4,Night,Weekend,Moderate,Low,1389,Community,87
INC07152,KIIT Square,20.353424,85.817322,Snatching,3,Morning,Weekday,Good,High,1166,Community,48
INC07153,Kalpana Square,20.259759,85.841413,Assault on Woman,5,Night,Weekday,Moderate,Low,1089,Community,100
INC07154,Master Canteen,20.271647,85.843821,Harassment,3,Night,Weekday,Moderate,Medium,828,Police,66
INC07155,Kalpana Square,20.260634,85.843035,Assault on Woman,5,Morning,Weekend,Poor,High,530,Police,99
INC07156,Master Canteen,20.267614,85.838401,Suspicious Activity,2,Afternoon,Weekday,Poor,Medium,229,Community,53
INC07157,Acharya Vihar,20.302858,85.834653,Assault on Woman,5,Night,Weekday,Good,Medium,758,Community,94
INC07158,Chandrasekharpur,20.332208,85.821693,Harassment,3,Morning,Weekday,Moderate,Medium,118,Police,58
INC07159,Chandrasekharpur,20.329668,85.823786,Harassment,3,Morning,Weekend,Good,Medium,166,Community,41
INC07160,Baramunda,20.271116,85.806961,Harassment,3,Night,Weekday,Good,Medium,969,Police,55
INC07161,Master Canteen,20.267883,85.838101,Harassment,3,Evening,Weekend,Good,Medium,269,Community,57
INC07162,Pokhariput,20.252357,85.803667,Suspicious Activity,2,Evening,Weekend,Moderate,Medium,619,Police,45
INC07163,Baramunda,20.269819,85.803228,Stalking,4,Evening,Weekend,Moderate,Medium,438,Community,73
INC07164,Vani Vihar,20.298929,85.839114,Harassment,3,Afternoon,Weekday,Moderate,Medium,1198,Community,53
INC07165,Rasulgarh,20.287607,85.873739,Harassment,3,Evening,Weekday,Moderate,High,1163,Police,63
INC07166,Saheed Nagar,20.299726,85.842271,Assault on Woman,5,Night,Weekend,Good,Low,1157,Community,94
INC07167,Saheed Nagar,20.299445,85.839686,Sexual Harassment,5,Evening,Weekday,Poor,Low,610,Community,98
INC07168,Patia,20.357652,85.821512,Assault on Woman,5,Evening,Weekend,Moderate,High,162,Community,88
INC07169,Rasulgarh,20.290564,85.870254,Harassment,3,Night,Weekday,Moderate,High,794,Community,72
INC07170,Nayapalli,20.297776,85.804741,Assault on Woman,5,Night,Weekday,Moderate,Low,751,Community,99
INC07171,Lingaraj,20.240974,85.833977,Harassment,3,Night,Weekend,Moderate,Low,1445,Community,68
INC07172,Dumduma,20.261856,85.796514,Suspicious Activity,2,Morning,Weekday,Poor,Medium,879,Police,47
INC07173,Lingaraj,20.243456,85.833459,Harassment,3,Afternoon,Weekend,Good,Low,104,Community,48
INC07174,Nayapalli,20.29406,85.807921,Sexual Harassment,5,Evening,Weekday,Moderate,Medium,1385,Community,96
INC07175,Lingaraj,20.241239,85.836121,Snatching,3,Night,Weekday,Poor,Low,1131,Police,84
INC07176,KIIT Square,20.351831,85.816436,Sexual Harassment,5,Night,Weekday,Poor,High,1219,Community,100
INC07177,Master Canteen,20.271566,85.839392,Harassment,3,Evening,Weekday,Moderate,Low,1416,Community,58
INC07178,Kalpana Square,20.257447,85.844107,Assault on Woman,5,Night,Weekday,Moderate,Low,1388,Community,96
INC07179,Jaydev Vihar,20.302537,85.819131,Suspicious Activity,2,Night,Weekend,Poor,Low,1105,Police,63
INC07180,Baramunda,20.272327,85.804038,Assault on Woman,5,Night,Weekday,Poor,Low,937,Community,100
INC07181,Jaydev Vihar,20.303873,85.820375,Harassment,3,Afternoon,Weekday,Poor,Low,1450,Community,61
INC07182,CRP Square,20.31309,85.823952,Snatching,3,Evening,Weekday,Good,Low,146,Community,53
INC07183,Chandrasekharpur,20.330595,85.822792,Harassment,3,Evening,Weekend,Moderate,Medium,928,Community,58
INC07184,Baramunda,20.269915,85.805023,Snatching,3,Night,Weekday,Poor,High,685,Community,79
INC07185,Baramunda,20.267374,85.802386,Harassment,3,Night,Weekend,Poor,Low,306,Police,79
INC07186,Master Canteen,20.270857,85.842218,Sexual Harassment,5,Evening,Weekend,Good,Medium,1149,Community,80
INC07187,Old Town,20.239918,85.836924,Harassment,3,Afternoon,Weekend,Good,Medium,1416,Police,45
INC07188,Patia,20.355771,85.817517,Sexual Harassment,5,Evening,Weekend,Poor,High,938,Community,100
INC07189,Acharya Vihar,20.302689,85.835322,Stalking,4,Evening,Weekend,Poor,Low,1313,Community,85
INC07190,Saheed Nagar,20.298262,85.843072,Stalking,4,Night,Weekend,Poor,High,611,Community,90
INC07191,Acharya Vihar,20.299271,85.834742,Assault on Woman,5,Evening,Weekend,Good,Medium,262,Community,80
INC07192,Vani Vihar,20.294248,85.839767,Harassment,3,Evening,Weekday,Moderate,Low,678,Community,60
INC07193,Patia,20.356078,85.816806,Harassment,3,Afternoon,Weekend,Good,High,595,Community,48
INC07194,Dumduma,20.263448,85.7935,Harassment,3,Evening,Weekday,Good,Low,1148,Community,53
INC07195,Mancheswar,20.323874,85.862097,Eve-teasing,2,Night,Weekend,Good,High,494,Community,50
INC07196,KIIT Square,20.352517,85.815331,Kidnapping Attempt,5,Night,Weekend,Moderate,Low,720,Community,99
INC07197,Lingaraj,20.241562,85.831826,Sexual Harassment,5,Morning,Weekday,Good,Medium,129,Community,80
INC07198,Old Town,20.240184,85.832376,Harassment,3,Evening,Weekend,Poor,Medium,793,Community,76
INC07199,Chandrasekharpur,20.329119,85.822984,Harassment,3,Afternoon,Weekday,Moderate,Low,920,Community,59
INC07200,Jaydev Vihar,20.298231,85.817394,Assault on Woman,5,Evening,Weekend,Good,Medium,1093,Community,88
INC07201,CRP Square,20.313316,85.822039,Eve-teasing,2,Evening,Weekday,Poor,High,983,Community,61
INC07202,Master Canteen,20.266229,85.83801,Kidnapping Attempt,5,Night,Weekday,Moderate,Low,424,Community,98
INC07203,Patia,20.357616,85.820744,Eve-teasing,2,Night,Weekday,Moderate,Low,684,Police,60
INC07204,Master Canteen,20.270528,85.842255,Assault on Woman,5,Morning,Weekday,Poor,High,166,Police,99
INC07205,CRP Square,20.315846,85.823971,Stalking,4,Evening,Weekend,Poor,Low,304,Police,84
INC07206,Patia,20.356327,85.8182,Assault on Woman,5,Evening,Weekday,Moderate,Medium,523,Community,88
INC07207,Vani Vihar,20.294703,85.84133,Harassment,3,Morning,Weekday,Poor,Low,781,Community,61
INC07208,Kalpana Square,20.259812,85.842377,Stalking,4,Evening,Weekday,Moderate,High,764,Police,82
INC07209,Jaydev Vihar,20.29863,85.819888,Stalking,4,Night,Weekend,Good,Medium,769,Police,80
INC07210,Pokhariput,20.252425,85.805715,Sexual Harassment,5,Night,Weekend,Moderate,High,938,Police,100
INC07211,Rasulgarh,20.290303,85.873905,Harassment,3,Evening,Weekend,Poor,Medium,875,Police,76
INC07212,Vani Vihar,20.294016,85.844401,Snatching,3,Evening,Weekday,Poor,Low,967,Community,74
INC07213,Infocity,20.342244,85.813125,Kidnapping Attempt,5,Evening,Weekend,Poor,High,722,Community,100
INC07214,Mancheswar,20.322421,85.866393,Sexual Harassment,5,Evening,Weekday,Moderate,Low,120,Community,95
INC07215,Dumduma,20.261715,85.795931,Sexual Harassment,5,Morning,Weekend,Good,High,1308,Police,80
INC07216,Khandagiri,20.25624,85.782194,Snatching,3,Night,Weekday,Moderate,High,581,Community,65
INC07217,Infocity,20.341436,85.815138,Suspicious Activity,2,Night,Weekend,Poor,High,1203,Community,70
INC07218,Dumduma,20.26651,85.794024,Stalking,4,Night,Weekend,Poor,Medium,1500,Police,99
INC07219,Rasulgarh,20.287447,85.873647,Kidnapping Attempt,5,Night,Weekday,Good,Low,362,Community,95
INC07220,Old Town,20.23648,85.833706,Harassment,3,Afternoon,Weekend,Good,Medium,615,Community,50
INC07221,Pokhariput,20.256779,85.804575,Harassment,3,Night,Weekday,Poor,Medium,1411,Police,82
INC07222,Old Town,20.236932,85.836636,Kidnapping Attempt,5,Night,Weekend,Moderate,Medium,987,Community,100
INC07223,Khandagiri,20.255382,85.780056,Stalking,4,Night,Weekend,Moderate,Low,1250,Community,88
INC07224,Baramunda,20.269046,85.805117,Assault on Woman,5,Night,Weekday,Moderate,Low,150,Community,100
INC07225,Jaydev Vihar,20.301506,85.820817,Stalking,4,Evening,Weekday,Moderate,Low,220,Community,82
INC07226,Infocity,20.344689,85.816743,Snatching,3,Evening,Weekend,Poor,Low,577,Community,73
INC07227,Pokhariput,20.25357,85.801697,Harassment,3,Evening,Weekday,Poor,Medium,886,Community,73
INC07228,Saheed Nagar,20.299396,85.839225,Assault on Woman,5,Evening,Weekend,Moderate,High,794,Community,91
INC07229,Vani Vihar,20.296319,85.839285,Kidnapping Attempt,5,Afternoon,Weekday,Good,Low,1219,Community,75
INC07230,Lingaraj,20.242801,85.834608,Sexual Harassment,5,Night,Weekend,Poor,Medium,286,Community,100
INC07231,KIIT Square,20.355001,85.820208,Assault on Woman,5,Evening,Weekend,Good,Medium,381,Community,79
INC07232,Pokhariput,20.256603,85.806339,Harassment,3,Evening,Weekend,Poor,High,1162,Police,78
INC07233,Chandrasekharpur,20.331647,85.818164,Kidnapping Attempt,5,Morning,Weekend,Good,Medium,401,Community,71
INC07234,Saheed Nagar,20.296163,85.838831,Stalking,4,Evening,Weekend,Moderate,High,779,Community,78
INC07235,Pokhariput,20.256867,85.805312,Harassment,3,Afternoon,Weekend,Poor,Medium,749,Community,65
INC07236,Chandrasekharpur,20.329222,85.821831,Harassment,3,Night,Weekday,Good,Medium,1044,Police,61
INC07237,Jaydev Vihar,20.302827,85.81764,Stalking,4,Afternoon,Weekday,Good,Low,1425,Community,63
INC07238,Baramunda,20.267537,85.805633,Stalking,4,Afternoon,Weekend,Moderate,High,861,Community,72
INC07239,Vani Vihar,20.294655,85.840319,Harassment,3,Evening,Weekday,Good,Low,672,Police,57
INC07240,CRP Square,20.313808,85.823939,Harassment,3,Afternoon,Weekday,Good,Low,410,Community,44
INC07241,Vani Vihar,20.29822,85.84223,Sexual Harassment,5,Afternoon,Weekend,Good,High,967,Community,80
INC07242,Lingaraj,20.242135,85.831786,Harassment,3,Afternoon,Weekend,Poor,High,364,Police,67
INC07243,Chandrasekharpur,20.331742,85.821998,Snatching,3,Morning,Weekday,Poor,Medium,1228,Community,65
INC07244,Master Canteen,20.269544,85.841276,Harassment,3,Night,Weekend,Moderate,High,335,Community,73
INC07245,Pokhariput,20.253814,85.80321,Harassment,3,Night,Weekday,Moderate,Low,142,Police,71
INC07246,Nayapalli,20.298412,85.807468,Stalking,4,Night,Weekday,Good,Medium,1350,Community,70
INC07247,Nayapalli,20.294071,85.807602,Stalking,4,Morning,Weekday,Poor,Low,1464,Community,77
INC07248,Acharya Vihar,20.299074,85.835054,Stalking,4,Evening,Weekend,Good,High,747,Community,71
INC07249,Jaydev Vihar,20.30143,85.81756,Eve-teasing,2,Afternoon,Weekend,Good,Medium,420,Police,25
INC07250,Acharya Vihar,20.302983,85.834997,Stalking,4,Night,Weekday,Moderate,Medium,278,Police,90
INC07251,Infocity,20.344058,85.81606,Harassment,3,Night,Weekday,Poor,Low,427,Community,78
INC07252,Master Canteen,20.269173,85.84006,Harassment,3,Night,Weekday,Moderate,High,192,Community,67
INC07253,Kalpana Square,20.262842,85.845682,Stalking,4,Evening,Weekend,Moderate,Medium,1032,Community,76
INC07254,Lingaraj,20.242727,85.831827,Harassment,3,Evening,Weekend,Poor,Medium,1092,Police,78
INC07255,Vani Vihar,20.29541,85.840745,Eve-teasing,2,Morning,Weekday,Poor,Low,172,Community,47
INC07256,Chandrasekharpur,20.330986,85.822319,Assault on Woman,5,Evening,Weekday,Poor,Medium,547,Community,100
INC07257,Nayapalli,20.295751,85.802289,Sexual Harassment,5,Afternoon,Weekday,Poor,Low,823,Community,95
INC07258,Lingaraj,20.245481,85.833612,Suspicious Activity,2,Night,Weekday,Poor,Low,722,Community,62
INC07259,Pokhariput,20.256992,85.805968,Harassment,3,Night,Weekend,Good,Medium,530,Community,55
INC07260,Baramunda,20.267056,85.801149,Assault on Woman,5,Afternoon,Weekday,Good,High,905,Police,72
INC07261,CRP Square,20.317422,85.822626,Eve-teasing,2,Afternoon,Weekday,Good,High,460,Community,28
INC07262,Khandagiri,20.255504,85.778927,Stalking,4,Night,Weekend,Moderate,Low,687,Community,87
INC07263,Jaydev Vihar,20.302909,85.819019,Assault on Woman,5,Evening,Weekend,Moderate,Low,690,Community,95
INC07264,Mancheswar,20.32121,85.864308,Stalking,4,Evening,Weekday,Poor,Medium,1489,Police,87
INC07265,Rasulgarh,20.287319,85.872804,Kidnapping Attempt,5,Night,Weekday,Poor,High,964,Community,100
INC07266,Lingaraj,20.244588,85.834029,Assault on Woman,5,Night,Weekend,Good,Low,666,Police,91
INC07267,Mancheswar,20.324166,85.866294,Stalking,4,Evening,Weekday,Poor,Medium,949,Community,93
INC07268,CRP Square,20.312849,85.823794,Stalking,4,Evening,Weekday,Poor,High,222,Community,84
INC07269,Master Canteen,20.267755,85.84113,Snatching,3,Evening,Weekend,Moderate,Medium,1444,Community,67
INC07270,Infocity,20.342733,85.81479,Sexual Harassment,5,Evening,Weekend,Poor,Medium,754,Community,98
INC07271,CRP Square,20.314109,85.822712,Suspicious Activity,2,Morning,Weekday,Moderate,Medium,1321,Community,45
INC07272,Acharya Vihar,20.301384,85.833976,Harassment,3,Night,Weekday,Poor,Medium,1251,Community,81
INC07273,Infocity,20.342893,85.813033,Stalking,4,Night,Weekend,Moderate,High,1319,Community,88
INC07274,Kalpana Square,20.257705,85.842227,Assault on Woman,5,Afternoon,Weekend,Poor,High,718,Police,100
INC07275,Mancheswar,20.322983,85.866189,Harassment,3,Afternoon,Weekday,Poor,Low,395,Community,69
INC07276,Vani Vihar,20.295425,85.839788,Sexual Harassment,5,Night,Weekday,Good,Medium,1132,Community,90
INC07277,Acharya Vihar,20.297382,85.834025,Assault on Woman,5,Evening,Weekday,Good,Medium,1357,Community,85
INC07278,Mancheswar,20.32382,85.865358,Assault on Woman,5,Night,Weekday,Poor,Low,170,Community,100
INC07279,Lingaraj,20.240835,85.833486,Harassment,3,Afternoon,Weekday,Poor,Medium,1328,Community,67
INC07280,Mancheswar,20.320836,85.864767,Kidnapping Attempt,5,Night,Weekend,Moderate,Low,1036,Community,95
INC07281,Patia,20.357225,85.818432,Snatching,3,Evening,Weekday,Poor,Medium,838,Police,77
INC07282,Mancheswar,20.319496,85.864171,Snatching,3,Evening,Weekend,Poor,High,620,Community,72
INC07283,Kalpana Square,20.262516,85.843483,Snatching,3,Morning,Weekend,Poor,Medium,499,Community,60
INC07284,Pokhariput,20.252303,85.803312,Suspicious Activity,2,Evening,Weekend,Poor,High,751,Community,55
INC07285,Patia,20.353771,85.817256,Harassment,3,Afternoon,Weekday,Moderate,High,1130,Community,56
INC07286,Master Canteen,20.270279,85.842146,Harassment,3,Evening,Weekday,Poor,Medium,844,Community,68
INC07287,Rasulgarh,20.289114,85.872788,Kidnapping Attempt,5,Afternoon,Weekend,Poor,Low,666,Community,90
INC07288,CRP Square,20.312665,85.819315,Snatching,3,Night,Weekday,Poor,High,1143,Police,75
INC07289,Patia,20.352716,85.816807,Harassment,3,Morning,Weekend,Poor,Medium,1136,Police,60
INC07290,Vani Vihar,20.294001,85.842856,Snatching,3,Evening,Weekend,Moderate,Low,163,Community,67
INC07291,Nayapalli,20.29351,85.802838,Harassment,3,Night,Weekend,Good,High,871,Police,57
INC07292,Mancheswar,20.32164,85.86395,Harassment,3,Evening,Weekday,Good,High,1023,Community,51
INC07293,Chandrasekharpur,20.332094,85.823703,Harassment,3,Night,Weekday,Poor,High,634,Community,75
INC07294,Old Town,20.240843,85.836562,Snatching,3,Night,Weekend,Poor,Medium,1361,Community,80
INC07295,Lingaraj,20.241703,85.832794,Eve-teasing,2,Evening,Weekday,Moderate,Medium,417,Community,53
INC07296,Infocity,20.345664,85.817388,Stalking,4,Evening,Weekday,Poor,Medium,904,Community,86
INC07297,Kalpana Square,20.261,85.844417,Stalking,4,Evening,Weekend,Good,Low,1131,Police,70
INC07298,Pokhariput,20.252897,85.803223,Snatching,3,Evening,Weekend,Moderate,Medium,906,Community,60
INC07299,Rasulgarh,20.292,85.869778,Stalking,4,Evening,Weekday,Good,High,162,Police,67
INC07300,Kalpana Square,20.258182,85.841196,Eve-teasing,2,Night,Weekday,Good,Medium,730,Community,50
INC07301,Dumduma,20.262141,85.793703,Harassment,3,Night,Weekday,Moderate,High,446,Community,69
INC07302,Acharya Vihar,20.297935,85.832036,Harassment,3,Night,Weekday,Moderate,Medium,426,Community,72
INC07303,Khandagiri,20.256809,85.783733,Assault on Woman,5,Night,Weekday,Good,Low,876,Community,91
INC07304,Baramunda,20.27013,85.801794,Assault on Woman,5,Evening,Weekday,Poor,High,744,Police,98
INC07305,Chandrasekharpur,20.329154,85.819362,Kidnapping Attempt,5,Night,Weekend,Poor,Low,914,Community,100
INC07306,Nayapalli,20.293463,85.802527,Assault on Woman,5,Night,Weekday,Poor,Medium,134,Community,100
INC07307,KIIT Square,20.353381,85.820827,Stalking,4,Evening,Weekend,Poor,High,738,Police,84
INC07308,CRP Square,20.31213,85.823484,Snatching,3,Evening,Weekday,Good,Low,1370,Community,55
INC07309,Khandagiri,20.254618,85.781555,Harassment,3,Afternoon,Weekday,Poor,High,192,Community,65
INC07310,KIIT Square,20.354129,85.82018,Assault on Woman,5,Afternoon,Weekday,Moderate,High,1370,Community,85
INC07311,Mancheswar,20.320634,85.866149,Sexual Harassment,5,Night,Weekday,Poor,Medium,1090,Community,100
INC07312,Vani Vihar,20.298783,85.841791,Harassment,3,Evening,Weekend,Good,Medium,505,Police,49
INC07313,Mancheswar,20.322886,85.865801,Kidnapping Attempt,5,Evening,Weekday,Poor,Low,1499,Community,100
INC07314,Pokhariput,20.257468,85.803963,Assault on Woman,5,Afternoon,Weekend,Good,Low,476,Community,71
INC07315,Khandagiri,20.255536,85.78006,Harassment,3,Afternoon,Weekend,Good,Low,647,Community,47
INC07316,Chandrasekharpur,20.33269,85.82282,Snatching,3,Evening,Weekday,Poor,Low,1072,Community,77
INC07317,Nayapalli,20.294914,85.803314,Harassment,3,Morning,Weekday,Moderate,Low,1110,Community,57
INC07318,Chandrasekharpur,20.332776,85.822362,Kidnapping Attempt,5,Night,Weekend,Poor,Medium,1107,Police,100
INC07319,Dumduma,20.265603,85.793042,Eve-teasing,2,Morning,Weekend,Moderate,High,450,Police,40
INC07320,Dumduma,20.266737,85.793609,Eve-teasing,2,Afternoon,Weekday,Good,Medium,330,Community,28
INC07321,Saheed Nagar,20.294984,85.839086,Assault on Woman,5,Evening,Weekday,Moderate,High,536,Police,97
INC07322,Chandrasekharpur,20.333244,85.821973,Stalking,4,Morning,Weekday,Good,Medium,1214,Police,60
INC07323,CRP Square,20.315402,85.823721,Eve-teasing,2,Afternoon,Weekend,Poor,High,1242,Community,53
INC07324,Patia,20.355701,85.8185,Suspicious Activity,2,Morning,Weekday,Good,Medium,1390,Community,26
INC07325,Jaydev Vihar,20.299389,85.817131,Suspicious Activity,2,Evening,Weekday,Good,Medium,1253,Police,34
INC07326,Lingaraj,20.240011,85.831794,Assault on Woman,5,Night,Weekend,Good,Medium,610,Community,89
INC07327,Vani Vihar,20.294013,85.842473,Stalking,4,Morning,Weekday,Good,Medium,593,Community,65
INC07328,Khandagiri,20.25692,85.778833,Harassment,3,Night,Weekend,Poor,Low,617,Community,78
INC07329,Vani Vihar,20.297962,85.839361,Snatching,3,Evening,Weekend,Good,Medium,211,Police,57
INC07330,Dumduma,20.262969,85.795613,Suspicious Activity,2,Afternoon,Weekend,Poor,High,107,Community,46
INC07331,CRP Square,20.314071,85.819631,Harassment,3,Night,Weekend,Good,Medium,758,Community,65
INC07332,Acharya Vihar,20.299561,85.836017,Snatching,3,Night,Weekday,Moderate,Medium,642,Community,67
INC07333,Lingaraj,20.24186,85.832832,Sexual Harassment,5,Morning,Weekend,Poor,Medium,1370,Community,98
INC07334,Lingaraj,20.244735,85.83303,Stalking,4,Night,Weekday,Poor,Low,1229,Police,93
INC07335,Infocity,20.341713,85.814071,Eve-teasing,2,Evening,Weekday,Moderate,High,874,Community,51
INC07336,Infocity,20.346009,85.813118,Sexual Harassment,5,Afternoon,Weekend,Moderate,Low,523,Community,81
INC07337,Chandrasekharpur,20.331273,85.820787,Harassment,3,Evening,Weekend,Poor,High,744,Police,68
INC07338,Old Town,20.235219,85.831618,Stalking,4,Afternoon,Weekend,Poor,High,1006,Police,81
INC07339,Vani Vihar,20.297424,85.843026,Snatching,3,Afternoon,Weekday,Poor,High,674,Police,62
INC07340,Jaydev Vihar,20.303917,85.817247,Harassment,3,Evening,Weekend,Good,Low,702,Community,57
INC07341,Vani Vihar,20.296843,85.840777,Snatching,3,Evening,Weekend,Poor,Low,351,Community,73
INC07342,Acharya Vihar,20.29804,85.834792,Harassment,3,Morning,Weekday,Poor,Medium,127,Police,65
INC07343,Kalpana Square,20.26164,85.844479,Kidnapping Attempt,5,Evening,Weekend,Poor,High,240,Community,100
INC07344,Mancheswar,20.324171,85.864453,Harassment,3,Evening,Weekday,Moderate,Medium,616,Community,68
INC07345,KIIT Square,20.353957,85.820137,Stalking,4,Night,Weekend,Poor,Low,1121,Community,90
INC07346,Lingaraj,20.244062,85.8363,Harassment,3,Night,Weekday,Poor,High,751,Community,75
INC07347,CRP Square,20.316077,85.821922,Stalking,4,Night,Weekday,Poor,High,936,Community,93
INC07348,Jaydev Vihar,20.301248,85.819758,Harassment,3,Evening,Weekday,Poor,Medium,707,Community,73
INC07349,Chandrasekharpur,20.332372,85.823987,Stalking,4,Night,Weekend,Poor,Medium,612,Community,95
INC07350,Patia,20.355742,85.817149,Suspicious Activity,2,Evening,Weekend,Poor,High,314,Community,62
INC07351,Chandrasekharpur,20.333533,85.821356,Snatching,3,Afternoon,Weekend,Good,Medium,446,Community,47
INC07352,Jaydev Vihar,20.299492,85.818954,Eve-teasing,2,Afternoon,Weekday,Good,High,344,Community,35
INC07353,Pokhariput,20.255211,85.805161,Stalking,4,Night,Weekend,Moderate,High,1263,Police,90
INC07354,KIIT Square,20.354719,85.820996,Assault on Woman,5,Night,Weekday,Moderate,Medium,1219,Community,100
INC07355,Baramunda,20.267913,85.804093,Harassment,3,Night,Weekend,Poor,Medium,1480,Community,79
INC07356,Infocity,20.344551,85.817196,Stalking,4,Evening,Weekend,Moderate,High,1129,Community,82
INC07357,KIIT Square,20.354104,85.820036,Stalking,4,Afternoon,Weekday,Good,Medium,1004,Police,63
INC07358,Kalpana Square,20.258701,85.844215,Harassment,3,Evening,Weekend,Poor,Low,1267,Community,74
INC07359,Jaydev Vihar,20.298401,85.822197,Sexual Harassment,5,Night,Weekend,Good,Medium,880,Police,90
INC07360,Kalpana Square,20.260585,85.843059,Harassment,3,Night,Weekday,Moderate,Medium,544,Community,72
INC07361,Patia,20.354557,85.816856,Harassment,3,Night,Weekend,Poor,Low,840,Community,77
INC07362,Chandrasekharpur,20.333724,85.822854,Suspicious Activity,2,Evening,Weekend,Good,Low,776,Community,39
INC07363,Patia,20.357973,85.822415,Eve-teasing,2,Evening,Weekend,Good,Low,1022,Police,33
INC07364,Kalpana Square,20.258907,85.845976,Assault on Woman,5,Evening,Weekday,Poor,High,430,Police,99
INC07365,Khandagiri,20.259773,85.779317,Snatching,3,Evening,Weekend,Moderate,Medium,497,Community,61
INC07366,Patia,20.353853,85.821433,Suspicious Activity,2,Afternoon,Weekday,Moderate,Low,477,Community,35
INC07367,Lingaraj,20.244846,85.832323,Harassment,3,Evening,Weekend,Poor,Medium,1109,Community,70
INC07368,Master Canteen,20.270811,85.842893,Stalking,4,Evening,Weekend,Poor,Medium,611,Community,92
INC07369,Mancheswar,20.321022,85.863018,Stalking,4,Afternoon,Weekend,Poor,High,1336,Police,76
INC07370,Dumduma,20.264632,85.795187,Harassment,3,Evening,Weekend,Poor,Low,874,Community,72
INC07371,Nayapalli,20.2987,85.802254,Sexual Harassment,5,Night,Weekend,Poor,Medium,1416,Police,100
INC07372,Mancheswar,20.320653,85.864792,Assault on Woman,5,Night,Weekday,Poor,Low,330,Police,100
INC07373,Pokhariput,20.255205,85.803784,Assault on Woman,5,Evening,Weekend,Moderate,Medium,819,Police,92
INC07374,Chandrasekharpur,20.330155,85.81876,Harassment,3,Evening,Weekday,Poor,Medium,1305,Community,78
INC07375,Dumduma,20.263834,85.791026,Harassment,3,Evening,Weekend,Moderate,High,322,Police,60
INC07376,Khandagiri,20.257473,85.781774,Assault on Woman,5,Morning,Weekday,Moderate,Low,958,Community,80
INC07377,Jaydev Vihar,20.300913,85.821387,Assault on Woman,5,Evening,Weekend,Good,Medium,284,Community,86
INC07378,KIIT Square,20.355381,85.817857,Suspicious Activity,2,Evening,Weekday,Poor,Medium,961,Community,61
INC07379,Baramunda,20.270122,85.804329,Harassment,3,Night,Weekday,Poor,Low,1004,Community,79
INC07380,Lingaraj,20.244861,85.831278,Stalking,4,Evening,Weekday,Good,Low,1272,Community,69
INC07381,CRP Square,20.31771,85.823861,Snatching,3,Evening,Weekday,Poor,Medium,1117,Community,71
INC07382,Patia,20.352282,85.816733,Stalking,4,Night,Weekend,Poor,High,545,Community,99
INC07383,Patia,20.355034,85.818173,Sexual Harassment,5,Night,Weekend,Moderate,Low,482,Community,98
INC07384,Patia,20.3567,85.820055,Stalking,4,Afternoon,Weekday,Good,High,1485,Community,65
INC07385,Acharya Vihar,20.30219,85.832779,Kidnapping Attempt,5,Night,Weekday,Moderate,Low,261,Police,100
INC07386,Dumduma,20.265887,85.79426,Assault on Woman,5,Night,Weekday,Moderate,High,646,Community,100
INC07387,Mancheswar,20.323218,85.863226,Harassment,3,Evening,Weekend,Good,Medium,538,Community,51
INC07388,Nayapalli,20.297372,85.80699,Assault on Woman,5,Evening,Weekday,Poor,High,185,Community,100
INC07389,Kalpana Square,20.259521,85.841777,Suspicious Activity,2,Night,Weekend,Good,Medium,1068,Community,49
INC07390,Chandrasekharpur,20.333147,85.822084,Harassment,3,Night,Weekday,Good,Medium,1084,Community,62
INC07391,Rasulgarh,20.290317,85.873275,Harassment,3,Night,Weekend,Moderate,Medium,426,Community,67
INC07392,Baramunda,20.27204,85.804384,Eve-teasing,2,Afternoon,Weekday,Moderate,Low,1120,Community,36
INC07393,Pokhariput,20.252858,85.80661,Assault on Woman,5,Night,Weekday,Good,High,868,Police,88
INC07394,Pokhariput,20.252227,85.801274,Eve-teasing,2,Afternoon,Weekend,Moderate,Low,712,Police,43
INC07395,Khandagiri,20.254683,85.780021,Assault on Woman,5,Evening,Weekend,Good,Medium,1019,Community,88
INC07396,Chandrasekharpur,20.329361,85.819051,Eve-teasing,2,Evening,Weekend,Moderate,Low,459,Police,52
INC07397,Dumduma,20.265229,85.793354,Suspicious Activity,2,Night,Weekend,Moderate,High,1145,Community,53
INC07398,Saheed Nagar,20.298944,85.84396,Stalking,4,Morning,Weekday,Good,Low,243,Community,60
INC07399,CRP Square,20.313445,85.824823,Stalking,4,Evening,Weekday,Moderate,Low,136,Community,79
INC07400,Pokhariput,20.2566,85.80646,Harassment,3,Afternoon,Weekday,Poor,Low,384,Community,66
INC07401,Acharya Vihar,20.302276,85.833534,Harassment,3,Evening,Weekend,Good,Low,1387,Community,58
INC07402,Saheed Nagar,20.296257,85.841529,Harassment,3,Evening,Weekday,Poor,High,260,Police,73
INC07403,Kalpana Square,20.260503,85.841882,Snatching,3,Evening,Weekend,Poor,Medium,321,Community,72
INC07404,Khandagiri,20.260212,85.782134,Snatching,3,Evening,Weekend,Moderate,Medium,1378,Community,58
INC07405,CRP Square,20.315467,85.824614,Harassment,3,Evening,Weekday,Poor,High,1178,Community,78
INC07406,Jaydev Vihar,20.303933,85.822577,Harassment,3,Afternoon,Weekday,Poor,Medium,350,Community,61
INC07407,Jaydev Vihar,20.298978,85.819686,Suspicious Activity,2,Morning,Weekday,Moderate,High,826,Community,39
INC07408,Vani Vihar,20.298175,85.840351,Eve-teasing,2,Morning,Weekend,Moderate,Low,339,Police,44
INC07409,KIIT Square,20.352715,85.820003,Suspicious Activity,2,Evening,Weekend,Good,High,1070,Community,39
INC07410,Kalpana Square,20.257712,85.841695,Snatching,3,Night,Weekday,Poor,Low,452,Community,78
INC07411,Acharya Vihar,20.300511,85.836493,Snatching,3,Night,Weekend,Moderate,Low,184,Community,65
INC07412,Master Canteen,20.270987,85.84195,Harassment,3,Afternoon,Weekday,Moderate,Medium,1159,Community,50
INC07413,KIIT Square,20.355118,85.818638,Assault on Woman,5,Night,Weekday,Moderate,High,1194,Community,100
INC07414,Khandagiri,20.259814,85.781753,Stalking,4,Afternoon,Weekend,Moderate,Medium,220,Community,67
INC07415,Mancheswar,20.319778,85.866596,Stalking,4,Evening,Weekend,Moderate,High,651,Community,83
INC07416,Nayapalli,20.29837,85.80256,Sexual Harassment,5,Night,Weekday,Moderate,High,894,Police,100
INC07417,Vani Vihar,20.295225,85.844323,Harassment,3,Evening,Weekend,Good,Medium,381,Community,56
INC07418,Old Town,20.236775,85.832396,Harassment,3,Night,Weekend,Poor,Medium,1184,Community,79
INC07419,Dumduma,20.261837,85.792961,Kidnapping Attempt,5,Evening,Weekend,Moderate,Medium,1149,Community,97
INC07420,Jaydev Vihar,20.302551,85.820215,Stalking,4,Evening,Weekend,Good,Medium,1218,Community,71
INC07421,Old Town,20.24059,85.836703,Kidnapping Attempt,5,Evening,Weekend,Moderate,Medium,674,Community,92
INC07422,Acharya Vihar,20.302277,85.836443,Harassment,3,Afternoon,Weekday,Good,Low,257,Police,41
INC07423,Old Town,20.239301,85.835417,Stalking,4,Night,Weekday,Good,High,604,Police,71
INC07424,Jaydev Vihar,20.300483,85.822461,Stalking,4,Evening,Weekend,Poor,Medium,534,Community,84
INC07425,Kalpana Square,20.258663,85.84415,Stalking,4,Evening,Weekday,Good,Medium,882,Community,70
INC07426,Mancheswar,20.321258,85.866771,Snatching,3,Morning,Weekend,Poor,Low,1445,Community,70
INC07427,Master Canteen,20.268902,85.843785,Eve-teasing,2,Evening,Weekend,Moderate,High,202,Community,48
INC07428,Lingaraj,20.240186,85.831476,Harassment,3,Night,Weekend,Poor,Medium,1252,Community,77
INC07429,Kalpana Square,20.257658,85.845644,Snatching,3,Afternoon,Weekday,Good,High,1337,Community,43
INC07430,Acharya Vihar,20.299894,85.835993,Assault on Woman,5,Morning,Weekday,Poor,Low,398,Community,90
INC07431,Pokhariput,20.255765,85.805693,Stalking,4,Afternoon,Weekend,Moderate,High,711,Community,73
INC07432,KIIT Square,20.35061,85.815665,Harassment,3,Afternoon,Weekend,Moderate,Low,927,Community,54
INC07433,Vani Vihar,20.299192,85.842225,Kidnapping Attempt,5,Afternoon,Weekend,Moderate,High,1396,Community,90
INC07434,Pokhariput,20.256097,85.803824,Snatching,3,Afternoon,Weekend,Moderate,Low,527,Community,54
INC07435,Old Town,20.239067,85.83683,Eve-teasing,2,Evening,Weekday,Poor,High,1064,Community,56
INC07436,Lingaraj,20.243748,85.833929,Sexual Harassment,5,Evening,Weekend,Good,High,1361,Community,83
INC07437,Baramunda,20.269128,85.802478,Stalking,4,Night,Weekend,Moderate,Medium,854,Community,80
INC07438,Mancheswar,20.320137,85.864106,Sexual Harassment,5,Evening,Weekday,Good,High,1296,Community,81
INC07439,Kalpana Square,20.262751,85.840617,Assault on Woman,5,Night,Weekend,Good,High,1174,Community,88
INC07440,Infocity,20.342971,85.81322,Harassment,3,Night,Weekend,Poor,Medium,829,Community,77
INC07441,Pokhariput,20.253091,85.806208,Snatching,3,Night,Weekday,Poor,High,1060,Police,83
INC07442,Saheed Nagar,20.297472,85.843598,Snatching,3,Morning,Weekend,Good,High,1195,Police,42
INC07443,Vani Vihar,20.295823,85.841204,Assault on Woman,5,Night,Weekend,Good,High,851,Community,93
INC07444,Old Town,20.238293,85.836859,Snatching,3,Night,Weekend,Poor,Medium,464,Community,83
INC07445,Dumduma,20.262609,85.796636,Sexual Harassment,5,Night,Weekday,Poor,High,485,Community,100
INC07446,KIIT Square,20.35432,85.816423,Stalking,4,Evening,Weekday,Poor,Medium,1030,Police,88
INC07447,Jaydev Vihar,20.302311,85.81806,Suspicious Activity,2,Night,Weekend,Poor,Medium,1415,Community,68
INC07448,Dumduma,20.265284,85.791872,Harassment,3,Afternoon,Weekend,Good,High,659,Police,40
INC07449,Infocity,20.341235,85.818868,Suspicious Activity,2,Evening,Weekend,Moderate,High,302,Community,43
INC07450,Old Town,20.237985,85.833289,Snatching,3,Afternoon,Weekday,Moderate,Medium,399,Police,53
INC07451,KIIT Square,20.352998,85.816855,Snatching,3,Night,Weekend,Good,Medium,282,Police,55
INC07452,Mancheswar,20.322366,85.861317,Sexual Harassment,5,Evening,Weekday,Good,Medium,512,Police,80
INC07453,Saheed Nagar,20.298375,85.844189,Stalking,4,Night,Weekend,Poor,Medium,1251,Community,94
INC07454,Rasulgarh,20.289501,85.870264,Assault on Woman,5,Evening,Weekend,Moderate,Medium,1028,Police,93
INC07455,Infocity,20.341192,85.813649,Harassment,3,Night,Weekday,Good,High,178,Community,60
INC07456,Chandrasekharpur,20.330522,85.819534,Suspicious Activity,2,Afternoon,Weekend,Poor,Medium,381,Community,55
INC07457,Infocity,20.345419,85.81374,Kidnapping Attempt,5,Night,Weekend,Poor,Low,871,Community,100
INC07458,Saheed Nagar,20.29656,85.840813,Sexual Harassment,5,Night,Weekday,Good,Low,1255,Community,86
INC07459,Vani Vihar,20.297787,85.842461,Harassment,3,Afternoon,Weekday,Good,High,381,Police,44
INC07460,Vani Vihar,20.299206,85.844046,Eve-teasing,2,Evening,Weekday,Good,Medium,1479,Community,36
INC07461,Master Canteen,20.267825,85.841219,Harassment,3,Night,Weekend,Moderate,Low,830,Community,72
INC07462,Pokhariput,20.253179,85.801433,Sexual Harassment,5,Night,Weekday,Moderate,Medium,517,Community,100
INC07463,Lingaraj,20.242592,85.834159,Stalking,4,Evening,Weekend,Poor,High,744,Community,89
INC07464,Old Town,20.238668,85.832968,Sexual Harassment,5,Evening,Weekend,Poor,Low,398,Community,100
INC07465,KIIT Square,20.351837,85.815598,Harassment,3,Afternoon,Weekday,Moderate,Medium,1325,Police,52
INC07466,Master Canteen,20.267536,85.841065,Harassment,3,Afternoon,Weekend,Good,Low,391,Community,40
INC07467,Chandrasekharpur,20.32987,85.822382,Harassment,3,Morning,Weekday,Poor,High,124,Police,67
INC07468,Rasulgarh,20.289009,85.87128,Sexual Harassment,5,Night,Weekday,Good,High,223,Police,86
INC07469,Master Canteen,20.269796,85.841233,Suspicious Activity,2,Morning,Weekend,Moderate,Low,1182,Community,40
INC07470,Acharya Vihar,20.301593,85.836903,Suspicious Activity,2,Evening,Weekday,Good,Medium,207,Police,42
INC07471,Saheed Nagar,20.299631,85.842582,Harassment,3,Night,Weekday,Moderate,Low,443,Community,67
INC07472,Rasulgarh,20.287592,85.871032,Harassment,3,Night,Weekend,Poor,Low,868,Community,85
INC07473,Old Town,20.235326,85.834087,Eve-teasing,2,Evening,Weekend,Moderate,Medium,230,Community,51
INC07474,CRP Square,20.312369,85.819326,Assault on Woman,5,Night,Weekday,Good,High,1368,Community,95
INC07475,Rasulgarh,20.288283,85.873152,Assault on Woman,5,Night,Weekday,Poor,Low,853,Community,100
INC07476,Infocity,20.345343,85.817711,Stalking,4,Evening,Weekend,Good,Low,555,Community,71
INC07477,Master Canteen,20.269932,85.840497,Stalking,4,Night,Weekday,Good,Low,155,Community,75
INC07478,Lingaraj,20.245156,85.83182,Stalking,4,Night,Weekday,Poor,Low,192,Police,91
INC07479,Nayapalli,20.293812,85.802622,Harassment,3,Night,Weekday,Poor,High,1280,Community,77
INC07480,Chandrasekharpur,20.334718,85.821167,Sexual Harassment,5,Evening,Weekday,Poor,Medium,496,Police,100
INC07481,Dumduma,20.264598,85.795203,Harassment,3,Night,Weekend,Poor,Low,204,Police,77
INC07482,Saheed Nagar,20.29858,85.838629,Eve-teasing,2,Afternoon,Weekend,Moderate,Low,1162,Community,42
INC07483,CRP Square,20.314788,85.819447,Suspicious Activity,2,Night,Weekday,Poor,Medium,596,Police,70
INC07484,Patia,20.354818,85.818887,Kidnapping Attempt,5,Afternoon,Weekday,Poor,High,890,Community,96
INC07485,Pokhariput,20.255962,85.801503,Stalking,4,Evening,Weekday,Moderate,Medium,1441,Community,73
INC07486,Patia,20.353513,85.822174,Kidnapping Attempt,5,Evening,Weekend,Poor,Low,183,Community,100
INC07487,Rasulgarh,20.290033,85.871663,Harassment,3,Night,Weekday,Poor,Low,1363,Police,78
INC07488,Old Town,20.240228,85.835325,Suspicious Activity,2,Evening,Weekend,Moderate,Medium,789,Community,51
INC07489,Pokhariput,20.256202,85.80493,Suspicious Activity,2,Evening,Weekday,Good,Medium,555,Community,40
INC07490,Saheed Nagar,20.294417,85.83972,Harassment,3,Evening,Weekday,Poor,Medium,1471,Police,69
INC07491,Mancheswar,20.323381,85.866232,Snatching,3,Night,Weekend,Poor,Medium,331,Community,78
INC07492,Old Town,20.236692,85.834238,Assault on Woman,5,Night,Weekend,Good,Medium,1053,Community,88
INC07493,Jaydev Vihar,20.298487,85.818039,Assault on Woman,5,Night,Weekday,Moderate,Medium,691,Community,95
INC07494,Infocity,20.341171,85.818306,Eve-teasing,2,Night,Weekday,Poor,High,295,Police,69
INC07495,Khandagiri,20.256239,85.783291,Assault on Woman,5,Afternoon,Weekday,Good,Medium,1271,Police,75
INC07496,CRP Square,20.31228,85.820206,Snatching,3,Night,Weekday,Good,High,410,Community,64
INC07497,Kalpana Square,20.261768,85.84319,Snatching,3,Night,Weekday,Poor,Low,287,Community,78
INC07498,Old Town,20.236419,85.831008,Harassment,3,Evening,Weekday,Moderate,Medium,187,Police,59
INC07499,Saheed Nagar,20.295028,85.843871,Snatching,3,Afternoon,Weekend,Moderate,Medium,293,Community,52
INC07500,Rasulgarh,20.292864,85.873787,Harassment,3,Evening,Weekend,Poor,High,1224,Community,78
INC07501,Old Town,20.238559,85.835283,Stalking,4,Afternoon,Weekend,Good,Low,672,Community,56
INC07502,CRP Square,20.313804,85.822549,Stalking,4,Evening,Weekend,Good,High,1072,Community,65
INC07503,KIIT Square,20.351443,85.815362,Harassment,3,Evening,Weekday,Poor,High,1031,Police,72
INC07504,CRP Square,20.316576,85.819154,Assault on Woman,5,Night,Weekday,Good,High,1046,Police,89
INC07505,Master Canteen,20.266263,85.843009,Stalking,4,Evening,Weekday,Good,Medium,1214,Community,70
INC07506,Kalpana Square,20.257325,85.844338,Harassment,3,Night,Weekend,Good,High,1059,Community,56
INC07507,CRP Square,20.317871,85.82469,Stalking,4,Afternoon,Weekend,Good,Medium,281,Community,65
INC07508,Pokhariput,20.252403,85.803364,Stalking,4,Night,Weekday,Moderate,Medium,1029,Community,83
INC07509,Lingaraj,20.245613,85.833804,Harassment,3,Evening,Weekend,Moderate,Medium,1267,Community,63
INC07510,Infocity,20.342714,85.814485,Stalking,4,Night,Weekend,Moderate,High,990,Community,87
INC07511,Rasulgarh,20.292962,85.872808,Sexual Harassment,5,Evening,Weekend,Poor,High,1373,Community,99
INC07512,Old Town,20.237227,85.831442,Stalking,4,Afternoon,Weekday,Poor,Low,751,Police,80
INC07513,Mancheswar,20.322165,85.86156,Snatching,3,Evening,Weekday,Good,Low,1407,Community,54
INC07514,Vani Vihar,20.296418,85.840106,Stalking,4,Night,Weekend,Moderate,Medium,1423,Police,83
INC07515,Baramunda,20.270499,85.803863,Eve-teasing,2,Night,Weekend,Poor,Medium,125,Community,68
INC07516,Kalpana Square,20.261682,85.843081,Assault on Woman,5,Night,Weekend,Poor,Low,1291,Community,100
INC07517,Chandrasekharpur,20.331625,85.823094,Snatching,3,Night,Weekend,Poor,Low,1308,Community,75
INC07518,Rasulgarh,20.289319,85.87393,Snatching,3,Night,Weekend,Poor,Low,961,Community,81
INC07519,Master Canteen,20.270884,85.843639,Sexual Harassment,5,Morning,Weekend,Poor,Low,991,Police,96
INC07520,Chandrasekharpur,20.330044,85.821775,Stalking,4,Morning,Weekday,Good,Low,329,Community,64
INC07521,Acharya Vihar,20.302707,85.836778,Harassment,3,Night,Weekend,Moderate,High,986,Community,69
INC07522,Patia,20.352261,85.81669,Eve-teasing,2,Evening,Weekday,Poor,Medium,430,Community,57
INC07523,KIIT Square,20.355351,85.817503,Stalking,4,Night,Weekday,Poor,Medium,1202,Community,92
INC07524,KIIT Square,20.352792,85.818615,Harassment,3,Night,Weekend,Good,High,776,Police,60
INC07525,Khandagiri,20.25537,85.778808,Sexual Harassment,5,Night,Weekend,Moderate,Low,1016,Police,100
INC07526,Patia,20.357038,85.82133,Eve-teasing,2,Night,Weekend,Good,High,673,Police,49
INC07527,Mancheswar,20.319262,85.861523,Sexual Harassment,5,Evening,Weekday,Good,Low,1138,Community,83
INC07528,Acharya Vihar,20.297344,85.835906,Sexual Harassment,5,Night,Weekday,Poor,High,1138,Police,100
INC07529,Khandagiri,20.257586,85.78084,Harassment,3,Night,Weekday,Moderate,Low,488,Police,68
INC07530,Pokhariput,20.253973,85.80183,Stalking,4,Evening,Weekday,Moderate,Medium,942,Community,74
INC07531,Acharya Vihar,20.298129,85.837303,Harassment,3,Evening,Weekend,Good,Low,1014,Community,48
INC07532,Patia,20.355596,85.819448,Stalking,4,Night,Weekend,Moderate,Low,1315,Community,87
INC07533,Old Town,20.238235,85.83238,Assault on Woman,5,Evening,Weekend,Moderate,Low,1308,Police,98
INC07534,Saheed Nagar,20.294794,85.841994,Harassment,3,Evening,Weekday,Poor,Low,1211,Police,74
INC07535,Khandagiri,20.256996,85.78238,Harassment,3,Evening,Weekend,Good,High,1157,Community,53
INC07536,Khandagiri,20.254934,85.78381,Harassment,3,Night,Weekday,Good,Medium,350,Community,61
INC07537,Baramunda,20.271486,85.80554,Stalking,4,Night,Weekend,Moderate,Medium,1259,Community,80
INC07538,Pokhariput,20.254499,85.802421,Sexual Harassment,5,Evening,Weekday,Good,High,756,Community,88
INC07539,Lingaraj,20.244143,85.835533,Assault on Woman,5,Night,Weekend,Good,High,784,Community,85
INC07540,Infocity,20.344754,85.813278,Suspicious Activity,2,Night,Weekend,Good,Low,267,Community,45
INC07541,Rasulgarh,20.291011,85.869755,Harassment,3,Night,Weekday,Moderate,High,575,Community,68
INC07542,Infocity,20.343224,85.818858,Suspicious Activity,2,Evening,Weekend,Good,High,1317,Police,38
INC07543,Mancheswar,20.324668,85.861077,Eve-teasing,2,Afternoon,Weekend,Poor,Low,795,Community,53
INC07544,Khandagiri,20.259882,85.780517,Stalking,4,Night,Weekday,Good,Medium,834,Police,72
INC07545,Pokhariput,20.253808,85.803885,Kidnapping Attempt,5,Evening,Weekday,Poor,High,944,Police,100
INC07546,Nayapalli,20.294986,85.803974,Assault on Woman,5,Morning,Weekday,Poor,Low,165,Community,94
INC07547,Patia,20.352128,85.819343,Sexual Harassment,5,Afternoon,Weekday,Poor,Low,1273,Community,92
INC07548,Chandrasekharpur,20.329647,85.820612,Harassment,3,Night,Weekend,Poor,Low,482,Police,75
INC07549,Old Town,20.236685,85.836247,Snatching,3,Night,Weekend,Poor,Medium,574,Community,85
INC07550,Patia,20.357811,85.819371,Snatching,3,Night,Weekday,Poor,Low,1352,Community,76
INC07551,Nayapalli,20.296938,85.802602,Stalking,4,Night,Weekend,Moderate,Medium,814,Police,85
INC07552,CRP Square,20.314643,85.822244,Snatching,3,Evening,Weekend,Poor,Medium,693,Community,70
INC07553,Chandrasekharpur,20.333187,85.818726,Kidnapping Attempt,5,Afternoon,Weekday,Moderate,Medium,840,Police,85
INC07554,Mancheswar,20.321872,85.861626,Assault on Woman,5,Evening,Weekend,Good,Medium,1211,Community,79
INC07555,Saheed Nagar,20.29535,85.840111,Suspicious Activity,2,Night,Weekday,Poor,Low,416,Police,64
INC07556,Saheed Nagar,20.299573,85.838941,Stalking,4,Afternoon,Weekend,Moderate,Medium,1038,Community,66
INC07557,Kalpana Square,20.262504,85.844104,Harassment,3,Afternoon,Weekend,Good,Medium,761,Police,48
INC07558,Mancheswar,20.321244,85.861951,Kidnapping Attempt,5,Evening,Weekend,Good,Low,379,Police,79
INC07559,Vani Vihar,20.296884,85.83925,Suspicious Activity,2,Afternoon,Weekday,Poor,Medium,1233,Police,50
INC07560,Pokhariput,20.253777,85.805646,Harassment,3,Morning,Weekday,Poor,High,1018,Community,60
INC07561,Rasulgarh,20.290663,85.870253,Suspicious Activity,2,Evening,Weekday,Good,Medium,483,Community,36
INC07562,Master Canteen,20.271057,85.843603,Eve-teasing,2,Evening,Weekend,Moderate,Low,984,Police,45
INC07563,Rasulgarh,20.288826,85.868258,Eve-teasing,2,Afternoon,Weekend,Poor,Medium,778,Community,54
INC07564,Mancheswar,20.321561,85.865723,Assault on Woman,5,Afternoon,Weekday,Good,Low,784,Community,77
INC07565,Dumduma,20.263332,85.794135,Harassment,3,Night,Weekend,Poor,High,532,Community,84
INC07566,Jaydev Vihar,20.301909,85.82266,Kidnapping Attempt,5,Night,Weekday,Poor,Low,382,Community,100
INC07567,Pokhariput,20.253456,85.801626,Snatching,3,Afternoon,Weekday,Poor,Low,1039,Police,69
INC07568,Jaydev Vihar,20.300609,85.819101,Harassment,3,Evening,Weekend,Good,Medium,1018,Police,52
INC07569,Baramunda,20.270252,85.804774,Suspicious Activity,2,Evening,Weekend,Poor,High,312,Community,56
INC07570,Infocity,20.346335,85.813696,Snatching,3,Night,Weekend,Good,Low,747,Community,59
INC07571,Master Canteen,20.267161,85.838378,Harassment,3,Afternoon,Weekend,Poor,High,302,Community,63
INC07572,Nayapalli,20.294807,85.806422,Stalking,4,Evening,Weekend,Good,Low,797,Community,68
INC07573,Rasulgarh,20.293092,85.869253,Snatching,3,Night,Weekend,Good,High,891,Community,55
INC07574,KIIT Square,20.355104,85.815458,Assault on Woman,5,Afternoon,Weekend,Moderate,Medium,448,Community,85
INC07575,KIIT Square,20.351994,85.819783,Sexual Harassment,5,Morning,Weekend,Poor,Low,608,Community,92
INC07576,Vani Vihar,20.297239,85.842943,Harassment,3,Afternoon,Weekend,Poor,Medium,277,Community,66
INC07577,Mancheswar,20.323976,85.864521,Assault on Woman,5,Afternoon,Weekday,Good,Medium,920,Community,71
INC07578,Acharya Vihar,20.297678,85.833664,Stalking,4,Night,Weekend,Moderate,High,755,Community,80
INC07579,Mancheswar,20.321447,85.86602,Kidnapping Attempt,5,Night,Weekend,Moderate,High,470,Community,97
INC07580,Khandagiri,20.256774,85.78191,Stalking,4,Evening,Weekday,Poor,High,489,Community,89
INC07581,Infocity,20.343357,85.814234,Assault on Woman,5,Night,Weekday,Good,High,986,Police,90
INC07582,Jaydev Vihar,20.303151,85.817026,Assault on Woman,5,Evening,Weekend,Good,High,1187,Community,84
INC07583,Nayapalli,20.29698,85.807584,Assault on Woman,5,Morning,Weekday,Moderate,Low,1230,Community,90
INC07584,Khandagiri,20.257921,85.782959,Snatching,3,Evening,Weekday,Moderate,Low,359,Community,58
INC07585,Patia,20.353147,85.819257,Assault on Woman,5,Night,Weekend,Moderate,Low,1443,Police,100
INC07586,CRP Square,20.314417,85.821298,Assault on Woman,5,Night,Weekday,Good,Medium,769,Community,87
INC07587,Master Canteen,20.267906,85.8434,Snatching,3,Evening,Weekend,Moderate,Medium,880,Community,59
INC07588,Jaydev Vihar,20.303071,85.822416,Snatching,3,Evening,Weekday,Moderate,Low,830,Police,62
INC07589,Lingaraj,20.242146,85.836101,Eve-teasing,2,Night,Weekend,Moderate,Low,694,Community,58
INC07590,Patia,20.354228,85.819146,Stalking,4,Evening,Weekday,Good,Medium,1144,Police,68
INC07591,Saheed Nagar,20.295042,85.841941,Harassment,3,Afternoon,Weekend,Poor,Medium,221,Community,61
INC07592,Khandagiri,20.254991,85.782154,Harassment,3,Evening,Weekend,Poor,Low,427,Community,68
INC07593,Khandagiri,20.257512,85.780528,Suspicious Activity,2,Night,Weekday,Moderate,High,1457,Police,50
INC07594,KIIT Square,20.355741,85.818896,Sexual Harassment,5,Evening,Weekday,Poor,High,1417,Community,100
INC07595,Old Town,20.238762,85.834245,Assault on Woman,5,Morning,Weekday,Poor,Medium,703,Community,94
INC07596,Jaydev Vihar,20.300259,85.821787,Stalking,4,Evening,Weekday,Moderate,High,1111,Community,73
INC07597,Dumduma,20.265436,85.79586,Assault on Woman,5,Night,Weekday,Poor,Medium,779,Community,100
INC07598,Lingaraj,20.242143,85.831883,Stalking,4,Evening,Weekend,Poor,Low,165,Community,89
INC07599,Master Canteen,20.267519,85.843337,Harassment,3,Night,Weekend,Good,Medium,532,Community,65
INC07600,CRP Square,20.313124,85.823763,Harassment,3,Evening,Weekend,Poor,Medium,246,Police,70
INC07601,Khandagiri,20.255262,85.780184,Harassment,3,Afternoon,Weekday,Good,High,1230,Police,49
INC07602,Pokhariput,20.25488,85.806826,Assault on Woman,5,Night,Weekend,Moderate,Low,507,Police,100
INC07603,Baramunda,20.268452,85.802622,Stalking,4,Evening,Weekday,Moderate,High,1065,Community,79
INC07604,KIIT Square,20.355359,85.817047,Eve-teasing,2,Evening,Weekday,Moderate,Medium,878,Community,45
INC07605,KIIT Square,20.355354,85.819247,Eve-teasing,2,Evening,Weekend,Poor,Low,906,Police,63
INC07606,Chandrasekharpur,20.33303,85.819196,Stalking,4,Morning,Weekend,Poor,Low,847,Community,80
INC07607,Vani Vihar,20.297889,85.841298,Stalking,4,Night,Weekday,Good,High,139,Community,73
INC07608,Rasulgarh,20.291891,85.872523,Stalking,4,Night,Weekday,Poor,Low,740,Community,97
INC07609,Old Town,20.236478,85.836713,Kidnapping Attempt,5,Morning,Weekend,Poor,High,1332,Community,90
INC07610,Baramunda,20.2719,85.804748,Harassment,3,Night,Weekend,Moderate,Medium,626,Police,75
INC07611,Baramunda,20.267975,85.805722,Sexual Harassment,5,Night,Weekend,Good,Medium,538,Community,87
INC07612,Rasulgarh,20.291834,85.872012,Stalking,4,Night,Weekend,Good,Low,979,Police,77
INC07613,Infocity,20.344146,85.815367,Sexual Harassment,5,Evening,Weekday,Poor,Medium,606,Police,98
INC07614,Pokhariput,20.252842,85.803782,Harassment,3,Night,Weekday,Good,Medium,1290,Police,65
INC07615,CRP Square,20.3146,85.824674,Sexual Harassment,5,Morning,Weekend,Good,Medium,736,Community,72
INC07616,Vani Vihar,20.294612,85.844338,Snatching,3,Evening,Weekday,Poor,High,253,Community,68
INC07617,Dumduma,20.26614,85.79173,Snatching,3,Morning,Weekend,Moderate,Low,812,Police,57
INC07618,Old Town,20.23586,85.83539,Snatching,3,Morning,Weekday,Moderate,Medium,547,Community,58
INC07619,Baramunda,20.271066,85.803676,Sexual Harassment,5,Night,Weekend,Moderate,Low,656,Community,100
INC07620,Mancheswar,20.323317,85.864106,Stalking,4,Evening,Weekend,Moderate,Medium,357,Community,82
INC07621,Master Canteen,20.270662,85.839182,Harassment,3,Night,Weekend,Poor,High,1058,Community,76
INC07622,CRP Square,20.317146,85.822869,Harassment,3,Morning,Weekend,Moderate,Medium,324,Police,58
INC07623,Master Canteen,20.266468,85.841381,Harassment,3,Afternoon,Weekend,Moderate,Medium,1194,Community,58
INC07624,Rasulgarh,20.28892,85.871579,Assault on Woman,5,Evening,Weekday,Moderate,Medium,817,Community,91
INC07625,Acharya Vihar,20.30108,85.833281,Stalking,4,Evening,Weekday,Poor,Low,1197,Community,92
INC07626,Khandagiri,20.260461,85.782639,Suspicious Activity,2,Night,Weekend,Good,Low,315,Police,41
INC07627,Saheed Nagar,20.299188,85.83992,Assault on Woman,5,Morning,Weekday,Good,Medium,1160,Community,71
INC07628,Patia,20.357467,85.820092,Assault on Woman,5,Night,Weekend,Poor,Medium,306,Police,100
INC07629,Jaydev Vihar,20.303773,85.821449,Sexual Harassment,5,Afternoon,Weekday,Poor,High,1387,Community,94
INC07630,Lingaraj,20.240692,85.832414,Kidnapping Attempt,5,Evening,Weekend,Moderate,Low,1335,Community,97
INC07631,Vani Vihar,20.297191,85.842071,Stalking,4,Evening,Weekend,Poor,Low,502,Police,85
INC07632,Saheed Nagar,20.296601,85.840219,Stalking,4,Afternoon,Weekday,Poor,Low,950,Community,82
INC07633,Patia,20.356225,85.819568,Snatching,3,Evening,Weekday,Poor,High,800,Police,69
INC07634,Patia,20.352944,85.819485,Assault on Woman,5,Evening,Weekend,Poor,Medium,530,Community,100
INC07635,Jaydev Vihar,20.298716,85.8198,Sexual Harassment,5,Evening,Weekend,Good,Medium,1423,Police,86
INC07636,Dumduma,20.264403,85.795225,Harassment,3,Evening,Weekday,Good,Medium,350,Police,50
INC07637,Khandagiri,20.258092,85.784331,Stalking,4,Night,Weekday,Moderate,Medium,562,Community,80
INC07638,Jaydev Vihar,20.30094,85.817717,Harassment,3,Morning,Weekday,Poor,High,559,Community,70
INC07639,Rasulgarh,20.288241,85.873816,Harassment,3,Night,Weekend,Moderate,High,622,Community,72
INC07640,Vani Vihar,20.296293,85.840101,Stalking,4,Night,Weekend,Good,High,1100,Community,73
INC07641,Dumduma,20.262495,85.792336,Assault on Woman,5,Night,Weekend,Moderate,Medium,390,Community,100
INC07642,Pokhariput,20.257263,85.805988,Assault on Woman,5,Afternoon,Weekend,Good,Low,636,Police,75
INC07643,Pokhariput,20.253469,85.804581,Harassment,3,Afternoon,Weekend,Poor,Medium,949,Community,64
INC07644,Chandrasekharpur,20.33344,85.822676,Harassment,3,Night,Weekday,Poor,Low,987,Community,85
INC07645,Vani Vihar,20.297893,85.841088,Harassment,3,Morning,Weekend,Good,High,801,Police,45
INC07646,Rasulgarh,20.292141,85.872181,Harassment,3,Afternoon,Weekday,Poor,Low,1125,Community,70
INC07647,Infocity,20.344944,85.813357,Kidnapping Attempt,5,Night,Weekday,Moderate,High,1461,Police,99
INC07648,Vani Vihar,20.295409,85.840364,Assault on Woman,5,Afternoon,Weekday,Poor,Medium,786,Police,96
INC07649,Mancheswar,20.322931,85.862525,Stalking,4,Evening,Weekend,Moderate,Medium,698,Community,83
INC07650,CRP Square,20.317709,85.823684,Harassment,3,Evening,Weekend,Moderate,Low,533,Police,67
INC07651,Khandagiri,20.256526,85.783653,Snatching,3,Afternoon,Weekend,Poor,High,614,Community,68
INC07652,Baramunda,20.267694,85.806337,Snatching,3,Morning,Weekday,Good,High,155,Police,42
INC07653,Patia,20.354602,85.821988,Stalking,4,Night,Weekday,Moderate,High,373,Community,81
INC07654,Vani Vihar,20.295176,85.843403,Sexual Harassment,5,Night,Weekday,Good,Low,373,Community,90
INC07655,Patia,20.352878,85.82002,Kidnapping Attempt,5,Evening,Weekday,Poor,Medium,372,Community,100
INC07656,Dumduma,20.264255,85.793023,Assault on Woman,5,Night,Weekend,Poor,Medium,1094,Community,100
INC07657,Vani Vihar,20.295204,85.839327,Stalking,4,Night,Weekend,Poor,Medium,1163,Police,100
INC07658,Patia,20.352131,85.81818,Harassment,3,Evening,Weekend,Moderate,Medium,394,Police,59
INC07659,KIIT Square,20.352155,85.819185,Stalking,4,Night,Weekday,Poor,High,512,Community,90
INC07660,Mancheswar,20.320919,85.864381,Harassment,3,Evening,Weekend,Poor,High,812,Police,69
INC07661,Jaydev Vihar,20.303564,85.817565,Stalking,4,Afternoon,Weekend,Moderate,High,334,Community,74
INC07662,Master Canteen,20.268506,85.838806,Eve-teasing,2,Evening,Weekday,Poor,Medium,1107,Community,54
INC07663,Jaydev Vihar,20.300724,85.821615,Sexual Harassment,5,Afternoon,Weekday,Good,Medium,385,Community,78
INC07664,CRP Square,20.316084,85.822519,Stalking,4,Afternoon,Weekend,Moderate,Medium,867,Police,68
INC07665,Lingaraj,20.244579,85.831502,Harassment,3,Night,Weekend,Good,Medium,1326,Community,56
INC07666,Dumduma,20.261985,85.796784,Harassment,3,Evening,Weekend,Poor,Medium,1150,Community,75
INC07667,Khandagiri,20.255263,85.780538,Harassment,3,Afternoon,Weekday,Moderate,High,1180,Police,58
INC07668,Rasulgarh,20.291778,85.871995,Sexual Harassment,5,Morning,Weekday,Moderate,Medium,450,Community,80
INC07669,Khandagiri,20.258718,85.784377,Assault on Woman,5,Afternoon,Weekday,Moderate,Low,550,Community,86
INC07670,Saheed Nagar,20.294249,85.841902,Harassment,3,Afternoon,Weekday,Good,Low,244,Community,42
INC07671,Mancheswar,20.323879,85.866942,Stalking,4,Night,Weekday,Moderate,High,1494,Community,90
INC07672,Master Canteen,20.266916,85.840951,Assault on Woman,5,Evening,Weekday,Moderate,Medium,450,Community,98
INC07673,Infocity,20.346833,85.818608,Stalking,4,Night,Weekend,Poor,High,312,Police,90
INC07674,Lingaraj,20.244441,85.833712,Harassment,3,Afternoon,Weekday,Moderate,Low,1166,Community,58
INC07675,Jaydev Vihar,20.300254,85.821144,Assault on Woman,5,Evening,Weekend,Good,Medium,608,Community,87
INC07676,Dumduma,20.265659,85.796262,Assault on Woman,5,Evening,Weekend,Good,High,1067,Community,81
INC07677,Baramunda,20.27085,85.806196,Sexual Harassment,5,Afternoon,Weekend,Moderate,Low,908,Community,87
INC07678,Nayapalli,20.296734,85.805331,Stalking,4,Evening,Weekend,Good,Medium,1440,Community,63
INC07679,Pokhariput,20.257312,85.801155,Snatching,3,Evening,Weekday,Poor,Medium,1196,Community,70
INC07680,Saheed Nagar,20.295415,85.842819,Assault on Woman,5,Night,Weekday,Poor,High,1056,Community,100
INC07681,Khandagiri,20.260188,85.781291,Assault on Woman,5,Evening,Weekday,Good,Medium,470,Police,88
INC07682,Jaydev Vihar,20.299939,85.819885,Stalking,4,Evening,Weekend,Moderate,High,927,Community,83
INC07683,Chandrasekharpur,20.332961,85.82074,Kidnapping Attempt,5,Evening,Weekday,Good,High,517,Community,84
INC07684,Vani Vihar,20.299977,85.840103,Kidnapping Attempt,5,Afternoon,Weekend,Moderate,Medium,722,Police,81
INC07685,CRP Square,20.314772,85.822182,Harassment,3,Evening,Weekend,Moderate,Low,571,Community,58
INC07686,Dumduma,20.265541,85.796915,Harassment,3,Evening,Weekend,Poor,Low,318,Community,69
INC07687,Dumduma,20.261191,85.79354,Kidnapping Attempt,5,Night,Weekday,Moderate,Medium,609,Community,99
INC07688,Kalpana Square,20.26141,85.844927,Snatching,3,Evening,Weekday,Good,Medium,1309,Police,50
INC07689,Acharya Vihar,20.299976,85.836798,Assault on Woman,5,Night,Weekend,Moderate,Low,1285,Police,96
INC07690,Mancheswar,20.320089,85.864675,Harassment,3,Night,Weekday,Good,Low,1484,Community,64
INC07691,Dumduma,20.265508,85.796124,Stalking,4,Afternoon,Weekday,Moderate,Medium,167,Community,75
INC07692,Saheed Nagar,20.294347,85.841412,Kidnapping Attempt,5,Night,Weekend,Moderate,Medium,392,Community,100
INC07693,Kalpana Square,20.261245,85.840047,Snatching,3,Night,Weekend,Poor,High,1319,Community,80
INC07694,Khandagiri,20.25496,85.779446,Harassment,3,Night,Weekend,Moderate,High,839,Community,70
INC07695,Jaydev Vihar,20.302987,85.819732,Harassment,3,Morning,Weekend,Poor,Medium,126,Community,68
INC07696,Khandagiri,20.256569,85.781616,Harassment,3,Evening,Weekend,Moderate,Low,1329,Police,60
INC07697,Jaydev Vihar,20.303934,85.817802,Harassment,3,Afternoon,Weekday,Poor,Medium,989,Community,67
INC07698,Kalpana Square,20.257855,85.84185,Harassment,3,Afternoon,Weekday,Moderate,High,1026,Community,57
INC07699,Saheed Nagar,20.297483,85.838602,Harassment,3,Afternoon,Weekend,Moderate,Low,678,Community,56
INC07700,Old Town,20.239474,85.833834,Harassment,3,Afternoon,Weekday,Good,High,1138,Community,48
INC07701,Nayapalli,20.296319,85.804591,Stalking,4,Night,Weekday,Poor,Low,1087,Police,98
INC07702,Dumduma,20.26636,85.796759,Stalking,4,Afternoon,Weekend,Poor,Low,673,Community,78
INC07703,Mancheswar,20.32472,85.864192,Assault on Woman,5,Evening,Weekend,Poor,Low,1127,Police,100
INC07704,CRP Square,20.314299,85.81997,Stalking,4,Afternoon,Weekday,Moderate,High,1210,Community,70
INC07705,Acharya Vihar,20.302965,85.837153,Harassment,3,Evening,Weekday,Poor,High,836,Community,78
INC07706,Lingaraj,20.241598,85.83203,Kidnapping Attempt,5,Evening,Weekday,Moderate,Medium,546,Community,94
INC07707,Baramunda,20.27144,85.801533,Harassment,3,Night,Weekend,Good,Low,447,Police,64
INC07708,Baramunda,20.267123,85.802541,Eve-teasing,2,Evening,Weekday,Poor,Medium,493,Police,54
INC07709,Lingaraj,20.2437,85.834612,Snatching,3,Night,Weekend,Moderate,Medium,1132,Community,66
INC07710,Khandagiri,20.258215,85.780948,Sexual Harassment,5,Evening,Weekday,Poor,Medium,541,Police,100
INC07711,Chandrasekharpur,20.332438,85.818402,Harassment,3,Evening,Weekday,Poor,Low,163,Community,68
INC07712,Vani Vihar,20.294658,85.839821,Harassment,3,Night,Weekend,Moderate,High,723,Community,72
INC07713,Patia,20.354298,85.822467,Eve-teasing,2,Night,Weekend,Good,Low,374,Police,42
INC07714,CRP Square,20.312486,85.821402,Harassment,3,Afternoon,Weekday,Poor,Medium,975,Police,65
INC07715,Lingaraj,20.242595,85.836727,Stalking,4,Night,Weekend,Poor,High,300,Community,97
INC07716,Mancheswar,20.320264,85.861484,Stalking,4,Morning,Weekday,Moderate,Medium,1320,Community,73
INC07717,Vani Vihar,20.299219,85.840148,Suspicious Activity,2,Evening,Weekday,Moderate,Low,1084,Community,46
INC07718,Khandagiri,20.254505,85.78037,Sexual Harassment,5,Afternoon,Weekend,Good,Low,642,Community,73
INC07719,Rasulgarh,20.292119,85.872295,Assault on Woman,5,Night,Weekday,Good,Medium,955,Community,95
INC07720,KIIT Square,20.350629,85.816225,Eve-teasing,2,Night,Weekend,Good,Low,1286,Police,44
INC07721,Chandrasekharpur,20.334108,85.82162,Harassment,3,Night,Weekday,Good,High,834,Community,60
INC07722,KIIT Square,20.351973,85.816529,Stalking,4,Night,Weekday,Moderate,High,1110,Community,89
INC07723,Mancheswar,20.319678,85.863734,Harassment,3,Afternoon,Weekend,Moderate,Medium,1267,Police,52
INC07724,Acharya Vihar,20.298187,85.832596,Assault on Woman,5,Night,Weekday,Poor,Low,1149,Community,100
INC07725,Master Canteen,20.271548,85.840508,Stalking,4,Night,Weekend,Moderate,High,1393,Community,90
INC07726,Dumduma,20.265568,85.796412,Assault on Woman,5,Evening,Weekend,Poor,Medium,381,Community,100
INC07727,Lingaraj,20.244741,85.836319,Stalking,4,Afternoon,Weekday,Poor,Medium,150,Community,83
INC07728,Baramunda,20.272536,85.805524,Stalking,4,Evening,Weekend,Moderate,High,1404,Community,74
INC07729,Saheed Nagar,20.297347,85.83928,Harassment,3,Evening,Weekday,Moderate,Medium,288,Community,64
INC07730,Khandagiri,20.25769,85.782987,Snatching,3,Night,Weekend,Good,Medium,499,Police,65
INC07731,Nayapalli,20.298182,85.804327,Harassment,3,Night,Weekend,Moderate,Medium,1437,Community,72
INC07732,Chandrasekharpur,20.330553,85.822853,Assault on Woman,5,Afternoon,Weekend,Poor,Low,728,Community,90
INC07733,Lingaraj,20.241452,85.835523,Suspicious Activity,2,Afternoon,Weekday,Moderate,High,993,Community,37
INC07734,Saheed Nagar,20.298065,85.841692,Suspicious Activity,2,Evening,Weekend,Moderate,High,843,Police,52
INC07735,Acharya Vihar,20.297788,85.83578,Snatching,3,Night,Weekend,Moderate,Low,894,Police,74
INC07736,Acharya Vihar,20.299169,85.835031,Harassment,3,Night,Weekday,Poor,Low,1061,Police,80
INC07737,Rasulgarh,20.290854,85.869447,Harassment,3,Evening,Weekday,Good,Low,1257,Community,50
INC07738,Baramunda,20.268092,85.801897,Harassment,3,Night,Weekend,Good,High,915,Police,58
INC07739,Nayapalli,20.2983,85.805902,Sexual Harassment,5,Evening,Weekend,Poor,Low,1404,Community,98
INC07740,Mancheswar,20.323619,85.865975,Harassment,3,Night,Weekday,Good,Medium,325,Community,58
INC07741,Master Canteen,20.270056,85.843244,Snatching,3,Evening,Weekday,Moderate,Medium,1392,Community,66
INC07742,Acharya Vihar,20.301559,85.836408,Snatching,3,Evening,Weekday,Good,Low,903,Community,50
INC07743,Chandrasekharpur,20.330028,85.820193,Harassment,3,Night,Weekend,Poor,Low,316,Police,84
INC07744,KIIT Square,20.350192,85.81795,Harassment,3,Afternoon,Weekday,Poor,Medium,336,Community,60
INC07745,Kalpana Square,20.259341,85.843173,Harassment,3,Night,Weekday,Poor,Medium,328,Community,84
INC07746,Master Canteen,20.268348,85.841962,Harassment,3,Evening,Weekday,Poor,Low,454,Community,78
INC07747,CRP Square,20.313428,85.824994,Stalking,4,Morning,Weekend,Poor,Medium,100,Community,83
INC07748,Infocity,20.341535,85.815417,Snatching,3,Night,Weekend,Poor,Medium,364,Police,76
INC07749,Baramunda,20.2716,85.801116,Assault on Woman,5,Night,Weekend,Moderate,Medium,1145,Community,97
INC07750,Acharya Vihar,20.300217,85.83728,Stalking,4,Evening,Weekday,Good,High,467,Community,65
INC07751,Old Town,20.240378,85.835175,Assault on Woman,5,Evening,Weekday,Poor,High,372,Police,99
INC07752,Khandagiri,20.256342,85.780635,Assault on Woman,5,Evening,Weekend,Poor,Medium,718,Police,100
INC07753,Infocity,20.341163,85.817212,Assault on Woman,5,Afternoon,Weekend,Moderate,High,1255,Community,83
INC07754,Jaydev Vihar,20.301603,85.817593,Stalking,4,Night,Weekend,Poor,Low,496,Community,90
INC07755,Dumduma,20.265577,85.793948,Stalking,4,Night,Weekend,Poor,Medium,201,Community,92
INC07756,Lingaraj,20.240885,85.832173,Assault on Woman,5,Afternoon,Weekday,Moderate,Medium,1330,Community,87
INC07757,Patia,20.357166,85.820215,Harassment,3,Afternoon,Weekend,Moderate,Medium,1195,Community,50
INC07758,Lingaraj,20.245787,85.835163,Stalking,4,Afternoon,Weekend,Moderate,Low,959,Community,67
INC07759,Kalpana Square,20.257109,85.844483,Snatching,3,Evening,Weekday,Good,High,599,Community,53
INC07760,Jaydev Vihar,20.300903,85.81891,Sexual Harassment,5,Night,Weekday,Poor,Medium,655,Community,100
INC07761,CRP Square,20.312268,85.822075,Harassment,3,Afternoon,Weekday,Moderate,Medium,1277,Community,58
INC07762,Khandagiri,20.258475,85.781916,Eve-teasing,2,Evening,Weekday,Moderate,Medium,845,Police,47
INC07763,Patia,20.356104,85.81845,Eve-teasing,2,Afternoon,Weekend,Poor,High,546,Community,46
INC07764,Vani Vihar,20.295173,85.841495,Sexual Harassment,5,Night,Weekend,Good,Low,685,Police,86
INC07765,Infocity,20.342784,85.814649,Assault on Woman,5,Night,Weekend,Good,Low,259,Community,88
INC07766,Patia,20.356118,85.818749,Harassment,3,Evening,Weekend,Good,Medium,510,Community,57
INC07767,Dumduma,20.263135,85.793798,Snatching,3,Evening,Weekday,Poor,Medium,1407,Community,71
INC07768,Acharya Vihar,20.301233,85.833347,Sexual Harassment,5,Night,Weekend,Good,Medium,1078,Community,86
INC07769,Rasulgarh,20.288054,85.870386,Snatching,3,Evening,Weekend,Poor,High,1155,Community,72
INC07770,Master Canteen,20.267841,85.840281,Stalking,4,Evening,Weekday,Moderate,Low,733,Community,75
INC07771,Infocity,20.34605,85.817037,Stalking,4,Afternoon,Weekday,Poor,High,217,Police,83
INC07772,Pokhariput,20.256579,85.804887,Harassment,3,Afternoon,Weekday,Poor,Low,878,Community,70
INC07773,Baramunda,20.268179,85.805688,Stalking,4,Night,Weekend,Good,Medium,105,Community,76
INC07774,Rasulgarh,20.292272,85.870546,Assault on Woman,5,Afternoon,Weekend,Moderate,Medium,350,Police,88
INC07775,KIIT Square,20.355321,85.819387,Harassment,3,Evening,Weekend,Moderate,Medium,370,Community,59
INC07776,Baramunda,20.270054,85.801875,Harassment,3,Morning,Weekday,Poor,High,551,Community,69
INC07777,Infocity,20.344079,85.818799,Assault on Woman,5,Afternoon,Weekday,Good,High,223,Police,75
INC07778,Pokhariput,20.256102,85.801054,Harassment,3,Evening,Weekend,Moderate,Medium,1333,Community,68
INC07779,Vani Vihar,20.296384,85.842955,Harassment,3,Evening,Weekday,Poor,Medium,442,Police,76
INC07780,Pokhariput,20.253886,85.804479,Snatching,3,Afternoon,Weekday,Good,Medium,710,Community,41
INC07781,Acharya Vihar,20.302998,85.832209,Assault on Woman,5,Night,Weekend,Poor,Low,197,Police,100
INC07782,Nayapalli,20.298986,85.806175,Harassment,3,Evening,Weekday,Moderate,Low,1208,Police,66
INC07783,Acharya Vihar,20.301903,85.837498,Harassment,3,Afternoon,Weekday,Good,Low,643,Community,44
INC07784,Nayapalli,20.297758,85.805072,Snatching,3,Night,Weekend,Poor,Low,697,Community,78
INC07785,Dumduma,20.264294,85.794549,Harassment,3,Night,Weekday,Moderate,High,1053,Community,72
INC07786,Nayapalli,20.295696,85.803179,Sexual Harassment,5,Evening,Weekday,Moderate,Medium,881,Community,97
INC07787,Pokhariput,20.253407,85.802839,Harassment,3,Night,Weekday,Moderate,Low,1060,Community,71
INC07788,Nayapalli,20.29594,85.802932,Assault on Woman,5,Evening,Weekday,Poor,Medium,671,Community,99
INC07789,Baramunda,20.272701,85.803175,Stalking,4,Night,Weekday,Poor,Medium,675,Police,90
INC07790,Vani Vihar,20.298106,85.842591,Harassment,3,Night,Weekend,Moderate,Medium,806,Community,65
INC07791,KIIT Square,20.353979,85.817749,Stalking,4,Evening,Weekday,Good,Medium,1212,Police,65
INC07792,Master Canteen,20.267236,85.840389,Assault on Woman,5,Night,Weekend,Moderate,High,778,Police,98
INC07793,Vani Vihar,20.29644,85.844609,Snatching,3,Evening,Weekday,Poor,High,1344,Community,77
INC07794,Infocity,20.346112,85.813902,Sexual Harassment,5,Evening,Weekday,Good,High,165,Police,81
INC07795,Old Town,20.235094,85.832162,Assault on Woman,5,Evening,Weekday,Poor,High,701,Community,100
INC07796,Acharya Vihar,20.299701,85.836689,Suspicious Activity,2,Afternoon,Weekday,Moderate,Low,1088,Community,45
INC07797,CRP Square,20.31355,85.822436,Stalking,4,Afternoon,Weekday,Good,Medium,1013,Community,64
INC07798,Dumduma,20.261047,85.796333,Sexual Harassment,5,Evening,Weekend,Moderate,Medium,1179,Community,96
INC07799,Jaydev Vihar,20.302702,85.81925,Kidnapping Attempt,5,Evening,Weekend,Poor,Low,1091,Police,99
INC07800,Dumduma,20.265216,85.796261,Kidnapping Attempt,5,Afternoon,Weekend,Poor,Low,342,Community,94
INC07801,Lingaraj,20.242656,85.832555,Harassment,3,Night,Weekend,Moderate,Low,290,Community,66
INC07802,Infocity,20.341001,85.817199,Sexual Harassment,5,Evening,Weekday,Poor,Low,603,Police,98
INC07803,Chandrasekharpur,20.33409,85.822662,Sexual Harassment,5,Evening,Weekday,Poor,High,403,Community,99
INC07804,Saheed Nagar,20.29506,85.841122,Harassment,3,Night,Weekend,Poor,High,1103,Police,81
INC07805,Baramunda,20.27232,85.804209,Harassment,3,Evening,Weekday,Poor,Medium,223,Community,75
INC07806,Chandrasekharpur,20.334891,85.81984,Eve-teasing,2,Night,Weekday,Good,High,1476,Community,40
INC07807,Lingaraj,20.244877,85.832838,Stalking,4,Evening,Weekday,Good,High,506,Community,71
INC07808,Baramunda,20.270122,85.80433,Harassment,3,Evening,Weekday,Poor,Medium,1165,Police,78
INC07809,Nayapalli,20.293839,85.806602,Kidnapping Attempt,5,Evening,Weekend,Poor,Medium,183,Community,100
INC07810,Master Canteen,20.267988,85.843276,Harassment,3,Evening,Weekend,Poor,High,974,Police,77
INC07811,Master Canteen,20.271087,85.838102,Assault on Woman,5,Evening,Weekend,Good,Low,371,Police,78
INC07812,Mancheswar,20.323766,85.861971,Stalking,4,Evening,Weekend,Good,Low,1373,Community,68
INC07813,Mancheswar,20.320016,85.862147,Sexual Harassment,5,Afternoon,Weekend,Good,Medium,1454,Community,79
INC07814,Jaydev Vihar,20.300472,85.818427,Harassment,3,Night,Weekday,Moderate,High,627,Community,74
INC07815,Jaydev Vihar,20.30276,85.818498,Suspicious Activity,2,Evening,Weekday,Moderate,Low,966,Community,46
INC07816,Chandrasekharpur,20.33389,85.822749,Harassment,3,Evening,Weekend,Good,Medium,219,Police,58
INC07817,CRP Square,20.31678,85.822603,Harassment,3,Night,Weekend,Good,Medium,760,Community,55
INC07818,Infocity,20.342511,85.815191,Assault on Woman,5,Afternoon,Weekend,Moderate,High,503,Community,80
INC07819,Nayapalli,20.293525,85.805214,Snatching,3,Afternoon,Weekend,Poor,Medium,218,Community,66
INC07820,Rasulgarh,20.290718,85.869753,Snatching,3,Night,Weekend,Moderate,Low,462,Community,68
INC07821,Chandrasekharpur,20.329011,85.820552,Kidnapping Attempt,5,Night,Weekend,Good,Low,457,Community,88
INC07822,Lingaraj,20.24559,85.831897,Sexual Harassment,5,Afternoon,Weekday,Moderate,Low,529,Police,90
INC07823,Baramunda,20.272788,85.801398,Snatching,3,Evening,Weekend,Poor,Low,565,Community,75
INC07824,Master Canteen,20.271741,85.843654,Assault on Woman,5,Evening,Weekend,Moderate,High,572,Community,90
INC07825,Khandagiri,20.25675,85.778907,Stalking,4,Morning,Weekend,Moderate,High,1062,Community,67
INC07826,Chandrasekharpur,20.332752,85.821708,Stalking,4,Night,Weekend,Poor,Low,401,Community,97
INC07827,Saheed Nagar,20.298077,85.84286,Stalking,4,Afternoon,Weekend,Good,Low,473,Police,61
INC07828,Jaydev Vihar,20.302021,85.821688,Suspicious Activity,2,Night,Weekend,Moderate,High,1322,Community,57
INC07829,CRP Square,20.315406,85.82047,Harassment,3,Evening,Weekend,Poor,Medium,1068,Community,78
INC07830,Saheed Nagar,20.298865,85.841601,Assault on Woman,5,Evening,Weekday,Poor,Medium,953,Police,98
INC07831,Khandagiri,20.260244,85.784174,Assault on Woman,5,Evening,Weekday,Poor,High,1330,Community,100
INC07832,Kalpana Square,20.262672,85.840484,Stalking,4,Afternoon,Weekday,Moderate,Low,184,Community,68
INC07833,Acharya Vihar,20.299905,85.837286,Kidnapping Attempt,5,Night,Weekend,Poor,High,225,Police,100
INC07834,Infocity,20.346232,85.81714,Stalking,4,Evening,Weekday,Good,High,291,Community,69
INC07835,Rasulgarh,20.288033,85.873569,Snatching,3,Night,Weekday,Poor,Low,471,Community,79
INC07836,Pokhariput,20.257071,85.802112,Stalking,4,Night,Weekend,Poor,Low,1086,Police,100
INC07837,KIIT Square,20.352,85.819384,Stalking,4,Morning,Weekend,Moderate,Medium,1311,Community,67
INC07838,Khandagiri,20.259693,85.781433,Harassment,3,Evening,Weekend,Moderate,Low,393,Community,66
INC07839,Kalpana Square,20.257364,85.842486,Stalking,4,Night,Weekend,Moderate,High,304,Police,87
INC07840,Jaydev Vihar,20.29852,85.821583,Harassment,3,Night,Weekend,Poor,High,1278,Community,81
INC07841,Old Town,20.235155,85.835905,Harassment,3,Night,Weekend,Poor,Medium,761,Police,79
INC07842,Nayapalli,20.295539,85.806029,Stalking,4,Night,Weekday,Poor,High,1059,Community,97
INC07843,Pokhariput,20.255906,85.801467,Sexual Harassment,5,Evening,Weekend,Moderate,Medium,132,Community,96
INC07844,Pokhariput,20.254582,85.806633,Harassment,3,Night,Weekday,Poor,High,926,Community,81
INC07845,Infocity,20.342707,85.813334,Stalking,4,Evening,Weekend,Good,High,469,Community,66
INC07846,Chandrasekharpur,20.33218,85.823787,Eve-teasing,2,Night,Weekday,Good,Low,205,Community,40
INC07847,KIIT Square,20.353061,85.818321,Eve-teasing,2,Evening,Weekday,Good,High,1377,Community,34
INC07848,CRP Square,20.31526,85.821937,Harassment,3,Afternoon,Weekday,Moderate,Low,165,Police,54
INC07849,Jaydev Vihar,20.303253,85.817219,Harassment,3,Night,Weekday,Moderate,High,1190,Community,73
INC07850,Pokhariput,20.257896,85.806739,Harassment,3,Night,Weekday,Poor,Medium,406,Police,85
INC07851,Master Canteen,20.27164,85.841985,Harassment,3,Evening,Weekday,Poor,Medium,1246,Community,69
INC07852,Chandrasekharpur,20.329758,85.822511,Harassment,3,Night,Weekday,Poor,Medium,650,Police,82
INC07853,Khandagiri,20.257078,85.783389,Kidnapping Attempt,5,Evening,Weekend,Good,Medium,1260,Community,82
INC07854,Nayapalli,20.294437,85.803954,Stalking,4,Evening,Weekend,Moderate,Medium,1016,Community,82
INC07855,Rasulgarh,20.288709,85.873041,Harassment,3,Evening,Weekday,Moderate,Medium,1035,Community,62
INC07856,Jaydev Vihar,20.298538,85.822295,Harassment,3,Evening,Weekend,Moderate,Low,1323,Community,64
INC07857,Master Canteen,20.268476,85.84376,Stalking,4,Night,Weekday,Poor,High,1093,Community,95
INC07858,KIIT Square,20.35416,85.815362,Stalking,4,Afternoon,Weekend,Poor,Medium,1384,Police,82
INC07859,KIIT Square,20.350409,85.817891,Harassment,3,Night,Weekend,Poor,Low,170,Police,85
INC07860,Pokhariput,20.252841,85.805805,Assault on Woman,5,Night,Weekend,Poor,Medium,351,Community,100
INC07861,Nayapalli,20.293523,85.802336,Harassment,3,Evening,Weekday,Poor,High,891,Community,74
INC07862,Lingaraj,20.24312,85.836873,Assault on Woman,5,Night,Weekday,Moderate,Low,357,Police,100
INC07863,KIIT Square,20.351931,85.819975,Assault on Woman,5,Night,Weekday,Moderate,Low,172,Community,99
INC07864,Infocity,20.345933,85.815669,Stalking,4,Night,Weekend,Good,High,1252,Community,72
INC07865,KIIT Square,20.353948,85.820144,Suspicious Activity,2,Evening,Weekend,Poor,Low,141,Police,59
INC07866,KIIT Square,20.351583,85.815962,Eve-teasing,2,Evening,Weekday,Poor,Low,933,Community,53
INC07867,Saheed Nagar,20.294958,85.842822,Harassment,3,Evening,Weekend,Moderate,Medium,197,Community,64
INC07868,Master Canteen,20.269239,85.843861,Snatching,3,Afternoon,Weekend,Poor,High,1304,Community,65
INC07869,Jaydev Vihar,20.303961,85.820151,Assault on Woman,5,Evening,Weekday,Good,Medium,1381,Police,79
INC07870,Saheed Nagar,20.295736,85.839581,Assault on Woman,5,Morning,Weekday,Good,Medium,261,Community,80
INC07871,Nayapalli,20.29898,85.80626,Kidnapping Attempt,5,Morning,Weekend,Poor,Low,246,Police,97
INC07872,Vani Vihar,20.299451,85.839895,Stalking,4,Evening,Weekday,Poor,Medium,560,Community,88
INC07873,Infocity,20.342203,85.818894,Harassment,3,Evening,Weekday,Poor,Low,1356,Police,73
INC07874,Nayapalli,20.293314,85.807497,Assault on Woman,5,Night,Weekend,Moderate,High,184,Police,95
INC07875,Rasulgarh,20.287764,85.87043,Harassment,3,Night,Weekday,Moderate,High,1026,Community,70
INC07876,Infocity,20.342257,85.813252,Harassment,3,Evening,Weekday,Poor,Medium,1495,Community,68
INC07877,Vani Vihar,20.295797,85.840666,Harassment,3,Afternoon,Weekday,Poor,Medium,588,Community,62
INC07878,Acharya Vihar,20.29977,85.834091,Eve-teasing,2,Night,Weekend,Poor,Medium,791,Police,62
INC07879,Baramunda,20.270479,85.803129,Assault on Woman,5,Evening,Weekday,Poor,High,938,Community,100
INC07880,Jaydev Vihar,20.299313,85.819539,Harassment,3,Evening,Weekday,Poor,Medium,1422,Community,76
INC07881,Mancheswar,20.322744,85.86568,Stalking,4,Afternoon,Weekend,Moderate,Medium,395,Community,65
INC07882,Acharya Vihar,20.300136,85.83305,Harassment,3,Afternoon,Weekday,Good,Medium,968,Police,44
INC07883,Saheed Nagar,20.295011,85.841844,Assault on Woman,5,Morning,Weekday,Good,High,1327,Police,71
INC07884,Vani Vihar,20.2946,85.842871,Harassment,3,Afternoon,Weekend,Poor,High,575,Community,64
INC07885,Lingaraj,20.240117,85.835325,Stalking,4,Afternoon,Weekend,Good,Medium,1363,Police,56
INC07886,Pokhariput,20.253271,85.801233,Snatching,3,Evening,Weekend,Poor,Low,614,Community,69
INC07887,Nayapalli,20.297906,85.806134,Sexual Harassment,5,Night,Weekday,Good,High,118,Community,91
INC07888,Lingaraj,20.241612,85.83405,Kidnapping Attempt,5,Afternoon,Weekend,Poor,High,561,Community,100
INC07889,Acharya Vihar,20.300756,85.836606,Harassment,3,Evening,Weekend,Good,Medium,1253,Community,50
INC07890,Saheed Nagar,20.298909,85.842453,Suspicious Activity,2,Night,Weekend,Good,Low,1460,Police,47
INC07891,Khandagiri,20.259653,85.781708,Suspicious Activity,2,Evening,Weekend,Poor,Low,195,Police,62
INC07892,Nayapalli,20.29513,85.806389,Suspicious Activity,2,Night,Weekend,Moderate,Medium,1381,Community,54
INC07893,Infocity,20.343586,85.813998,Stalking,4,Afternoon,Weekend,Moderate,High,591,Community,73
INC07894,Kalpana Square,20.262182,85.843946,Harassment,3,Evening,Weekday,Good,Medium,390,Police,55
INC07895,Kalpana Square,20.257232,85.84332,Assault on Woman,5,Night,Weekend,Poor,High,1358,Community,100
INC07896,Dumduma,20.261913,85.795812,Kidnapping Attempt,5,Evening,Weekend,Good,Low,1450,Community,82
INC07897,Patia,20.357884,85.819663,Kidnapping Attempt,5,Evening,Weekday,Moderate,Medium,838,Community,94
INC07898,Infocity,20.345528,85.813048,Stalking,4,Afternoon,Weekday,Good,Medium,1191,Police,65
INC07899,Dumduma,20.264471,85.793818,Stalking,4,Night,Weekday,Good,Medium,652,Community,73
INC07900,CRP Square,20.317673,85.824666,Stalking,4,Night,Weekday,Good,Low,1216,Police,77
INC07901,Mancheswar,20.322471,85.864673,Assault on Woman,5,Night,Weekday,Poor,Low,1471,Police,100
INC07902,CRP Square,20.31468,85.824495,Stalking,4,Evening,Weekend,Good,Low,795,Police,63
INC07903,Pokhariput,20.253301,85.804303,Suspicious Activity,2,Evening,Weekend,Poor,Medium,183,Community,58
INC07904,Jaydev Vihar,20.301183,85.819611,Stalking,4,Evening,Weekend,Good,Medium,818,Community,70
INC07905,Rasulgarh,20.293248,85.870218,Assault on Woman,5,Night,Weekday,Good,Low,1341,Police,86
INC07906,Baramunda,20.271284,85.806431,Assault on Woman,5,Night,Weekday,Good,Low,446,Community,90
INC07907,Dumduma,20.264433,85.796921,Suspicious Activity,2,Night,Weekend,Poor,Medium,109,Police,67
INC07908,CRP Square,20.31266,85.822193,Eve-teasing,2,Evening,Weekday,Good,Medium,797,Police,37
INC07909,Patia,20.352687,85.822131,Harassment,3,Evening,Weekday,Moderate,High,518,Community,61
INC07910,Lingaraj,20.241555,85.831793,Stalking,4,Afternoon,Weekend,Good,High,426,Community,57
INC07911,Patia,20.354084,85.817903,Stalking,4,Evening,Weekend,Moderate,Low,1020,Police,82
INC07912,Chandrasekharpur,20.330213,85.823594,Assault on Woman,5,Afternoon,Weekday,Moderate,Low,469,Police,85
INC07913,Rasulgarh,20.288513,85.872731,Sexual Harassment,5,Night,Weekend,Poor,Medium,423,Community,100
INC07914,Dumduma,20.264249,85.794642,Kidnapping Attempt,5,Morning,Weekday,Moderate,Low,889,Community,84
INC07915,Vani Vihar,20.29628,85.844955,Harassment,3,Afternoon,Weekday,Poor,Medium,1393,Community,61
INC07916,Pokhariput,20.253095,85.806245,Harassment,3,Afternoon,Weekend,Poor,High,482,Police,64
INC07917,Infocity,20.342782,85.815458,Assault on Woman,5,Evening,Weekend,Poor,Low,805,Community,100
INC07918,Infocity,20.345882,85.817609,Harassment,3,Night,Weekend,Moderate,Medium,804,Community,72
INC07919,CRP Square,20.31661,85.821318,Stalking,4,Night,Weekend,Poor,Medium,646,Community,99
INC07920,Rasulgarh,20.291915,85.868496,Harassment,3,Evening,Weekend,Moderate,Medium,855,Community,68
INC07921,Nayapalli,20.297984,85.80702,Harassment,3,Afternoon,Weekday,Poor,Low,1474,Community,61
INC07922,Infocity,20.346008,85.814304,Harassment,3,Evening,Weekday,Moderate,Low,273,Community,60
INC07923,Master Canteen,20.271293,85.843948,Assault on Woman,5,Morning,Weekend,Poor,High,1003,Community,90
INC07924,Baramunda,20.272044,85.802576,Snatching,3,Afternoon,Weekday,Moderate,Medium,299,Community,60
INC07925,Nayapalli,20.297564,85.807119,Assault on Woman,5,Morning,Weekend,Moderate,Medium,249,Community,87
INC07926,Infocity,20.342514,85.818177,Stalking,4,Evening,Weekend,Poor,Medium,721,Police,86
INC07927,Lingaraj,20.240501,85.835596,Harassment,3,Night,Weekend,Moderate,Low,1099,Police,73
INC07928,Baramunda,20.268003,85.804002,Suspicious Activity,2,Night,Weekend,Good,Low,1248,Community,43
INC07929,Chandrasekharpur,20.329076,85.820944,Kidnapping Attempt,5,Afternoon,Weekend,Moderate,Medium,109,Community,90
INC07930,Acharya Vihar,20.298353,85.835833,Stalking,4,Afternoon,Weekend,Poor,High,680,Community,76
INC07931,Khandagiri,20.258553,85.779412,Assault on Woman,5,Evening,Weekday,Moderate,High,757,Police,92
INC07932,Dumduma,20.263049,85.794135,Assault on Woman,5,Afternoon,Weekday,Poor,High,1083,Community,97
INC07933,Vani Vihar,20.297368,85.841285,Stalking,4,Afternoon,Weekend,Moderate,Low,1420,Community,67
INC07934,Jaydev Vihar,20.302896,85.821115,Snatching,3,Morning,Weekend,Poor,Low,773,Community,70
INC07935,Rasulgarh,20.292438,85.870647,Suspicious Activity,2,Evening,Weekend,Poor,High,1028,Police,63
INC07936,Acharya Vihar,20.298392,85.834346,Assault on Woman,5,Night,Weekday,Moderate,Low,1237,Police,100
INC07937,Patia,20.353238,85.817514,Assault on Woman,5,Evening,Weekend,Poor,Medium,574,Community,100
INC07938,Pokhariput,20.257548,85.801089,Kidnapping Attempt,5,Night,Weekend,Good,High,1397,Police,89
INC07939,Baramunda,20.269547,85.801666,Harassment,3,Evening,Weekday,Moderate,Medium,792,Community,66
INC07940,Patia,20.352633,85.820003,Stalking,4,Night,Weekday,Poor,Medium,631,Community,92
INC07941,Dumduma,20.262593,85.795441,Assault on Woman,5,Evening,Weekend,Poor,Medium,299,Community,100
INC07942,Chandrasekharpur,20.330424,85.820344,Sexual Harassment,5,Night,Weekday,Good,Medium,360,Community,91
INC07943,Jaydev Vihar,20.302534,85.822112,Snatching,3,Night,Weekday,Good,Low,860,Community,62
INC07944,Dumduma,20.265101,85.794318,Kidnapping Attempt,5,Morning,Weekend,Moderate,High,880,Community,87
INC07945,Kalpana Square,20.2606,85.840884,Harassment,3,Afternoon,Weekend,Moderate,Low,604,Community,54
INC07946,CRP Square,20.317023,85.824686,Eve-teasing,2,Night,Weekday,Good,Medium,1200,Community,49
INC07947,Patia,20.355121,85.820756,Snatching,3,Afternoon,Weekend,Poor,Medium,340,Community,69
INC07948,Vani Vihar,20.297308,85.839618,Sexual Harassment,5,Night,Weekday,Good,High,683,Community,89
INC07949,Acharya Vihar,20.297148,85.832916,Assault on Woman,5,Afternoon,Weekday,Good,High,1171,Community,75
INC07950,Nayapalli,20.296556,85.806618,Eve-teasing,2,Night,Weekend,Moderate,Medium,551,Police,50
INC07951,Kalpana Square,20.25911,85.841718,Kidnapping Attempt,5,Evening,Weekday,Poor,Low,603,Community,100
INC07952,Rasulgarh,20.289795,85.868233,Harassment,3,Evening,Weekend,Good,High,424,Community,49
INC07953,Master Canteen,20.267728,85.843808,Stalking,4,Afternoon,Weekday,Poor,Low,493,Community,81
INC07954,Mancheswar,20.324272,85.864673,Harassment,3,Evening,Weekend,Moderate,Medium,202,Community,65
INC07955,Jaydev Vihar,20.300191,85.820169,Stalking,4,Night,Weekend,Moderate,High,869,Community,82
INC07956,Pokhariput,20.257327,85.805473,Assault on Woman,5,Night,Weekend,Poor,Low,388,Community,100
INC07957,Chandrasekharpur,20.331381,85.821263,Stalking,4,Night,Weekday,Poor,Medium,757,Community,96
INC07958,Acharya Vihar,20.299546,85.833677,Harassment,3,Night,Weekday,Poor,High,333,Police,85
INC07959,Lingaraj,20.244051,85.833668,Harassment,3,Afternoon,Weekend,Poor,High,1166,Community,67
INC07960,Chandrasekharpur,20.331754,85.822356,Sexual Harassment,5,Evening,Weekday,Good,High,117,Police,83
INC07961,Baramunda,20.270392,85.805979,Stalking,4,Evening,Weekend,Moderate,Medium,466,Community,79
INC07962,Lingaraj,20.240409,85.836235,Harassment,3,Night,Weekday,Moderate,Low,1317,Community,74
INC07963,Master Canteen,20.269365,85.839677,Sexual Harassment,5,Evening,Weekday,Moderate,Low,528,Police,96
INC07964,Dumduma,20.262516,85.791266,Snatching,3,Morning,Weekend,Moderate,Low,1477,Police,60
INC07965,Khandagiri,20.25583,85.782717,Snatching,3,Night,Weekend,Poor,Low,1171,Community,76
INC07966,Infocity,20.343417,85.81823,Snatching,3,Morning,Weekday,Poor,Low,843,Community,63
INC07967,Saheed Nagar,20.295448,85.84237,Stalking,4,Evening,Weekend,Moderate,High,317,Community,80
INC07968,Khandagiri,20.258129,85.784413,Harassment,3,Night,Weekend,Good,Medium,357,Community,65
INC07969,Infocity,20.345326,85.813571,Harassment,3,Afternoon,Weekend,Good,Medium,971,Police,49
INC07970,Old Town,20.235236,85.833363,Stalking,4,Morning,Weekend,Moderate,Medium,651,Community,66
INC07971,Patia,20.352412,85.821244,Harassment,3,Night,Weekend,Poor,Low,1045,Police,80
INC07972,Pokhariput,20.252378,85.806184,Stalking,4,Night,Weekday,Moderate,Low,937,Community,86
INC07973,Acharya Vihar,20.301316,85.832751,Harassment,3,Evening,Weekday,Moderate,Low,202,Police,62
INC07974,Vani Vihar,20.299654,85.844752,Snatching,3,Night,Weekend,Moderate,Low,227,Community,73
INC07975,Chandrasekharpur,20.332009,85.822879,Stalking,4,Afternoon,Weekend,Moderate,Low,1026,Community,66
INC07976,Dumduma,20.261389,85.791115,Harassment,3,Night,Weekend,Good,Medium,757,Community,60
INC07977,Old Town,20.239323,85.834581,Snatching,3,Evening,Weekday,Poor,High,642,Community,76
INC07978,Khandagiri,20.255771,85.77887,Assault on Woman,5,Night,Weekend,Poor,Low,1052,Community,100
INC07979,Master Canteen,20.267224,85.841535,Stalking,4,Afternoon,Weekday,Good,High,855,Community,63
INC07980,Old Town,20.238056,85.834852,Suspicious Activity,2,Afternoon,Weekday,Poor,Medium,778,Community,51
INC07981,Pokhariput,20.254367,85.805387,Harassment,3,Night,Weekday,Poor,Medium,870,Police,79
INC07982,Patia,20.352398,85.817304,Suspicious Activity,2,Afternoon,Weekday,Good,Low,438,Community,32
INC07983,Infocity,20.344054,85.817166,Kidnapping Attempt,5,Night,Weekend,Poor,Medium,113,Community,100
INC07984,CRP Square,20.315458,85.822201,Assault on Woman,5,Night,Weekend,Moderate,Medium,834,Community,99
INC07985,Nayapalli,20.293366,85.803644,Harassment,3,Night,Weekday,Moderate,Low,992,Community,72
INC07986,Saheed Nagar,20.295119,85.842413,Harassment,3,Afternoon,Weekend,Good,Medium,130,Community,41
INC07987,Mancheswar,20.321326,85.86584,Snatching,3,Night,Weekday,Good,Medium,1270,Community,55
INC07988,Kalpana Square,20.260548,85.841895,Sexual Harassment,5,Afternoon,Weekend,Moderate,Medium,631,Police,87
INC07989,Infocity,20.34671,85.815735,Eve-teasing,2,Night,Weekend,Moderate,High,194,Community,58
INC07990,Jaydev Vihar,20.298803,85.817743,Suspicious Activity,2,Evening,Weekend,Poor,Medium,523,Community,54
INC07991,Baramunda,20.269698,85.805315,Assault on Woman,5,Night,Weekday,Poor,Medium,899,Community,100
INC07992,Nayapalli,20.294093,85.802294,Snatching,3,Night,Weekday,Poor,Low,1379,Community,85
INC07993,Jaydev Vihar,20.299375,85.82145,Assault on Woman,5,Morning,Weekday,Moderate,Low,102,Community,90
INC07994,Old Town,20.240911,85.836575,Harassment,3,Night,Weekend,Moderate,Low,301,Community,69
INC07995,CRP Square,20.315768,85.824482,Assault on Woman,5,Evening,Weekend,Moderate,Medium,847,Police,88
INC07996,Jaydev Vihar,20.299422,85.817058,Assault on Woman,5,Night,Weekend,Good,Low,407,Community,89
INC07997,Acharya Vihar,20.298367,85.83373,Harassment,3,Morning,Weekend,Moderate,Low,605,Community,58
INC07998,Baramunda,20.271738,85.804216,Eve-teasing,2,Afternoon,Weekend,Moderate,Medium,756,Police,44
INC07999,Nayapalli,20.297934,85.803137,Assault on Woman,5,Night,Weekend,Moderate,Low,480,Community,100
INC08000,Master Canteen,20.270524,85.840004,Snatching,3,Night,Weekend,Moderate,High,454,Police,69
INC08001,KIIT Square,20.350458,85.82042,Suspicious Activity,2,Afternoon,Weekday,Good,High,655,Community,25
INC08002,CRP Square,20.317702,85.821953,Harassment,3,Evening,Weekday,Poor,Medium,708,Community,73
INC08003,Old Town,20.23943,85.831829,Stalking,4,Night,Weekend,Moderate,Low,206,Police,87
INC08004,Pokhariput,20.253124,85.804059,Stalking,4,Evening,Weekday,Moderate,High,425,Community,76
INC08005,Baramunda,20.268108,85.805986,Stalking,4,Evening,Weekend,Good,Medium,1057,Community,68
INC08006,Jaydev Vihar,20.301378,85.820546,Stalking,4,Evening,Weekday,Moderate,Medium,569,Police,77
INC08007,Infocity,20.345986,85.814084,Snatching,3,Afternoon,Weekday,Moderate,Low,339,Community,57
INC08008,Master Canteen,20.269998,85.841625,Harassment,3,Evening,Weekday,Poor,Low,1428,Community,70
INC08009,Nayapalli,20.298485,85.802774,Harassment,3,Evening,Weekend,Moderate,Low,646,Police,65
INC08010,Pokhariput,20.253236,85.802677,Harassment,3,Afternoon,Weekday,Moderate,Low,133,Community,52
INC08011,Vani Vihar,20.294985,85.84102,Sexual Harassment,5,Evening,Weekday,Moderate,Low,1426,Police,90
INC08012,KIIT Square,20.354054,85.820864,Harassment,3,Afternoon,Weekday,Good,High,1271,Community,47
INC08013,KIIT Square,20.353511,85.818659,Assault on Woman,5,Afternoon,Weekday,Good,High,847,Community,78
INC08014,Vani Vihar,20.294738,85.843677,Suspicious Activity,2,Evening,Weekend,Moderate,Low,645,Police,49
INC08015,Chandrasekharpur,20.333644,85.818532,Suspicious Activity,2,Night,Weekday,Good,High,967,Community,43
INC08016,Mancheswar,20.320408,85.861602,Harassment,3,Afternoon,Weekday,Poor,High,214,Community,63
INC08017,Rasulgarh,20.289995,85.868917,Snatching,3,Night,Weekend,Moderate,High,397,Police,75
INC08018,Chandrasekharpur,20.33493,85.821072,Stalking,4,Evening,Weekday,Moderate,Low,335,Community,83
INC08019,Old Town,20.239224,85.832102,Kidnapping Attempt,5,Night,Weekend,Good,Medium,569,Police,95
INC08020,Old Town,20.240239,85.831462,Assault on Woman,5,Night,Weekday,Moderate,Low,429,Community,100
INC08021,Kalpana Square,20.258796,85.841511,Sexual Harassment,5,Night,Weekday,Good,Medium,147,Community,93
INC08022,Vani Vihar,20.294588,85.839693,Harassment,3,Evening,Weekend,Poor,Medium,1289,Community,74
INC08023,Lingaraj,20.245362,85.834848,Stalking,4,Night,Weekend,Moderate,Low,616,Community,85
INC08024,Saheed Nagar,20.298621,85.838725,Assault on Woman,5,Morning,Weekend,Good,High,1138,Community,75
INC08025,Chandrasekharpur,20.334306,85.823862,Suspicious Activity,2,Night,Weekday,Moderate,High,763,Police,55
INC08026,Baramunda,20.272528,85.801875,Harassment,3,Night,Weekday,Poor,Low,814,Community,84
INC08027,CRP Square,20.316795,85.822991,Harassment,3,Night,Weekend,Good,High,1074,Community,60
INC08028,Master Canteen,20.266035,85.841027,Suspicious Activity,2,Evening,Weekday,Moderate,Medium,536,Police,43
INC08029,Vani Vihar,20.294202,85.842092,Stalking,4,Morning,Weekday,Good,Medium,1437,Police,65
INC08030,Lingaraj,20.244685,85.836907,Harassment,3,Night,Weekend,Moderate,Low,1297,Community,66
INC08031,Chandrasekharpur,20.334466,85.821576,Assault on Woman,5,Evening,Weekend,Poor,Medium,490,Police,99
INC08032,Patia,20.354326,85.81883,Sexual Harassment,5,Morning,Weekend,Poor,High,825,Community,94
INC08033,Mancheswar,20.319624,85.862103,Assault on Woman,5,Afternoon,Weekend,Moderate,High,184,Police,81
INC08034,Pokhariput,20.253617,85.801371,Snatching,3,Afternoon,Weekday,Moderate,High,224,Community,51
INC08035,Vani Vihar,20.298008,85.842998,Stalking,4,Afternoon,Weekday,Good,Medium,425,Community,59
INC08036,Baramunda,20.271634,85.802216,Harassment,3,Afternoon,Weekday,Moderate,Low,457,Community,58
INC08037,Dumduma,20.263651,85.792085,Harassment,3,Afternoon,Weekend,Moderate,Medium,1494,Community,55
INC08038,Kalpana Square,20.261053,85.842545,Stalking,4,Afternoon,Weekend,Good,Low,877,Community,61
INC08039,Dumduma,20.261072,85.796203,Harassment,3,Evening,Weekend,Moderate,High,1242,Police,66
INC08040,Infocity,20.343083,85.818331,Kidnapping Attempt,5,Night,Weekday,Good,Low,1455,Community,94
INC08041,Chandrasekharpur,20.330472,85.822466,Assault on Woman,5,Morning,Weekend,Poor,Medium,923,Community,93
INC08042,CRP Square,20.312307,85.823915,Stalking,4,Evening,Weekday,Poor,Medium,1263,Community,85
INC08043,Rasulgarh,20.292467,85.873435,Harassment,3,Evening,Weekday,Good,Medium,1110,Community,58
INC08044,Baramunda,20.267635,85.803949,Stalking,4,Evening,Weekday,Good,Medium,1150,Community,67
INC08045,Baramunda,20.268066,85.801924,Stalking,4,Night,Weekend,Good,High,1240,Community,72
INC08046,Kalpana Square,20.260004,85.841427,Harassment,3,Evening,Weekend,Good,Medium,1496,Community,51
INC08047,Chandrasekharpur,20.330412,85.820642,Harassment,3,Morning,Weekend,Moderate,Medium,1103,Police,58
INC08048,Acharya Vihar,20.300337,85.834847,Suspicious Activity,2,Afternoon,Weekend,Good,Low,949,Community,33
INC08049,Infocity,20.342127,85.815557,Harassment,3,Morning,Weekday,Poor,High,489,Police,69
INC08050,Vani Vihar,20.296071,85.840795,Harassment,3,Afternoon,Weekend,Good,Medium,1262,Police,49
INC08051,Patia,20.352865,85.819704,Harassment,3,Evening,Weekday,Good,High,873,Community,51
INC08052,Chandrasekharpur,20.32965,85.822336,Snatching,3,Night,Weekday,Poor,Low,672,Community,81
INC08053,Rasulgarh,20.291643,85.873767,Stalking,4,Night,Weekday,Poor,Low,332,Community,97
INC08054,Chandrasekharpur,20.334825,85.818516,Assault on Woman,5,Evening,Weekday,Moderate,Medium,836,Police,93
INC08055,Dumduma,20.263702,85.796737,Eve-teasing,2,Afternoon,Weekend,Moderate,Medium,1032,Community,37
INC08056,Master Canteen,20.271104,85.839303,Assault on Woman,5,Night,Weekday,Poor,Medium,185,Community,100
INC08057,Acharya Vihar,20.299974,85.835655,Stalking,4,Evening,Weekend,Moderate,Medium,1466,Police,80
INC08058,Vani Vihar,20.294259,85.840101,Stalking,4,Night,Weekday,Good,High,785,Community,79
INC08059,Acharya Vihar,20.301289,85.834947,Snatching,3,Morning,Weekday,Poor,Low,651,Community,64
INC08060,Dumduma,20.264231,85.79403,Stalking,4,Evening,Weekend,Poor,Low,1173,Police,93
INC08061,Pokhariput,20.254961,85.805107,Suspicious Activity,2,Afternoon,Weekday,Moderate,Low,1299,Community,35
INC08062,Old Town,20.238447,85.834351,Snatching,3,Afternoon,Weekday,Poor,Medium,1193,Police,64
INC08063,Old Town,20.237544,85.831117,Assault on Woman,5,Night,Weekday,Moderate,Medium,1253,Community,100
INC08064,CRP Square,20.314149,85.824512,Stalking,4,Afternoon,Weekday,Moderate,Low,1344,Community,70
INC08065,Master Canteen,20.268451,85.843288,Suspicious Activity,2,Evening,Weekday,Poor,High,366,Community,55
INC08066,Nayapalli,20.297925,85.807125,Sexual Harassment,5,Evening,Weekend,Poor,Low,415,Police,100
INC08067,Vani Vihar,20.294846,85.841024,Stalking,4,Evening,Weekend,Moderate,Medium,1180,Community,73
INC08068,Vani Vihar,20.2989,85.843226,Assault on Woman,5,Morning,Weekday,Poor,High,321,Community,99
INC08069,Infocity,20.346596,85.815713,Stalking,4,Evening,Weekday,Moderate,Low,773,Community,76
INC08070,Patia,20.355916,85.819485,Stalking,4,Evening,Weekend,Poor,Medium,855,Police,84
INC08071,KIIT Square,20.351215,85.819364,Harassment,3,Evening,Weekend,Good,Low,1321,Community,53
INC08072,Saheed Nagar,20.294062,85.839585,Suspicious Activity,2,Morning,Weekend,Good,Medium,684,Community,27
INC08073,Khandagiri,20.259928,85.783747,Sexual Harassment,5,Evening,Weekday,Moderate,High,566,Community,92
INC08074,Chandrasekharpur,20.334553,85.821357,Harassment,3,Morning,Weekend,Moderate,Medium,212,Community,52
INC08075,Kalpana Square,20.262823,85.843779,Harassment,3,Evening,Weekend,Poor,Low,420,Police,68
INC08076,Jaydev Vihar,20.302085,85.817416,Harassment,3,Evening,Weekday,Poor,Low,1267,Community,78
INC08077,Khandagiri,20.260436,85.783474,Harassment,3,Afternoon,Weekend,Good,High,1169,Police,46
INC08078,Master Canteen,20.268052,85.841073,Stalking,4,Evening,Weekend,Poor,High,144,Police,86
INC08079,Khandagiri,20.25465,85.783693,Assault on Woman,5,Evening,Weekend,Good,Medium,535,Community,86
INC08080,Baramunda,20.271774,85.80684,Eve-teasing,2,Evening,Weekday,Good,High,1376,Police,41
INC08081,Old Town,20.236468,85.836219,Stalking,4,Night,Weekend,Poor,High,631,Community,100
INC08082,KIIT Square,20.351455,85.817123,Assault on Woman,5,Night,Weekday,Good,High,219,Police,90
INC08083,Vani Vihar,20.296699,85.840313,Stalking,4,Evening,Weekday,Poor,Medium,708,Community,90
INC08084,Patia,20.353628,85.822151,Stalking,4,Evening,Weekday,Moderate,High,903,Police,79
INC08085,Master Canteen,20.266382,85.842209,Harassment,3,Morning,Weekday,Good,Low,912,Community,47
INC08086,Rasulgarh,20.292446,85.871206,Suspicious Activity,2,Morning,Weekend,Poor,Low,469,Community,50
INC08087,Khandagiri,20.258455,85.779049,Assault on Woman,5,Evening,Weekend,Poor,High,1342,Community,100
INC08088,Baramunda,20.269581,85.805142,Harassment,3,Night,Weekend,Poor,High,1117,Community,78
INC08089,Kalpana Square,20.259106,85.840465,Snatching,3,Night,Weekend,Poor,Medium,209,Community,83
INC08090,Old Town,20.235621,85.835436,Harassment,3,Afternoon,Weekend,Moderate,High,553,Police,56
INC08091,Infocity,20.341454,85.815159,Suspicious Activity,2,Evening,Weekend,Poor,Low,1214,Community,58
INC08092,Master Canteen,20.267921,85.843712,Snatching,3,Evening,Weekday,Moderate,Medium,1360,Community,67
INC08093,KIIT Square,20.35044,85.815615,Harassment,3,Evening,Weekday,Good,High,787,Police,57
INC08094,KIIT Square,20.350607,85.817626,Assault on Woman,5,Morning,Weekday,Good,Low,1111,Community,78
INC08095,Pokhariput,20.253783,85.803444,Eve-teasing,2,Afternoon,Weekday,Moderate,Low,1011,Community,43
INC08096,KIIT Square,20.351261,85.815226,Harassment,3,Afternoon,Weekday,Moderate,Low,313,Community,52
INC08097,Jaydev Vihar,20.299633,85.817925,Stalking,4,Night,Weekend,Moderate,Low,1463,Community,87
INC08098,Infocity,20.345561,85.817171,Suspicious Activity,2,Night,Weekday,Good,Medium,572,Community,45
INC08099,Jaydev Vihar,20.302311,85.820275,Harassment,3,Night,Weekend,Moderate,High,497,Community,69
INC08100,Jaydev Vihar,20.303218,85.817851,Harassment,3,Morning,Weekend,Good,Medium,1090,Community,42
INC08101,Vani Vihar,20.298146,85.844833,Harassment,3,Afternoon,Weekend,Good,High,535,Community,40
INC08102,Kalpana Square,20.262812,85.843105,Harassment,3,Night,Weekday,Poor,Medium,1287,Community,81
INC08103,Nayapalli,20.297914,85.807788,Harassment,3,Evening,Weekday,Moderate,High,1007,Police,59
INC08104,KIIT Square,20.352043,85.817972,Harassment,3,Evening,Weekday,Poor,Low,1086,Community,76
INC08105,Chandrasekharpur,20.332715,85.818753,Stalking,4,Night,Weekend,Poor,Medium,1143,Police,96
INC08106,Nayapalli,20.295368,85.805923,Harassment,3,Night,Weekend,Poor,Medium,201,Community,83
INC08107,Jaydev Vihar,20.302681,85.822032,Stalking,4,Evening,Weekday,Good,Low,464,Community,72
INC08108,Saheed Nagar,20.295143,85.841551,Harassment,3,Night,Weekday,Moderate,High,1099,Community,71
INC08109,Acharya Vihar,20.297985,85.833964,Eve-teasing,2,Evening,Weekday,Poor,Medium,605,Community,63
INC08110,Vani Vihar,20.296275,85.842391,Snatching,3,Evening,Weekday,Moderate,Medium,503,Police,58
INC08111,Baramunda,20.268884,85.80518,Eve-teasing,2,Evening,Weekend,Poor,Medium,1038,Community,57
INC08112,Master Canteen,20.270349,85.840411,Harassment,3,Evening,Weekend,Moderate,Medium,1145,Community,64
INC08113,Pokhariput,20.257867,85.801117,Harassment,3,Night,Weekday,Moderate,Low,1226,Community,70
INC08114,Lingaraj,20.240354,85.832208,Snatching,3,Night,Weekday,Poor,Medium,1496,Community,79
INC08115,Pokhariput,20.257399,85.80304,Stalking,4,Night,Weekday,Good,Low,1329,Community,72
INC08116,Pokhariput,20.257908,85.805414,Harassment,3,Evening,Weekend,Poor,High,385,Community,69
INC08117,Mancheswar,20.322311,85.865793,Stalking,4,Morning,Weekend,Moderate,Medium,1495,Police,66
INC08118,Pokhariput,20.253589,85.803935,Harassment,3,Night,Weekday,Moderate,Low,972,Community,75
INC08119,Jaydev Vihar,20.300378,85.819018,Suspicious Activity,2,Evening,Weekday,Poor,Low,468,Community,63
INC08120,Vani Vihar,20.296104,85.841266,Sexual Harassment,5,Evening,Weekday,Moderate,Medium,1242,Community,94
INC08121,Old Town,20.237266,85.833074,Assault on Woman,5,Night,Weekday,Moderate,Medium,315,Community,95
INC08122,Chandrasekharpur,20.333714,85.82084,Stalking,4,Night,Weekend,Poor,Low,1077,Community,93
INC08123,KIIT Square,20.352142,85.816585,Stalking,4,Night,Weekend,Moderate,Medium,1432,Community,89
INC08124,Acharya Vihar,20.301425,85.834857,Stalking,4,Afternoon,Weekday,Poor,High,1152,Community,79
INC08125,Dumduma,20.261159,85.793225,Suspicious Activity,2,Evening,Weekday,Good,Medium,392,Community,37
INC08126,KIIT Square,20.351671,85.81824,Stalking,4,Evening,Weekend,Moderate,High,191,Community,79
INC08127,CRP Square,20.315464,85.823701,Assault on Woman,5,Afternoon,Weekday,Poor,Medium,371,Community,94
INC08128,Jaydev Vihar,20.303837,85.822006,Harassment,3,Evening,Weekday,Poor,Medium,1261,Community,75
INC08129,KIIT Square,20.355818,85.816495,Assault on Woman,5,Night,Weekend,Poor,Low,164,Police,100
INC08130,Pokhariput,20.256579,85.803509,Stalking,4,Evening,Weekday,Moderate,Low,1260,Community,83
INC08131,Mancheswar,20.322546,85.862317,Stalking,4,Evening,Weekend,Poor,High,217,Police,88
INC08132,Saheed Nagar,20.296083,85.842957,Snatching,3,Evening,Weekend,Good,High,710,Police,56
INC08133,Lingaraj,20.245357,85.83603,Stalking,4,Evening,Weekday,Poor,Low,282,Community,86
INC08134,Acharya Vihar,20.300063,85.832931,Sexual Harassment,5,Night,Weekday,Poor,Low,290,Community,100
INC08135,Jaydev Vihar,20.298881,85.821355,Snatching,3,Night,Weekend,Moderate,High,936,Police,70
INC08136,Baramunda,20.26771,85.806314,Assault on Woman,5,Night,Weekday,Poor,Medium,176,Police,100
INC08137,CRP Square,20.315214,85.821171,Assault on Woman,5,Night,Weekday,Moderate,High,1220,Community,100
INC08138,Jaydev Vihar,20.299739,85.820286,Kidnapping Attempt,5,Evening,Weekday,Poor,Medium,323,Community,100
INC08139,Chandrasekharpur,20.33177,85.81811,Harassment,3,Afternoon,Weekend,Good,Low,424,Police,44
INC08140,Lingaraj,20.243214,85.831767,Harassment,3,Night,Weekday,Good,High,1112,Police,64
INC08141,KIIT Square,20.350231,85.820059,Stalking,4,Evening,Weekday,Poor,High,1372,Community,86
INC08142,Saheed Nagar,20.295788,85.840389,Sexual Harassment,5,Afternoon,Weekend,Good,Medium,158,Community,72
INC08143,Nayapalli,20.297505,85.804339,Harassment,3,Evening,Weekday,Poor,High,1125,Community,75
INC08144,Kalpana Square,20.261474,85.840296,Assault on Woman,5,Night,Weekend,Poor,Low,1039,Community,100
INC08145,Rasulgarh,20.292982,85.869126,Harassment,3,Evening,Weekday,Poor,Medium,1488,Community,75
INC08146,Dumduma,20.266129,85.793071,Assault on Woman,5,Evening,Weekend,Moderate,Low,1388,Community,93
INC08147,Lingaraj,20.243864,85.836475,Snatching,3,Afternoon,Weekend,Moderate,Low,558,Police,59
INC08148,Pokhariput,20.25237,85.801281,Assault on Woman,5,Afternoon,Weekday,Poor,Medium,1432,Police,98
INC08149,Vani Vihar,20.296632,85.841541,Assault on Woman,5,Night,Weekend,Moderate,Medium,282,Community,100
INC08150,Saheed Nagar,20.299699,85.840975,Eve-teasing,2,Night,Weekday,Poor,Low,855,Community,60
INC08151,Khandagiri,20.256153,85.780047,Kidnapping Attempt,5,Night,Weekend,Moderate,Medium,762,Community,99
INC08152,Mancheswar,20.322189,85.86459,Suspicious Activity,2,Morning,Weekday,Good,Low,926,Community,33
INC08153,Jaydev Vihar,20.298602,85.820238,Snatching,3,Evening,Weekend,Moderate,High,521,Community,60
INC08154,Master Canteen,20.271681,85.84032,Snatching,3,Night,Weekday,Poor,Low,1329,Community,85
INC08155,Nayapalli,20.298373,85.802361,Suspicious Activity,2,Evening,Weekday,Good,High,587,Community,34
INC08156,Master Canteen,20.266659,85.840601,Harassment,3,Night,Weekday,Good,Medium,208,Community,57
INC08157,Master Canteen,20.266853,85.842245,Snatching,3,Evening,Weekend,Poor,Low,676,Police,72
INC08158,Acharya Vihar,20.299434,85.836699,Eve-teasing,2,Evening,Weekday,Good,Medium,1216,Community,43
INC08159,Dumduma,20.262365,85.793011,Stalking,4,Evening,Weekend,Poor,Low,124,Community,83
INC08160,Dumduma,20.262865,85.793652,Harassment,3,Night,Weekday,Moderate,Medium,1316,Police,72
INC08161,Chandrasekharpur,20.333272,85.818862,Harassment,3,Night,Weekday,Poor,Medium,577,Community,80
INC08162,Rasulgarh,20.287956,85.868808,Snatching,3,Night,Weekday,Good,Low,502,Police,57
INC08163,Pokhariput,20.252549,85.805097,Assault on Woman,5,Night,Weekday,Poor,Medium,1318,Community,100
INC08164,Patia,20.356735,85.817081,Snatching,3,Morning,Weekday,Moderate,Low,301,Police,57
INC08165,Rasulgarh,20.291521,85.870359,Harassment,3,Evening,Weekend,Moderate,Medium,1275,Community,60
INC08166,Pokhariput,20.257648,85.806645,Suspicious Activity,2,Night,Weekday,Moderate,Low,926,Police,58
INC08167,Nayapalli,20.294424,85.803079,Harassment,3,Morning,Weekday,Moderate,Low,1222,Community,54
INC08168,Vani Vihar,20.29978,85.841902,Assault on Woman,5,Night,Weekend,Moderate,High,866,Community,100
INC08169,Master Canteen,20.268703,85.842493,Harassment,3,Afternoon,Weekday,Moderate,Low,1068,Community,58
INC08170,Infocity,20.346568,85.81705,Sexual Harassment,5,Afternoon,Weekend,Poor,High,843,Community,95
INC08171,Baramunda,20.271106,85.804751,Assault on Woman,5,Morning,Weekend,Good,Medium,416,Community,75
INC08172,Jaydev Vihar,20.298992,85.822641,Snatching,3,Evening,Weekday,Poor,High,379,Community,78
INC08173,Baramunda,20.27082,85.804192,Harassment,3,Night,Weekend,Good,High,1328,Community,58
INC08174,Pokhariput,20.254965,85.801934,Harassment,3,Afternoon,Weekday,Poor,High,916,Police,63
INC08175,Master Canteen,20.271114,85.843661,Assault on Woman,5,Night,Weekend,Moderate,Medium,151,Community,100
INC08176,Old Town,20.236898,85.836686,Assault on Woman,5,Evening,Weekend,Good,Low,418,Police,87
INC08177,Kalpana Square,20.257117,85.845014,Harassment,3,Night,Weekend,Moderate,Medium,993,Community,66
INC08178,Baramunda,20.267821,85.802408,Harassment,3,Night,Weekend,Good,Low,1427,Community,60
INC08179,Infocity,20.345562,85.817687,Snatching,3,Afternoon,Weekend,Moderate,Low,1062,Police,58
INC08180,Infocity,20.342426,85.815235,Assault on Woman,5,Night,Weekend,Poor,Low,1026,Community,100
INC08181,Vani Vihar,20.297508,85.839503,Harassment,3,Evening,Weekend,Moderate,Low,577,Community,60
INC08182,Saheed Nagar,20.296406,85.838421,Stalking,4,Evening,Weekend,Good,Medium,1470,Police,64
INC08183,Pokhariput,20.255641,85.804163,Assault on Woman,5,Night,Weekend,Good,Low,374,Community,91
INC08184,Mancheswar,20.322204,85.862532,Kidnapping Attempt,5,Night,Weekday,Good,Low,1110,Community,93
INC08185,Saheed Nagar,20.294132,85.842956,Suspicious Activity,2,Night,Weekend,Poor,Medium,330,Community,69
INC08186,Dumduma,20.262603,85.791378,Stalking,4,Morning,Weekday,Good,High,1272,Community,58
INC08187,Saheed Nagar,20.294263,85.838574,Sexual Harassment,5,Night,Weekend,Poor,Medium,1193,Community,100
INC08188,Mancheswar,20.324194,85.861057,Eve-teasing,2,Night,Weekday,Poor,High,402,Community,63
INC08189,Baramunda,20.268319,85.80423,Harassment,3,Evening,Weekday,Good,High,483,Community,53
INC08190,Old Town,20.236783,85.831251,Harassment,3,Night,Weekday,Moderate,Medium,741,Community,71
INC08191,Lingaraj,20.242213,85.832616,Stalking,4,Night,Weekend,Good,High,1409,Police,70
INC08192,Rasulgarh,20.289067,85.872616,Stalking,4,Evening,Weekday,Poor,Low,1344,Police,85
INC08193,Dumduma,20.262043,85.792868,Stalking,4,Afternoon,Weekday,Poor,Medium,894,Police,78
INC08194,Nayapalli,20.294617,85.804637,Harassment,3,Afternoon,Weekend,Moderate,High,807,Community,53
INC08195,Kalpana Square,20.257877,85.842596,Snatching,3,Night,Weekday,Poor,Medium,1231,Community,80
INC08196,Vani Vihar,20.2967,85.844558,Assault on Woman,5,Evening,Weekend,Moderate,High,439,Community,91
INC08197,CRP Square,20.313912,85.82389,Harassment,3,Afternoon,Weekday,Good,Low,530,Community,46
INC08198,Dumduma,20.261265,85.792837,Sexual Harassment,5,Evening,Weekend,Good,Medium,1245,Community,82
INC08199,Pokhariput,20.257723,85.804258,Stalking,4,Night,Weekday,Poor,High,882,Community,99
INC08200,Rasulgarh,20.291671,85.872273,Harassment,3,Night,Weekday,Poor,Medium,162,Community,85
INC08201,Patia,20.355276,85.819769,Assault on Woman,5,Afternoon,Weekend,Moderate,High,1364,Police,83
INC08202,CRP Square,20.316005,85.824912,Assault on Woman,5,Night,Weekday,Poor,Medium,940,Police,100
INC08203,Chandrasekharpur,20.334869,85.818618,Harassment,3,Night,Weekday,Poor,High,776,Community,79
INC08204,Khandagiri,20.256125,85.780561,Suspicious Activity,2,Night,Weekday,Poor,Low,249,Police,61
INC08205,Nayapalli,20.298354,85.804384,Assault on Woman,5,Night,Weekday,Moderate,Medium,822,Community,96
INC08206,Vani Vihar,20.296108,85.839262,Harassment,3,Evening,Weekend,Poor,Low,543,Community,73
INC08207,Old Town,20.238023,85.835501,Stalking,4,Night,Weekend,Moderate,Low,308,Community,86
INC08208,Chandrasekharpur,20.33054,85.821574,Kidnapping Attempt,5,Evening,Weekend,Poor,Low,114,Community,100
INC08209,Vani Vihar,20.298979,85.839509,Harassment,3,Night,Weekend,Poor,High,933,Police,75
INC08210,Lingaraj,20.240523,85.836077,Sexual Harassment,5,Night,Weekday,Good,Low,658,Community,95
INC08211,Khandagiri,20.255829,85.779146,Stalking,4,Morning,Weekend,Good,High,573,Community,63
INC08212,Mancheswar,20.321895,85.863334,Stalking,4,Afternoon,Weekday,Good,Medium,337,Community,56
INC08213,Jaydev Vihar,20.298799,85.819595,Harassment,3,Night,Weekday,Good,Low,153,Community,65
INC08214,Old Town,20.240539,85.832771,Stalking,4,Night,Weekend,Good,Medium,1219,Police,74
INC08215,Chandrasekharpur,20.33026,85.818439,Harassment,3,Morning,Weekend,Good,Low,353,Community,42
INC08216,Rasulgarh,20.289279,85.8738,Sexual Harassment,5,Night,Weekend,Poor,Low,895,Community,100
INC08217,Khandagiri,20.254676,85.781507,Sexual Harassment,5,Evening,Weekday,Good,Medium,730,Community,84
INC08218,Dumduma,20.261987,85.793241,Stalking,4,Morning,Weekend,Moderate,Low,816,Community,72
INC08219,Pokhariput,20.25793,85.802836,Harassment,3,Afternoon,Weekend,Poor,Low,446,Community,70
INC08220,KIIT Square,20.352853,85.820076,Kidnapping Attempt,5,Morning,Weekend,Moderate,Low,516,Police,83
INC08221,Master Canteen,20.271174,85.839553,Snatching,3,Evening,Weekend,Moderate,Medium,1123,Community,62
INC08222,Nayapalli,20.294476,85.806799,Harassment,3,Night,Weekend,Moderate,High,974,Community,75
INC08223,Pokhariput,20.257792,85.801886,Harassment,3,Afternoon,Weekday,Moderate,High,741,Community,57
INC08224,Master Canteen,20.271882,85.843115,Stalking,4,Afternoon,Weekday,Moderate,Medium,504,Community,69
INC08225,Patia,20.352422,85.819778,Snatching,3,Night,Weekday,Good,High,110,Police,61
INC08226,CRP Square,20.314339,85.822473,Assault on Woman,5,Afternoon,Weekend,Poor,Low,359,Community,92
INC08227,Master Canteen,20.267983,85.838916,Harassment,3,Night,Weekday,Moderate,Medium,152,Community,74
INC08228,Master Canteen,20.267308,85.842599,Sexual Harassment,5,Evening,Weekday,Poor,Low,361,Community,98
INC08229,Kalpana Square,20.259519,85.84324,Harassment,3,Evening,Weekend,Good,Low,1009,Police,56
INC08230,Mancheswar,20.321142,85.863129,Assault on Woman,5,Night,Weekday,Moderate,Medium,241,Police,100
INC08231,Chandrasekharpur,20.332935,85.821074,Assault on Woman,5,Evening,Weekend,Moderate,High,291,Community,93
INC08232,Acharya Vihar,20.301938,85.832113,Stalking,4,Night,Weekend,Moderate,Low,675,Police,88
INC08233,KIIT Square,20.350471,85.81897,Harassment,3,Afternoon,Weekday,Good,High,1492,Police,41
INC08234,Vani Vihar,20.298461,85.841942,Stalking,4,Afternoon,Weekday,Good,Medium,902,Community,59
INC08235,KIIT Square,20.350675,85.819613,Stalking,4,Afternoon,Weekend,Moderate,Medium,1216,Community,75
INC08236,Jaydev Vihar,20.300972,85.822099,Harassment,3,Night,Weekend,Moderate,High,352,Community,75
INC08237,Infocity,20.343194,85.818587,Sexual Harassment,5,Night,Weekday,Moderate,Low,830,Police,100
INC08238,Old Town,20.235929,85.836857,Harassment,3,Afternoon,Weekend,Moderate,Low,1010,Community,55
INC08239,Lingaraj,20.244937,85.832065,Harassment,3,Night,Weekend,Moderate,Medium,316,Community,72
INC08240,Acharya Vihar,20.301036,85.836733,Assault on Woman,5,Evening,Weekend,Moderate,High,974,Community,93
INC08241,Jaydev Vihar,20.299769,85.821017,Harassment,3,Morning,Weekend,Poor,High,1224,Community,68
INC08242,Kalpana Square,20.257122,85.842448,Harassment,3,Night,Weekend,Moderate,Medium,756,Community,74
INC08243,Patia,20.354594,85.819119,Sexual Harassment,5,Night,Weekday,Good,Low,852,Community,95
INC08244,Mancheswar,20.321023,85.864528,Stalking,4,Night,Weekend,Moderate,High,991,Community,89
INC08245,Chandrasekharpur,20.33278,85.822386,Stalking,4,Night,Weekend,Moderate,Medium,984,Community,87
INC08246,Rasulgarh,20.290085,85.869312,Assault on Woman,5,Night,Weekday,Moderate,High,981,Community,96
INC08247,Saheed Nagar,20.296671,85.842759,Harassment,3,Afternoon,Weekday,Moderate,Low,1126,Police,55
INC08248,Khandagiri,20.257529,85.781617,Snatching,3,Night,Weekend,Poor,Medium,432,Police,85
INC08249,KIIT Square,20.350071,85.81762,Eve-teasing,2,Night,Weekday,Moderate,Low,1466,Community,54
INC08250,Old Town,20.240598,85.831986,Stalking,4,Morning,Weekend,Poor,Low,1172,Community,77
INC08251,Lingaraj,20.243344,85.831374,Stalking,4,Night,Weekend,Poor,High,1386,Community,90
INC08252,Rasulgarh,20.28929,85.873685,Harassment,3,Night,Weekday,Good,Low,523,Community,55
INC08253,KIIT Square,20.354818,85.817028,Assault on Woman,5,Afternoon,Weekday,Moderate,High,1401,Community,88
INC08254,CRP Square,20.316644,85.823561,Kidnapping Attempt,5,Afternoon,Weekday,Moderate,Medium,202,Community,87
INC08255,Lingaraj,20.2456,85.833646,Stalking,4,Evening,Weekday,Good,Medium,1413,Community,67
INC08256,Vani Vihar,20.299582,85.839321,Suspicious Activity,2,Morning,Weekend,Poor,Medium,608,Community,52
INC08257,Chandrasekharpur,20.329121,85.818328,Harassment,3,Afternoon,Weekend,Good,High,839,Police,50
INC08258,KIIT Square,20.354318,85.816837,Harassment,3,Evening,Weekday,Poor,Low,846,Police,72
INC08259,Chandrasekharpur,20.331766,85.823725,Kidnapping Attempt,5,Evening,Weekend,Good,Medium,620,Community,80
INC08260,Rasulgarh,20.289201,85.871119,Snatching,3,Night,Weekend,Poor,High,765,Community,77
INC08261,Khandagiri,20.257864,85.783117,Harassment,3,Evening,Weekend,Poor,Medium,1376,Police,76
INC08262,Pokhariput,20.254356,85.803435,Suspicious Activity,2,Night,Weekday,Good,Medium,497,Community,45
INC08263,Jaydev Vihar,20.303387,85.819637,Stalking,4,Night,Weekday,Poor,High,294,Community,98
INC08264,Master Canteen,20.271142,85.839997,Stalking,4,Night,Weekend,Good,Medium,1304,Community,76
INC08265,Chandrasekharpur,20.332899,85.822206,Stalking,4,Evening,Weekday,Good,Low,1287,Community,67
INC08266,Chandrasekharpur,20.334488,85.822044,Stalking,4,Evening,Weekday,Poor,Medium,1403,Police,85
INC08267,Jaydev Vihar,20.299302,85.820643,Assault on Woman,5,Evening,Weekday,Moderate,Medium,269,Community,91
INC08268,Rasulgarh,20.29294,85.869043,Suspicious Activity,2,Evening,Weekday,Good,Low,1358,Police,42
INC08269,Acharya Vihar,20.29854,85.832256,Assault on Woman,5,Morning,Weekday,Moderate,Low,948,Police,90
INC08270,Infocity,20.342022,85.818075,Snatching,3,Afternoon,Weekday,Good,Medium,299,Community,40
INC08271,Jaydev Vihar,20.301526,85.817584,Suspicious Activity,2,Afternoon,Weekday,Poor,Low,788,Community,49
INC08272,Chandrasekharpur,20.331215,85.822181,Harassment,3,Night,Weekday,Poor,High,1189,Community,75
INC08273,KIIT Square,20.352141,85.819687,Snatching,3,Morning,Weekday,Good,Low,1195,Community,44
INC08274,Baramunda,20.271223,85.80398,Harassment,3,Night,Weekend,Moderate,Low,173,Community,75
INC08275,Nayapalli,20.298001,85.803592,Assault on Woman,5,Afternoon,Weekday,Good,Medium,1072,Community,73
INC08276,Rasulgarh,20.287947,85.868589,Suspicious Activity,2,Evening,Weekend,Poor,Medium,661,Community,58
INC08277,Nayapalli,20.293395,85.803796,Harassment,3,Night,Weekend,Poor,High,300,Community,77
INC08278,Jaydev Vihar,20.301842,85.818247,Harassment,3,Evening,Weekday,Moderate,High,598,Police,58
INC08279,KIIT Square,20.350053,85.820087,Stalking,4,Evening,Weekday,Poor,Low,1183,Community,91
INC08280,CRP Square,20.312424,85.819543,Harassment,3,Morning,Weekend,Moderate,Low,148,Police,58
INC08281,Lingaraj,20.240938,85.83408,Stalking,4,Evening,Weekend,Moderate,Medium,487,Community,83
INC08282,Saheed Nagar,20.294358,85.841017,Harassment,3,Night,Weekday,Good,Medium,439,Community,64
INC08283,Patia,20.352826,85.819294,Stalking,4,Evening,Weekend,Good,Low,1155,Police,67
INC08284,Kalpana Square,20.257811,85.843799,Stalking,4,Evening,Weekend,Good,Medium,510,Community,63
INC08285,KIIT Square,20.351316,85.817086,Stalking,4,Night,Weekday,Moderate,Medium,275,Community,85
INC08286,Baramunda,20.271,85.801616,Snatching,3,Afternoon,Weekday,Moderate,Low,1276,Community,58
INC08287,Pokhariput,20.256171,85.801037,Stalking,4,Afternoon,Weekday,Good,High,1280,Police,56
INC08288,Kalpana Square,20.258605,85.840093,Kidnapping Attempt,5,Afternoon,Weekday,Moderate,Low,846,Community,88
INC08289,Dumduma,20.264676,85.795071,Harassment,3,Evening,Weekday,Poor,Low,1071,Community,78
INC08290,Mancheswar,20.319064,85.862829,Stalking,4,Morning,Weekday,Good,High,1370,Police,65
INC08291,Nayapalli,20.296618,85.806471,Stalking,4,Evening,Weekday,Moderate,Low,631,Police,82
INC08292,CRP Square,20.31271,85.820853,Assault on Woman,5,Night,Weekday,Good,Medium,288,Community,88
INC08293,Khandagiri,20.255235,85.781192,Snatching,3,Afternoon,Weekend,Good,Medium,551,Police,43
INC08294,Infocity,20.344457,85.814757,Stalking,4,Evening,Weekend,Moderate,Low,515,Community,80
INC08295,Khandagiri,20.255707,85.78395,Assault on Woman,5,Afternoon,Weekend,Good,Low,866,Community,71
INC08296,Baramunda,20.272828,85.804367,Kidnapping Attempt,5,Night,Weekend,Poor,Low,1048,Community,100
INC08297,Baramunda,20.272756,85.801323,Snatching,3,Night,Weekday,Good,Low,260,Community,62
INC08298,Mancheswar,20.321795,85.866343,Assault on Woman,5,Afternoon,Weekend,Moderate,High,893,Police,81
INC08299,Master Canteen,20.268527,85.840113,Stalking,4,Afternoon,Weekend,Poor,High,770,Community,78
INC08300,Khandagiri,20.255938,85.778899,Sexual Harassment,5,Afternoon,Weekday,Poor,Low,1496,Community,95
INC08301,Mancheswar,20.322767,85.863639,Snatching,3,Afternoon,Weekday,Moderate,High,1104,Police,50
INC08302,Baramunda,20.269699,85.801595,Assault on Woman,5,Morning,Weekend,Poor,Low,1363,Police,97
INC08303,Jaydev Vihar,20.302989,85.819342,Assault on Woman,5,Night,Weekday,Good,Medium,1392,Community,88
INC08304,Khandagiri,20.258195,85.781604,Harassment,3,Night,Weekday,Moderate,Medium,1120,Police,72
INC08305,Nayapalli,20.293273,85.80493,Stalking,4,Night,Weekday,Good,Low,285,Community,80
INC08306,Patia,20.353276,85.822297,Harassment,3,Evening,Weekend,Good,High,1354,Community,50
INC08307,Saheed Nagar,20.295119,85.840233,Harassment,3,Night,Weekend,Moderate,High,125,Community,66
INC08308,Acharya Vihar,20.299302,85.837008,Snatching,3,Night,Weekend,Moderate,Medium,1274,Police,66
INC08309,Kalpana Square,20.262761,85.842228,Assault on Woman,5,Afternoon,Weekday,Moderate,Medium,435,Community,90
INC08310,Nayapalli,20.293285,85.805271,Sexual Harassment,5,Night,Weekday,Good,High,1382,Police,92
INC08311,Mancheswar,20.319992,85.863793,Kidnapping Attempt,5,Afternoon,Weekend,Moderate,Medium,1064,Community,89
INC08312,Jaydev Vihar,20.301497,85.822442,Stalking,4,Afternoon,Weekday,Poor,Medium,947,Community,81
INC08313,Mancheswar,20.323247,85.862664,Suspicious Activity,2,Morning,Weekday,Moderate,Medium,1131,Community,38
INC08314,Infocity,20.342831,85.813004,Kidnapping Attempt,5,Night,Weekend,Poor,High,1464,Community,100
INC08315,Infocity,20.341287,85.813441,Stalking,4,Evening,Weekday,Good,Medium,653,Community,63
INC08316,Dumduma,20.261006,85.792185,Assault on Woman,5,Evening,Weekend,Poor,Low,207,Community,100
INC08317,Vani Vihar,20.299864,85.844961,Stalking,4,Night,Weekday,Good,Medium,434,Community,73
INC08318,Rasulgarh,20.291307,85.870955,Suspicious Activity,2,Night,Weekend,Poor,Low,857,Police,62
INC08319,Master Canteen,20.267029,85.840974,Suspicious Activity,2,Evening,Weekday,Good,Low,1267,Community,38
INC08320,Patia,20.355903,85.817111,Harassment,3,Afternoon,Weekend,Poor,Medium,1048,Community,63
INC08321,Patia,20.357372,85.819632,Harassment,3,Evening,Weekday,Good,Medium,825,Police,56
INC08322,Vani Vihar,20.295027,85.844518,Snatching,3,Evening,Weekday,Moderate,Low,469,Police,64
INC08323,Nayapalli,20.298717,85.807607,Snatching,3,Evening,Weekday,Moderate,High,1036,Community,63
INC08324,Pokhariput,20.255053,85.803574,Kidnapping Attempt,5,Morning,Weekend,Poor,High,1439,Community,92
INC08325,Lingaraj,20.241951,85.833374,Snatching,3,Evening,Weekend,Moderate,Low,823,Community,64
INC08326,Kalpana Square,20.260099,85.842272,Suspicious Activity,2,Evening,Weekend,Poor,High,1397,Community,59
INC08327,Old Town,20.239785,85.835631,Kidnapping Attempt,5,Evening,Weekday,Poor,Low,1347,Police,100
INC08328,Chandrasekharpur,20.332676,85.82174,Suspicious Activity,2,Afternoon,Weekday,Poor,Low,465,Community,45
INC08329,Nayapalli,20.295548,85.804462,Kidnapping Attempt,5,Evening,Weekend,Poor,Low,577,Community,100
INC08330,Nayapalli,20.295731,85.807404,Snatching,3,Evening,Weekend,Poor,High,696,Community,72
INC08331,Acharya Vihar,20.302322,85.836213,Harassment,3,Afternoon,Weekday,Poor,Medium,128,Community,61
INC08332,Khandagiri,20.256615,85.784113,Stalking,4,Night,Weekday,Poor,Low,308,Community,98
INC08333,Vani Vihar,20.29767,85.839047,Harassment,3,Night,Weekend,Moderate,High,225,Community,74
INC08334,Kalpana Square,20.260155,85.845583,Stalking,4,Afternoon,Weekend,Moderate,Medium,854,Police,68
INC08335,Infocity,20.34373,85.817642,Stalking,4,Morning,Weekday,Poor,Medium,1128,Community,83
INC08336,Infocity,20.343606,85.817982,Harassment,3,Evening,Weekend,Poor,Medium,415,Police,70
INC08337,Nayapalli,20.293412,85.804676,Eve-teasing,2,Afternoon,Weekend,Poor,High,1242,Community,52
INC08338,Old Town,20.237197,85.833491,Kidnapping Attempt,5,Afternoon,Weekend,Good,Medium,365,Police,78
INC08339,Nayapalli,20.296552,85.805673,Stalking,4,Morning,Weekday,Moderate,Low,742,Police,71
INC08340,KIIT Square,20.353194,85.818828,Eve-teasing,2,Afternoon,Weekend,Good,Medium,872,Police,32
INC08341,Lingaraj,20.242832,85.834889,Eve-teasing,2,Evening,Weekend,Poor,Low,355,Community,57
INC08342,Vani Vihar,20.299757,85.840924,Sexual Harassment,5,Evening,Weekday,Poor,Medium,1054,Community,100
INC08343,Old Town,20.235851,85.836141,Kidnapping Attempt,5,Afternoon,Weekend,Good,Medium,907,Community,70
INC08344,CRP Square,20.315164,85.820861,Kidnapping Attempt,5,Night,Weekday,Good,High,587,Community,93
INC08345,CRP Square,20.31213,85.821281,Snatching,3,Evening,Weekend,Good,Medium,1343,Community,52
INC08346,Patia,20.35318,85.819689,Stalking,4,Afternoon,Weekend,Moderate,Medium,1206,Community,70
INC08347,Chandrasekharpur,20.331744,85.819618,Assault on Woman,5,Afternoon,Weekend,Good,Medium,227,Police,70
INC08348,Rasulgarh,20.290402,85.869219,Suspicious Activity,2,Afternoon,Weekend,Poor,Medium,499,Community,46
INC08349,Acharya Vihar,20.300347,85.834527,Harassment,3,Evening,Weekend,Good,Medium,333,Community,56
INC08350,Vani Vihar,20.296792,85.840466,Harassment,3,Evening,Weekday,Moderate,Medium,675,Community,64
INC08351,Kalpana Square,20.257959,85.841676,Sexual Harassment,5,Evening,Weekday,Poor,High,1228,Community,100
INC08352,Rasulgarh,20.291209,85.873117,Snatching,3,Afternoon,Weekday,Moderate,Medium,1169,Community,55
INC08353,Jaydev Vihar,20.301822,85.821071,Harassment,3,Night,Weekday,Moderate,High,1315,Community,71
INC08354,Patia,20.356431,85.820433,Assault on Woman,5,Evening,Weekend,Good,Medium,173,Community,80
INC08355,Saheed Nagar,20.298577,85.842211,Harassment,3,Evening,Weekend,Moderate,High,1467,Police,65
INC08356,Vani Vihar,20.298021,85.844176,Assault on Woman,5,Night,Weekend,Poor,High,138,Police,100
INC08357,KIIT Square,20.351546,85.816657,Assault on Woman,5,Afternoon,Weekend,Good,Medium,1086,Community,75
INC08358,Jaydev Vihar,20.298786,85.820092,Harassment,3,Evening,Weekend,Moderate,Low,207,Community,62
INC08359,Old Town,20.240794,85.834166,Harassment,3,Afternoon,Weekend,Good,Low,862,Community,40
INC08360,Patia,20.356411,85.822429,Harassment,3,Evening,Weekday,Poor,Medium,131,Community,77
INC08361,Nayapalli,20.293749,85.804719,Eve-teasing,2,Night,Weekday,Moderate,High,1182,Police,52
INC08362,Old Town,20.237337,85.83288,Stalking,4,Night,Weekend,Moderate,Medium,982,Community,90
INC08363,Baramunda,20.270076,85.801978,Snatching,3,Afternoon,Weekend,Moderate,High,1424,Community,52
INC08364,KIIT Square,20.355174,85.818206,Harassment,3,Morning,Weekday,Good,Low,338,Community,49
INC08365,Vani Vihar,20.294078,85.842777,Kidnapping Attempt,5,Afternoon,Weekend,Poor,Medium,266,Community,94
INC08366,Chandrasekharpur,20.331385,85.822239,Harassment,3,Evening,Weekend,Moderate,Medium,1312,Police,68
INC08367,KIIT Square,20.354311,85.818455,Assault on Woman,5,Evening,Weekday,Moderate,High,143,Community,96
INC08368,CRP Square,20.312271,85.819553,Harassment,3,Night,Weekday,Good,Medium,386,Community,65
INC08369,Baramunda,20.269977,85.802356,Assault on Woman,5,Evening,Weekday,Moderate,Medium,1047,Community,88
INC08370,Vani Vihar,20.298371,85.84209,Harassment,3,Night,Weekday,Good,Low,373,Community,55
INC08371,Infocity,20.345816,85.818117,Suspicious Activity,2,Evening,Weekend,Good,Medium,517,Police,38
INC08372,CRP Square,20.317274,85.822629,Harassment,3,Night,Weekend,Poor,Medium,474,Community,75
INC08373,Vani Vihar,20.297251,85.844313,Harassment,3,Morning,Weekend,Moderate,Low,526,Community,59
INC08374,Lingaraj,20.244075,85.836876,Harassment,3,Evening,Weekday,Poor,Low,829,Police,76
INC08375,Master Canteen,20.266781,85.841404,Stalking,4,Evening,Weekend,Good,Medium,1292,Community,70
INC08376,Patia,20.355456,85.818743,Sexual Harassment,5,Night,Weekend,Moderate,Medium,1146,Community,97
INC08377,Lingaraj,20.240454,85.831767,Harassment,3,Evening,Weekend,Moderate,High,1464,Community,62
INC08378,Chandrasekharpur,20.331172,85.821497,Harassment,3,Night,Weekday,Poor,Low,1162,Community,79
INC08379,Dumduma,20.263173,85.793774,Kidnapping Attempt,5,Night,Weekend,Moderate,Medium,540,Community,96
INC08380,Acharya Vihar,20.297818,85.834123,Harassment,3,Night,Weekend,Poor,Low,617,Police,79
INC08381,Saheed Nagar,20.296451,85.843157,Assault on Woman,5,Afternoon,Weekend,Good,Medium,191,Police,80
INC08382,Vani Vihar,20.299437,85.843783,Harassment,3,Night,Weekday,Poor,Medium,937,Community,85
INC08383,Old Town,20.239185,85.83391,Sexual Harassment,5,Night,Weekday,Poor,Medium,501,Community,100
INC08384,Old Town,20.239766,85.836916,Sexual Harassment,5,Evening,Weekday,Good,Medium,692,Community,82
INC08385,Khandagiri,20.2574,85.784716,Assault on Woman,5,Night,Weekend,Moderate,Medium,885,Community,98
INC08386,Nayapalli,20.297259,85.803134,Suspicious Activity,2,Night,Weekday,Poor,Low,372,Community,69
INC08387,Rasulgarh,20.291769,85.872185,Harassment,3,Night,Weekend,Good,Low,847,Community,57
INC08388,Patia,20.355087,85.818696,Suspicious Activity,2,Afternoon,Weekday,Good,Medium,629,Police,26
INC08389,Kalpana Square,20.259555,85.842342,Snatching,3,Evening,Weekend,Moderate,Medium,1059,Community,58
INC08390,Vani Vihar,20.294372,85.839799,Harassment,3,Night,Weekend,Poor,Medium,806,Police,83
INC08391,Jaydev Vihar,20.303897,85.818651,Assault on Woman,5,Evening,Weekend,Good,Low,1278,Community,82
INC08392,Khandagiri,20.257847,85.781702,Harassment,3,Evening,Weekday,Good,High,240,Police,48
INC08393,Nayapalli,20.29351,85.805595,Stalking,4,Night,Weekday,Moderate,Medium,618,Police,89
INC08394,Saheed Nagar,20.294506,85.843578,Kidnapping Attempt,5,Night,Weekday,Moderate,Low,1017,Police,100
INC08395,Infocity,20.342286,85.817302,Harassment,3,Morning,Weekday,Moderate,Low,399,Police,52
INC08396,Nayapalli,20.296423,85.803455,Snatching,3,Night,Weekend,Moderate,Medium,1090,Community,75
INC08397,Nayapalli,20.294104,85.807621,Sexual Harassment,5,Evening,Weekday,Moderate,High,176,Police,98
INC08398,Nayapalli,20.296634,85.805504,Stalking,4,Afternoon,Weekday,Poor,High,1055,Police,77
INC08399,Saheed Nagar,20.295889,85.840344,Suspicious Activity,2,Night,Weekend,Moderate,Low,351,Community,57
INC08400,Khandagiri,20.254513,85.781708,Harassment,3,Evening,Weekend,Moderate,Low,568,Community,60
INC08401,Pokhariput,20.252677,85.805598,Harassment,3,Morning,Weekday,Good,Medium,1243,Community,48
INC08402,Acharya Vihar,20.299121,85.833024,Stalking,4,Morning,Weekday,Moderate,Medium,375,Community,67
INC08403,Khandagiri,20.258817,85.783354,Stalking,4,Night,Weekend,Moderate,High,191,Community,89
INC08404,Master Canteen,20.267206,85.839406,Assault on Woman,5,Afternoon,Weekday,Moderate,Medium,182,Community,82
INC08405,Kalpana Square,20.26137,85.843452,Snatching,3,Afternoon,Weekday,Moderate,Low,175,Police,55
INC08406,Acharya Vihar,20.301757,85.832369,Stalking,4,Night,Weekend,Poor,High,1224,Police,90
INC08407,Rasulgarh,20.293207,85.87172,Stalking,4,Night,Weekend,Moderate,Low,965,Community,81
INC08408,Khandagiri,20.259306,85.784482,Snatching,3,Night,Weekday,Poor,Medium,1264,Police,80
INC08409,Rasulgarh,20.290194,85.868598,Assault on Woman,5,Afternoon,Weekday,Moderate,Low,1465,Community,80
INC08410,Chandrasekharpur,20.332878,85.819351,Assault on Woman,5,Evening,Weekend,Good,Medium,531,Community,80
INC08411,KIIT Square,20.354978,85.816039,Harassment,3,Evening,Weekday,Poor,Low,978,Police,75
INC08412,Rasulgarh,20.28926,85.869211,Harassment,3,Evening,Weekend,Poor,High,1312,Community,68
INC08413,Rasulgarh,20.292942,85.87333,Snatching,3,Night,Weekend,Moderate,High,1181,Community,72
INC08414,Rasulgarh,20.289491,85.871751,Harassment,3,Morning,Weekend,Moderate,Medium,685,Police,50
INC08415,Khandagiri,20.254953,85.781901,Harassment,3,Evening,Weekend,Good,High,1065,Community,53
INC08416,Old Town,20.238073,85.83328,Kidnapping Attempt,5,Afternoon,Weekday,Poor,High,1339,Police,96
INC08417,Patia,20.356027,85.816549,Suspicious Activity,2,Night,Weekend,Poor,Medium,436,Community,62
INC08418,Old Town,20.239968,85.836121,Harassment,3,Afternoon,Weekend,Good,Low,321,Community,48
INC08419,Baramunda,20.270705,85.802636,Eve-teasing,2,Night,Weekend,Good,Low,1052,Community,43
INC08420,Khandagiri,20.255197,85.782469,Assault on Woman,5,Night,Weekend,Moderate,Medium,1098,Community,100
INC08421,Mancheswar,20.319125,85.863681,Stalking,4,Morning,Weekend,Moderate,Low,851,Community,67
INC08422,Kalpana Square,20.260612,85.8405,Suspicious Activity,2,Night,Weekday,Moderate,High,1015,Police,53
INC08423,Vani Vihar,20.298806,85.841582,Snatching,3,Afternoon,Weekday,Moderate,High,610,Community,59
INC08424,Nayapalli,20.294174,85.803873,Suspicious Activity,2,Night,Weekday,Good,Medium,334,Community,45
INC08425,Old Town,20.236482,85.831555,Snatching,3,Evening,Weekday,Poor,Low,920,Community,78
INC08426,Patia,20.355517,85.819838,Assault on Woman,5,Afternoon,Weekday,Good,Low,397,Police,78
INC08427,Patia,20.354205,85.818304,Stalking,4,Afternoon,Weekday,Poor,Low,240,Community,77
INC08428,Mancheswar,20.323565,85.862744,Stalking,4,Night,Weekday,Good,Low,995,Community,77
INC08429,Rasulgarh,20.289766,85.870203,Stalking,4,Evening,Weekday,Poor,High,748,Community,87
INC08430,Nayapalli,20.297318,85.807117,Suspicious Activity,2,Afternoon,Weekend,Good,High,595,Community,32
INC08431,Rasulgarh,20.289092,85.873804,Assault on Woman,5,Night,Weekday,Moderate,Low,1220,Community,100
INC08432,Nayapalli,20.295832,85.807958,Eve-teasing,2,Evening,Weekend,Moderate,High,585,Community,49
INC08433,Jaydev Vihar,20.299437,85.822112,Snatching,3,Evening,Weekday,Good,High,1388,Community,51
INC08434,Saheed Nagar,20.294608,85.840416,Suspicious Activity,2,Evening,Weekday,Poor,Low,163,Police,54
INC08435,Chandrasekharpur,20.331046,85.820905,Harassment,3,Night,Weekday,Moderate,High,555,Community,73
INC08436,Lingaraj,20.241299,85.835789,Eve-teasing,2,Night,Weekday,Moderate,Medium,299,Community,58
INC08437,Dumduma,20.266688,85.793365,Suspicious Activity,2,Evening,Weekday,Moderate,Low,391,Police,50
INC08438,Khandagiri,20.255084,85.779672,Snatching,3,Night,Weekday,Good,Medium,684,Community,64
INC08439,Baramunda,20.271232,85.801917,Sexual Harassment,5,Afternoon,Weekend,Poor,High,262,Community,95
INC08440,KIIT Square,20.350915,85.816631,Harassment,3,Evening,Weekend,Good,High,122,Community,56
INC08441,Saheed Nagar,20.294825,85.842266,Harassment,3,Night,Weekend,Moderate,High,1046,Police,65
INC08442,Saheed Nagar,20.297193,85.839351,Eve-teasing,2,Night,Weekend,Good,Low,969,Community,41
INC08443,KIIT Square,20.35448,85.817416,Suspicious Activity,2,Evening,Weekend,Moderate,Low,910,Community,52
INC08444,Infocity,20.343882,85.815374,Harassment,3,Night,Weekday,Poor,Low,638,Community,79
INC08445,Rasulgarh,20.292101,85.87206,Stalking,4,Afternoon,Weekend,Moderate,High,1191,Community,70
INC08446,Kalpana Square,20.257195,85.840303,Sexual Harassment,5,Afternoon,Weekday,Poor,High,692,Community,95
INC08447,Saheed Nagar,20.299503,85.843463,Kidnapping Attempt,5,Night,Weekend,Poor,Medium,467,Community,100
INC08448,Kalpana Square,20.258608,85.841372,Suspicious Activity,2,Afternoon,Weekend,Moderate,Low,928,Community,39
INC08449,Rasulgarh,20.290558,85.869377,Kidnapping Attempt,5,Evening,Weekend,Poor,Medium,527,Community,99
INC08450,Baramunda,20.27114,85.806892,Stalking,4,Night,Weekday,Poor,Medium,415,Community,93
INC08451,Jaydev Vihar,20.30139,85.818634,Sexual Harassment,5,Afternoon,Weekend,Poor,Low,590,Community,99
INC08452,Master Canteen,20.270989,85.841453,Harassment,3,Morning,Weekday,Poor,Low,478,Community,70
INC08453,Nayapalli,20.294726,85.807052,Harassment,3,Afternoon,Weekday,Poor,High,1464,Police,61
INC08454,Saheed Nagar,20.299173,85.83946,Harassment,3,Afternoon,Weekend,Poor,Medium,1284,Community,69
INC08455,KIIT Square,20.355768,85.820173,Suspicious Activity,2,Evening,Weekday,Moderate,High,439,Police,45
INC08456,Nayapalli,20.295882,85.805596,Assault on Woman,5,Night,Weekend,Moderate,High,851,Community,97
INC08457,Rasulgarh,20.290404,85.870466,Harassment,3,Afternoon,Weekday,Moderate,Low,1136,Police,60
INC08458,Acharya Vihar,20.297706,85.835434,Suspicious Activity,2,Evening,Weekend,Moderate,Low,1463,Police,51
INC08459,Mancheswar,20.321788,85.866722,Assault on Woman,5,Evening,Weekday,Good,High,1024,Community,85
INC08460,Dumduma,20.262523,85.795995,Assault on Woman,5,Night,Weekday,Good,Medium,1461,Community,94
INC08461,Jaydev Vihar,20.301732,85.818987,Harassment,3,Evening,Weekday,Moderate,Medium,1217,Community,65
INC08462,Vani Vihar,20.295029,85.84204,Assault on Woman,5,Night,Weekend,Moderate,Low,1166,Community,100
INC08463,Chandrasekharpur,20.330992,85.820632,Assault on Woman,5,Night,Weekday,Good,Medium,328,Police,87
INC08464,Chandrasekharpur,20.329153,85.818738,Harassment,3,Afternoon,Weekend,Moderate,Medium,484,Community,52
INC08465,Dumduma,20.26449,85.794937,Eve-teasing,2,Morning,Weekday,Poor,Low,795,Community,45
INC08466,Old Town,20.240275,85.832711,Stalking,4,Morning,Weekday,Good,Low,1312,Community,60
INC08467,CRP Square,20.316265,85.819423,Snatching,3,Evening,Weekday,Moderate,Low,623,Community,65
INC08468,Infocity,20.343682,85.818439,Harassment,3,Evening,Weekday,Poor,High,779,Community,77
INC08469,Saheed Nagar,20.295868,85.83862,Stalking,4,Night,Weekend,Moderate,Medium,1109,Police,90
INC08470,Patia,20.356149,85.822011,Harassment,3,Evening,Weekday,Moderate,Medium,598,Community,63
INC08471,Dumduma,20.264131,85.792579,Snatching,3,Afternoon,Weekday,Poor,High,1300,Community,68
INC08472,Baramunda,20.271887,85.806931,Sexual Harassment,5,Night,Weekday,Good,Medium,768,Community,91
INC08473,Khandagiri,20.256454,85.784288,Stalking,4,Morning,Weekday,Poor,High,387,Community,77
INC08474,Baramunda,20.270302,85.8026,Harassment,3,Evening,Weekday,Good,Low,291,Police,53
INC08475,Vani Vihar,20.294345,85.843978,Harassment,3,Afternoon,Weekday,Poor,High,509,Police,66
INC08476,Infocity,20.343494,85.817726,Stalking,4,Night,Weekday,Poor,Low,268,Community,99
INC08477,Chandrasekharpur,20.330467,85.820728,Suspicious Activity,2,Evening,Weekday,Good,Medium,584,Community,39
INC08478,CRP Square,20.317281,85.819637,Harassment,3,Night,Weekday,Moderate,Medium,137,Community,69
INC08479,Khandagiri,20.259851,85.779878,Sexual Harassment,5,Evening,Weekday,Good,Medium,1495,Community,80
INC08480,Khandagiri,20.254989,85.783735,Suspicious Activity,2,Morning,Weekday,Moderate,High,1320,Community,45
INC08481,Kalpana Square,20.259246,85.845888,Stalking,4,Night,Weekday,Moderate,Medium,1089,Community,85
INC08482,Saheed Nagar,20.294107,85.839494,Assault on Woman,5,Afternoon,Weekday,Good,Medium,125,Police,73
INC08483,Baramunda,20.272297,85.805152,Stalking,4,Night,Weekend,Moderate,Low,715,Community,83
INC08484,Dumduma,20.264359,85.794392,Harassment,3,Evening,Weekend,Moderate,High,110,Community,68
INC08485,Patia,20.354715,85.820164,Harassment,3,Evening,Weekend,Good,High,952,Police,56
INC08486,Lingaraj,20.245711,85.834607,Stalking,4,Morning,Weekend,Moderate,High,1069,Police,72
INC08487,Mancheswar,20.319522,85.863708,Harassment,3,Afternoon,Weekend,Poor,Low,538,Community,66
INC08488,Patia,20.353528,85.819461,Harassment,3,Evening,Weekend,Moderate,Medium,982,Community,63
INC08489,Lingaraj,20.244914,85.836549,Stalking,4,Night,Weekend,Moderate,Medium,480,Police,81
INC08490,Kalpana Square,20.258652,85.842161,Stalking,4,Evening,Weekend,Good,High,225,Community,68
INC08491,KIIT Square,20.350932,85.81738,Harassment,3,Night,Weekend,Moderate,Low,881,Community,65
INC08492,Infocity,20.345941,85.816473,Harassment,3,Evening,Weekend,Moderate,Low,692,Police,65
INC08493,Lingaraj,20.241002,85.835027,Harassment,3,Evening,Weekday,Good,High,107,Police,48
INC08494,Acharya Vihar,20.299832,85.836907,Harassment,3,Evening,Weekend,Moderate,Medium,1010,Community,64
INC08495,Khandagiri,20.260364,85.783279,Stalking,4,Afternoon,Weekend,Good,Medium,1099,Police,63
INC08496,Infocity,20.343416,85.817279,Harassment,3,Afternoon,Weekday,Poor,Medium,748,Police,69
INC08497,Rasulgarh,20.292116,85.872997,Harassment,3,Night,Weekday,Poor,Low,458,Police,81
INC08498,Saheed Nagar,20.298192,85.8395,Stalking,4,Night,Weekend,Good,Medium,1127,Police,80
INC08499,Patia,20.352509,85.81847,Suspicious Activity,2,Morning,Weekday,Moderate,Medium,1081,Community,38
INC08500,Patia,20.353072,85.821377,Snatching,3,Evening,Weekend,Poor,High,217,Police,74
INC08501,Lingaraj,20.241087,85.834377,Stalking,4,Night,Weekday,Moderate,Low,1075,Community,84
INC08502,KIIT Square,20.355652,85.815667,Eve-teasing,2,Evening,Weekend,Moderate,Medium,317,Police,50
INC08503,Mancheswar,20.323752,85.865479,Assault on Woman,5,Night,Weekday,Moderate,Low,989,Police,96
INC08504,Master Canteen,20.267629,85.83809,Stalking,4,Afternoon,Weekend,Moderate,Medium,631,Community,65
INC08505,Mancheswar,20.322982,85.863329,Eve-teasing,2,Morning,Weekday,Moderate,High,1021,Community,43
INC08506,Khandagiri,20.256603,85.783223,Snatching,3,Night,Weekday,Good,Medium,1412,Community,55
INC08507,Infocity,20.341296,85.816472,Snatching,3,Evening,Weekend,Moderate,Low,1175,Police,59
INC08508,Acharya Vihar,20.302932,85.837551,Stalking,4,Afternoon,Weekend,Poor,Low,522,Community,79
INC08509,Acharya Vihar,20.299814,85.834226,Harassment,3,Night,Weekday,Poor,Low,396,Police,82
INC08510,Baramunda,20.267897,85.805333,Harassment,3,Evening,Weekend,Moderate,High,1004,Community,66
INC08511,Khandagiri,20.259679,85.77938,Assault on Woman,5,Night,Weekday,Good,Medium,944,Police,95
INC08512,Patia,20.35714,85.818841,Eve-teasing,2,Evening,Weekday,Poor,High,235,Police,56
INC08513,KIIT Square,20.354652,85.815085,Harassment,3,Evening,Weekday,Moderate,High,1245,Community,59
INC08514,Vani Vihar,20.299528,85.84464,Eve-teasing,2,Night,Weekend,Moderate,High,915,Community,59
INC08515,Mancheswar,20.322416,85.862966,Stalking,4,Evening,Weekday,Moderate,Medium,701,Police,79
INC08516,Mancheswar,20.321022,85.863305,Harassment,3,Afternoon,Weekday,Moderate,Low,200,Community,57
INC08517,Kalpana Square,20.257948,85.843283,Harassment,3,Morning,Weekend,Poor,Low,372,Community,70
INC08518,Acharya Vihar,20.301448,85.834885,Sexual Harassment,5,Night,Weekday,Moderate,High,342,Police,95
INC08519,KIIT Square,20.354407,85.818936,Sexual Harassment,5,Night,Weekend,Good,High,1469,Community,91
INC08520,CRP Square,20.314568,85.820438,Stalking,4,Night,Weekend,Good,Low,158,Community,73
INC08521,Infocity,20.34339,85.813788,Harassment,3,Evening,Weekend,Good,Medium,465,Community,55
INC08522,Infocity,20.345068,85.81459,Snatching,3,Night,Weekday,Moderate,Medium,724,Police,73
INC08523,Nayapalli,20.295603,85.802794,Sexual Harassment,5,Afternoon,Weekday,Good,Medium,1354,Community,75
INC08524,Old Town,20.235442,85.831517,Harassment,3,Afternoon,Weekend,Good,Medium,1369,Community,41
INC08525,Nayapalli,20.294587,85.803079,Kidnapping Attempt,5,Night,Weekday,Poor,High,1389,Police,100
INC08526,Pokhariput,20.25764,85.805816,Suspicious Activity,2,Afternoon,Weekend,Moderate,Medium,372,Police,43
INC08527,Rasulgarh,20.293258,85.869774,Harassment,3,Night,Weekend,Good,Medium,489,Community,65
INC08528,Khandagiri,20.257076,85.778873,Snatching,3,Afternoon,Weekday,Moderate,Medium,671,Community,50
INC08529,Mancheswar,20.319454,85.864038,Assault on Woman,5,Afternoon,Weekend,Good,High,1437,Police,73
INC08530,Acharya Vihar,20.298541,85.835172,Kidnapping Attempt,5,Morning,Weekday,Moderate,Medium,1473,Police,83
INC08531,Baramunda,20.267379,85.803004,Harassment,3,Evening,Weekday,Moderate,High,406,Community,67
INC08532,Dumduma,20.264638,85.793805,Harassment,3,Afternoon,Weekday,Good,Medium,1412,Police,50
INC08533,Vani Vihar,20.29755,85.843923,Harassment,3,Night,Weekday,Moderate,Medium,1319,Community,72
INC08534,Mancheswar,20.323575,85.862012,Assault on Woman,5,Night,Weekend,Good,High,1108,Police,85
INC08535,Nayapalli,20.296312,85.803946,Harassment,3,Night,Weekday,Good,High,1351,Community,62
INC08536,Rasulgarh,20.291136,85.871311,Stalking,4,Afternoon,Weekday,Poor,Low,489,Community,79
INC08537,Nayapalli,20.296353,85.805634,Eve-teasing,2,Night,Weekday,Good,Low,1091,Community,41
INC08538,Baramunda,20.2673,85.802694,Stalking,4,Evening,Weekend,Good,High,1078,Community,68
INC08539,Pokhariput,20.256517,85.804722,Suspicious Activity,2,Evening,Weekend,Poor,Medium,1004,Community,61
INC08540,Rasulgarh,20.289416,85.871189,Harassment,3,Night,Weekday,Moderate,High,1437,Police,72
INC08541,Baramunda,20.27177,85.80225,Assault on Woman,5,Afternoon,Weekday,Good,Low,1294,Police,77
INC08542,Baramunda,20.271467,85.806256,Snatching,3,Evening,Weekend,Moderate,High,197,Community,66
INC08543,Kalpana Square,20.261477,85.841554,Snatching,3,Evening,Weekday,Poor,Medium,1030,Police,75
INC08544,Master Canteen,20.26763,85.8392,Snatching,3,Evening,Weekday,Moderate,Low,143,Police,67
INC08545,Vani Vihar,20.299378,85.842411,Stalking,4,Afternoon,Weekday,Poor,Medium,1150,Community,81
INC08546,Old Town,20.235933,85.834138,Stalking,4,Evening,Weekday,Moderate,Medium,1138,Community,79
INC08547,Kalpana Square,20.261025,85.843592,Stalking,4,Afternoon,Weekday,Moderate,Low,370,Community,66
INC08548,Vani Vihar,20.297118,85.842104,Assault on Woman,5,Night,Weekday,Good,High,1461,Community,93
INC08549,KIIT Square,20.350331,85.819517,Assault on Woman,5,Evening,Weekday,Moderate,Low,1089,Police,92
INC08550,Acharya Vihar,20.300566,85.832276,Stalking,4,Afternoon,Weekday,Good,Low,661,Community,58
INC08551,Master Canteen,20.2717,85.840062,Assault on Woman,5,Evening,Weekend,Poor,Medium,881,Police,100
INC08552,Master Canteen,20.267236,85.842064,Snatching,3,Afternoon,Weekend,Moderate,High,966,Community,58
INC08553,Old Town,20.235462,85.832318,Stalking,4,Evening,Weekend,Poor,Medium,742,Police,84
INC08554,Master Canteen,20.269306,85.843472,Harassment,3,Evening,Weekday,Moderate,High,462,Community,66
INC08555,Infocity,20.34491,85.817089,Harassment,3,Night,Weekend,Good,Medium,1476,Community,62
INC08556,Kalpana Square,20.258322,85.842412,Snatching,3,Night,Weekend,Good,Low,990,Community,63
INC08557,Kalpana Square,20.258774,85.845412,Harassment,3,Evening,Weekday,Good,Low,369,Community,48
INC08558,Patia,20.354084,85.820169,Sexual Harassment,5,Evening,Weekend,Poor,Medium,835,Police,100
INC08559,Dumduma,20.265871,85.792213,Harassment,3,Evening,Weekday,Poor,Low,598,Community,70
INC08560,Master Canteen,20.266343,85.843277,Suspicious Activity,2,Morning,Weekday,Moderate,Low,1044,Police,35
INC08561,Baramunda,20.270125,85.806593,Harassment,3,Night,Weekend,Moderate,Medium,1126,Police,68
INC08562,Old Town,20.236947,85.832331,Harassment,3,Evening,Weekday,Moderate,Medium,915,Community,68
INC08563,Pokhariput,20.252087,85.801263,Suspicious Activity,2,Afternoon,Weekend,Moderate,Medium,940,Police,41
INC08564,Kalpana Square,20.259395,85.840067,Harassment,3,Night,Weekday,Moderate,High,1058,Community,65
INC08565,Kalpana Square,20.258342,85.84083,Assault on Woman,5,Evening,Weekday,Poor,Medium,646,Community,99
INC08566,Rasulgarh,20.290142,85.87282,Assault on Woman,5,Evening,Weekend,Good,Low,648,Community,86
INC08567,Infocity,20.343968,85.815178,Stalking,4,Evening,Weekday,Poor,Medium,617,Community,84
INC08568,Lingaraj,20.241559,85.835813,Stalking,4,Night,Weekend,Good,Medium,223,Community,74
INC08569,Master Canteen,20.271279,85.838545,Sexual Harassment,5,Morning,Weekend,Moderate,Medium,409,Police,87
INC08570,Infocity,20.343101,85.813835,Stalking,4,Night,Weekend,Good,Medium,994,Community,76
INC08571,Infocity,20.345083,85.815812,Kidnapping Attempt,5,Afternoon,Weekday,Poor,Low,367,Police,96
INC08572,Nayapalli,20.297721,85.807041,Harassment,3,Morning,Weekend,Moderate,High,1073,Community,57
INC08573,Kalpana Square,20.258795,85.843286,Assault on Woman,5,Afternoon,Weekend,Good,Low,1491,Community,73
INC08574,Kalpana Square,20.26144,85.841267,Harassment,3,Morning,Weekend,Moderate,Low,1492,Community,50
INC08575,Patia,20.353893,85.816678,Harassment,3,Evening,Weekday,Moderate,Medium,519,Community,58
INC08576,Infocity,20.344262,85.814028,Harassment,3,Evening,Weekday,Moderate,High,1418,Police,66
INC08577,Khandagiri,20.254923,85.782249,Assault on Woman,5,Evening,Weekday,Good,Low,918,Community,85
INC08578,Vani Vihar,20.295987,85.844632,Harassment,3,Night,Weekend,Poor,High,1264,Community,75
INC08579,Nayapalli,20.295784,85.802903,Harassment,3,Afternoon,Weekend,Moderate,High,1292,Police,60
INC08580,Vani Vihar,20.299842,85.844751,Sexual Harassment,5,Afternoon,Weekend,Moderate,Medium,566,Community,88
INC08581,Jaydev Vihar,20.301055,85.818412,Suspicious Activity,2,Night,Weekend,Moderate,Low,828,Community,56
INC08582,Chandrasekharpur,20.332348,85.822271,Harassment,3,Morning,Weekend,Good,Medium,478,Community,48
INC08583,Infocity,20.346268,85.813569,Harassment,3,Night,Weekend,Good,Medium,713,Community,64
INC08584,Vani Vihar,20.296458,85.841007,Stalking,4,Night,Weekend,Good,Medium,1005,Police,72
INC08585,Vani Vihar,20.295406,85.842052,Harassment,3,Evening,Weekend,Good,High,1257,Community,58
INC08586,Patia,20.355033,85.818043,Sexual Harassment,5,Night,Weekday,Good,Medium,1276,Community,89
INC08587,Dumduma,20.261522,85.794927,Eve-teasing,2,Evening,Weekend,Good,Low,543,Community,35
INC08588,Master Canteen,20.270377,85.842921,Stalking,4,Afternoon,Weekend,Poor,Medium,127,Community,82
INC08589,Rasulgarh,20.290769,85.870055,Harassment,3,Night,Weekend,Poor,Medium,489,Police,82
INC08590,Rasulgarh,20.288871,85.868164,Harassment,3,Afternoon,Weekend,Moderate,Medium,1173,Police,56
INC08591,Rasulgarh,20.29163,85.869225,Harassment,3,Evening,Weekday,Moderate,High,1473,Police,58
INC08592,Baramunda,20.268625,85.803777,Suspicious Activity,2,Night,Weekday,Poor,Low,1448,Community,68
INC08593,Kalpana Square,20.258578,85.840289,Stalking,4,Evening,Weekday,Good,Low,127,Community,63
INC08594,Nayapalli,20.295129,85.803602,Snatching,3,Morning,Weekday,Moderate,High,1373,Community,59
INC08595,Jaydev Vihar,20.298618,85.820681,Harassment,3,Morning,Weekday,Poor,Medium,230,Community,63
INC08596,Pokhariput,20.252965,85.804848,Snatching,3,Night,Weekday,Moderate,High,404,Community,74
INC08597,Acharya Vihar,20.299522,85.83412,Harassment,3,Evening,Weekend,Poor,High,1440,Community,73
INC08598,Vani Vihar,20.298238,85.842046,Sexual Harassment,5,Night,Weekday,Poor,High,915,Community,100
INC08599,Vani Vihar,20.298652,85.84105,Harassment,3,Night,Weekend,Good,Low,622,Police,64
INC08600,Vani Vihar,20.297283,85.842532,Assault on Woman,5,Evening,Weekend,Poor,High,601,Police,100
INC08601,Khandagiri,20.255428,85.782247,Stalking,4,Evening,Weekend,Poor,High,383,Community,87
INC08602,Dumduma,20.261721,85.793907,Stalking,4,Night,Weekday,Good,Low,1244,Police,78
INC08603,Jaydev Vihar,20.29858,85.821514,Assault on Woman,5,Morning,Weekday,Good,Low,620,Community,80
INC08604,Mancheswar,20.324539,85.866307,Harassment,3,Afternoon,Weekend,Moderate,High,1101,Community,55
INC08605,Rasulgarh,20.288797,85.869208,Stalking,4,Night,Weekend,Poor,Low,303,Community,90
INC08606,Infocity,20.342723,85.817579,Assault on Woman,5,Night,Weekend,Good,Low,506,Community,90
INC08607,Baramunda,20.27191,85.802499,Harassment,3,Night,Weekday,Poor,Low,995,Police,76
INC08608,Nayapalli,20.297605,85.803492,Harassment,3,Night,Weekday,Moderate,Low,584,Community,72
INC08609,Saheed Nagar,20.295342,85.839566,Harassment,3,Afternoon,Weekend,Moderate,Medium,1168,Police,57
INC08610,Chandrasekharpur,20.330859,85.820341,Kidnapping Attempt,5,Night,Weekend,Good,Medium,1014,Community,94
INC08611,Baramunda,20.268621,85.80495,Harassment,3,Evening,Weekday,Poor,Medium,448,Police,68
INC08612,Pokhariput,20.252626,85.804797,Snatching,3,Night,Weekend,Good,Medium,763,Community,65
INC08613,CRP Square,20.317508,85.821422,Harassment,3,Evening,Weekday,Good,Medium,944,Community,50
INC08614,Infocity,20.345026,85.818363,Stalking,4,Evening,Weekday,Poor,Low,774,Community,90
INC08615,Infocity,20.342361,85.814654,Sexual Harassment,5,Evening,Weekend,Poor,Medium,886,Community,100
INC08616,Vani Vihar,20.298914,85.844765,Stalking,4,Morning,Weekday,Poor,Medium,1022,Community,78
INC08617,Vani Vihar,20.298007,85.843386,Stalking,4,Evening,Weekday,Good,High,1420,Police,69
INC08618,Master Canteen,20.269651,85.838514,Harassment,3,Afternoon,Weekend,Good,Medium,703,Community,42
INC08619,Khandagiri,20.260081,85.784501,Harassment,3,Evening,Weekend,Moderate,Low,1357,Community,61
INC08620,Kalpana Square,20.260575,85.844778,Sexual Harassment,5,Night,Weekend,Moderate,High,452,Police,100
INC08621,Saheed Nagar,20.29925,85.839632,Harassment,3,Afternoon,Weekday,Poor,Medium,486,Community,70
INC08622,Kalpana Square,20.259295,85.842309,Harassment,3,Morning,Weekend,Moderate,Low,157,Community,56
INC08623,Patia,20.356883,85.8192,Snatching,3,Afternoon,Weekday,Poor,High,1412,Community,61
INC08624,Master Canteen,20.268268,85.842841,Harassment,3,Evening,Weekend,Poor,Medium,761,Community,68
INC08625,Khandagiri,20.260186,85.781223,Stalking,4,Evening,Weekend,Moderate,High,614,Community,82
INC08626,Dumduma,20.266517,85.791376,Harassment,3,Evening,Weekday,Poor,Medium,266,Police,75
INC08627,Vani Vihar,20.295155,85.842672,Stalking,4,Night,Weekday,Good,High,520,Community,74
INC08628,Rasulgarh,20.291611,85.872741,Snatching,3,Night,Weekday,Good,High,688,Community,61
INC08629,Jaydev Vihar,20.298596,85.820282,Assault on Woman,5,Afternoon,Weekend,Poor,Medium,459,Community,90
INC08630,Old Town,20.23938,85.831405,Kidnapping Attempt,5,Night,Weekday,Moderate,Medium,894,Community,98
INC08631,CRP Square,20.316066,85.823811,Harassment,3,Afternoon,Weekend,Moderate,Low,1317,Community,51
INC08632,Pokhariput,20.253414,85.802831,Snatching,3,Night,Weekend,Good,Low,472,Police,55
INC08633,Infocity,20.346821,85.817845,Harassment,3,Night,Weekday,Moderate,Medium,307,Police,73
INC08634,Dumduma,20.262412,85.793571,Sexual Harassment,5,Morning,Weekend,Good,Low,806,Community,75
INC08635,Saheed Nagar,20.29572,85.840155,Sexual Harassment,5,Afternoon,Weekday,Good,Medium,481,Community,71
INC08636,Nayapalli,20.298442,85.802803,Assault on Woman,5,Morning,Weekday,Moderate,High,1392,Community,80
INC08637,Kalpana Square,20.262258,85.845433,Stalking,4,Afternoon,Weekend,Moderate,Medium,1459,Police,68
INC08638,Acharya Vihar,20.297332,85.832107,Suspicious Activity,2,Night,Weekend,Good,Medium,918,Police,50
INC08639,Nayapalli,20.29394,85.804599,Assault on Woman,5,Morning,Weekday,Poor,Medium,569,Community,99
INC08640,Mancheswar,20.319988,85.866208,Assault on Woman,5,Evening,Weekend,Poor,High,654,Community,99
INC08641,Acharya Vihar,20.299079,85.837105,Harassment,3,Afternoon,Weekday,Moderate,Medium,744,Community,56
INC08642,Kalpana Square,20.261581,85.845344,Harassment,3,Morning,Weekday,Good,Low,1407,Police,40
INC08643,Patia,20.35727,85.817242,Kidnapping Attempt,5,Night,Weekday,Good,Low,1179,Community,91
INC08644,Pokhariput,20.255443,85.801518,Stalking,4,Afternoon,Weekend,Moderate,Low,223,Community,74
INC08645,Acharya Vihar,20.302757,85.837091,Stalking,4,Evening,Weekday,Good,Low,410,Police,69
INC08646,Baramunda,20.270058,85.801064,Suspicious Activity,2,Morning,Weekday,Good,High,555,Community,30
INC08647,Old Town,20.239208,85.833164,Kidnapping Attempt,5,Night,Weekday,Moderate,High,1076,Police,100
INC08648,Saheed Nagar,20.29472,85.841278,Stalking,4,Night,Weekend,Moderate,Medium,1050,Community,85
INC08649,Vani Vihar,20.296295,85.842603,Snatching,3,Night,Weekday,Good,Medium,1338,Police,65
INC08650,Rasulgarh,20.290095,85.869928,Assault on Woman,5,Evening,Weekend,Good,Medium,1024,Community,86
INC08651,Rasulgarh,20.291294,85.8691,Stalking,4,Night,Weekday,Good,Low,1434,Police,76
INC08652,CRP Square,20.312855,85.822806,Kidnapping Attempt,5,Morning,Weekend,Moderate,Medium,918,Community,84
INC08653,Infocity,20.343912,85.815528,Harassment,3,Morning,Weekend,Poor,Low,343,Community,60
INC08654,Khandagiri,20.2591,85.778847,Assault on Woman,5,Evening,Weekday,Good,High,396,Community,80
INC08655,Acharya Vihar,20.300494,85.837255,Harassment,3,Evening,Weekend,Good,Medium,803,Community,48
INC08656,Nayapalli,20.298107,85.803381,Stalking,4,Night,Weekday,Good,Medium,848,Police,70
INC08657,Khandagiri,20.258693,85.781393,Harassment,3,Evening,Weekday,Good,High,700,Police,51
INC08658,Lingaraj,20.24036,85.835483,Stalking,4,Night,Weekend,Poor,Low,1253,Community,95
INC08659,Nayapalli,20.297158,85.806533,Snatching,3,Night,Weekday,Good,Medium,1400,Community,64
INC08660,Old Town,20.237095,85.834483,Snatching,3,Night,Weekend,Good,High,1317,Community,58
INC08661,Jaydev Vihar,20.300785,85.819671,Eve-teasing,2,Night,Weekday,Moderate,High,561,Community,56
INC08662,Chandrasekharpur,20.331311,85.820952,Assault on Woman,5,Morning,Weekday,Moderate,High,392,Community,88
INC08663,KIIT Square,20.355878,85.815867,Stalking,4,Night,Weekday,Good,Medium,867,Community,73
INC08664,Acharya Vihar,20.299144,85.835252,Assault on Woman,5,Evening,Weekday,Good,Medium,128,Community,82
INC08665,Acharya Vihar,20.301458,85.832199,Stalking,4,Evening,Weekend,Poor,High,1408,Police,91
INC08666,Vani Vihar,20.2998,85.839233,Stalking,4,Night,Weekend,Good,Medium,711,Community,79
INC08667,CRP Square,20.317361,85.822929,Harassment,3,Evening,Weekday,Poor,Medium,836,Community,69
INC08668,Pokhariput,20.254243,85.802027,Assault on Woman,5,Evening,Weekend,Poor,Medium,507,Community,100
INC08669,Baramunda,20.270985,85.804873,Assault on Woman,5,Afternoon,Weekend,Poor,High,272,Police,100
INC08670,Dumduma,20.261174,85.791562,Kidnapping Attempt,5,Evening,Weekday,Moderate,Low,1000,Community,94
INC08671,Patia,20.35249,85.816662,Stalking,4,Evening,Weekend,Poor,Medium,546,Community,84
INC08672,Rasulgarh,20.293107,85.874,Stalking,4,Evening,Weekday,Good,Medium,518,Community,64
INC08673,Nayapalli,20.297806,85.803524,Eve-teasing,2,Evening,Weekend,Moderate,Medium,1408,Community,53
INC08674,Saheed Nagar,20.293952,85.841642,Kidnapping Attempt,5,Night,Weekend,Poor,High,993,Police,100
INC08675,Dumduma,20.266642,85.794899,Harassment,3,Night,Weekday,Poor,Medium,649,Community,84
INC08676,Acharya Vihar,20.301687,85.834035,Assault on Woman,5,Evening,Weekend,Moderate,High,487,Police,95
INC08677,Chandrasekharpur,20.333877,85.818917,Eve-teasing,2,Night,Weekend,Moderate,Medium,785,Community,54
INC08678,KIIT Square,20.352157,85.820072,Harassment,3,Night,Weekend,Good,Low,195,Police,63
INC08679,Dumduma,20.263059,85.791385,Assault on Woman,5,Afternoon,Weekend,Poor,High,1462,Community,98
INC08680,Rasulgarh,20.288047,85.872476,Harassment,3,Night,Weekday,Moderate,Medium,597,Community,72
INC08681,Jaydev Vihar,20.30177,85.818269,Sexual Harassment,5,Night,Weekend,Moderate,Medium,123,Police,96
INC08682,Patia,20.352271,85.819477,Assault on Woman,5,Evening,Weekend,Poor,Medium,1008,Community,99
INC08683,Infocity,20.346938,85.815907,Harassment,3,Night,Weekday,Moderate,Medium,1140,Police,68
INC08684,Mancheswar,20.322665,85.86511,Stalking,4,Evening,Weekend,Poor,Medium,392,Police,86
INC08685,Master Canteen,20.270201,85.838671,Assault on Woman,5,Afternoon,Weekend,Good,Low,1106,Community,79
INC08686,Patia,20.35326,85.817129,Assault on Woman,5,Afternoon,Weekend,Poor,Medium,704,Community,99
INC08687,Vani Vihar,20.296963,85.840703,Harassment,3,Night,Weekday,Good,Low,477,Police,57
INC08688,Khandagiri,20.258428,85.784343,Harassment,3,Evening,Weekday,Good,High,1034,Community,58
INC08689,Saheed Nagar,20.297977,85.840866,Stalking,4,Evening,Weekday,Moderate,High,1246,Community,77
INC08690,Jaydev Vihar,20.298368,85.818045,Stalking,4,Evening,Weekend,Moderate,High,174,Community,81
INC08691,Chandrasekharpur,20.331637,85.823507,Eve-teasing,2,Night,Weekday,Poor,High,497,Community,66
INC08692,Master Canteen,20.270697,85.842052,Kidnapping Attempt,5,Night,Weekend,Good,Medium,1292,Community,94
INC08693,Mancheswar,20.320748,85.866126,Stalking,4,Evening,Weekday,Good,High,716,Community,71
INC08694,Master Canteen,20.268533,85.843797,Harassment,3,Evening,Weekday,Good,Medium,1026,Police,52
INC08695,CRP Square,20.315671,85.823093,Snatching,3,Night,Weekday,Good,Medium,834,Community,55
INC08696,Old Town,20.240161,85.833636,Assault on Woman,5,Evening,Weekend,Good,High,768,Police,78
INC08697,KIIT Square,20.353772,85.818722,Snatching,3,Night,Weekend,Moderate,High,824,Police,73
INC08698,Lingaraj,20.245334,85.831641,Harassment,3,Night,Weekday,Moderate,High,1406,Police,68
INC08699,Old Town,20.239757,85.832001,Harassment,3,Night,Weekend,Moderate,High,357,Community,75
INC08700,Jaydev Vihar,20.300011,85.822522,Stalking,4,Afternoon,Weekday,Moderate,High,982,Community,75
INC08701,Patia,20.354321,85.818189,Eve-teasing,2,Night,Weekend,Moderate,High,1260,Police,52
INC08702,Infocity,20.343349,85.816309,Stalking,4,Night,Weekend,Poor,Medium,1028,Community,95
INC08703,Patia,20.353415,85.81969,Harassment,3,Night,Weekend,Good,Medium,1221,Police,65
INC08704,Infocity,20.345552,85.815223,Eve-teasing,2,Night,Weekend,Poor,Medium,517,Community,64
INC08705,Patia,20.352656,85.818695,Stalking,4,Night,Weekday,Good,High,1133,Community,77
INC08706,Acharya Vihar,20.30082,85.837838,Assault on Woman,5,Night,Weekday,Good,Low,853,Community,90
INC08707,Dumduma,20.266593,85.795231,Suspicious Activity,2,Night,Weekend,Moderate,Medium,1414,Community,53
INC08708,Lingaraj,20.240506,85.834198,Stalking,4,Evening,Weekend,Good,Medium,1037,Community,68
INC08709,Nayapalli,20.298472,85.80709,Harassment,3,Afternoon,Weekend,Poor,Medium,1496,Community,70
INC08710,Khandagiri,20.25611,85.782892,Snatching,3,Evening,Weekend,Poor,Low,1093,Police,75
INC08711,Kalpana Square,20.260727,85.841728,Harassment,3,Night,Weekend,Moderate,Medium,1034,Community,71
INC08712,Lingaraj,20.241898,85.835915,Sexual Harassment,5,Evening,Weekday,Good,High,215,Community,79
INC08713,Saheed Nagar,20.297019,85.839686,Harassment,3,Afternoon,Weekend,Moderate,Medium,286,Community,51
INC08714,Nayapalli,20.296806,85.804802,Assault on Woman,5,Night,Weekend,Moderate,High,1460,Community,100
INC08715,Lingaraj,20.245633,85.831657,Stalking,4,Morning,Weekday,Good,High,810,Community,65
INC08716,Infocity,20.343036,85.818777,Harassment,3,Afternoon,Weekend,Poor,Medium,1450,Community,69
INC08717,Pokhariput,20.252072,85.801414,Stalking,4,Evening,Weekday,Good,Low,285,Community,66
INC08718,Nayapalli,20.293522,85.807901,Stalking,4,Night,Weekday,Good,Low,1349,Community,77
INC08719,Old Town,20.240015,85.834203,Harassment,3,Night,Weekday,Good,Medium,813,Community,63
INC08720,Saheed Nagar,20.296644,85.838926,Assault on Woman,5,Evening,Weekday,Good,Low,176,Police,83
INC08721,Rasulgarh,20.290774,85.871869,Assault on Woman,5,Night,Weekend,Good,Medium,408,Community,91
INC08722,Patia,20.357751,85.821482,Suspicious Activity,2,Afternoon,Weekday,Poor,High,945,Community,53
INC08723,CRP Square,20.316029,85.819913,Stalking,4,Night,Weekday,Good,Medium,486,Police,72
INC08724,Infocity,20.346704,85.818232,Harassment,3,Evening,Weekend,Moderate,Medium,1324,Police,64
INC08725,Kalpana Square,20.262746,85.841778,Snatching,3,Night,Weekday,Good,Medium,1034,Police,57
INC08726,Kalpana Square,20.258088,85.844768,Harassment,3,Afternoon,Weekday,Moderate,High,927,Community,60
INC08727,Lingaraj,20.245807,85.834322,Snatching,3,Afternoon,Weekend,Good,Medium,252,Community,45
INC08728,Dumduma,20.264863,85.796381,Suspicious Activity,2,Night,Weekday,Poor,Medium,1101,Community,66
INC08729,Jaydev Vihar,20.303003,85.821075,Harassment,3,Night,Weekday,Good,High,740,Community,59
INC08730,Baramunda,20.272076,85.802099,Stalking,4,Morning,Weekday,Poor,Medium,717,Community,82
INC08731,Rasulgarh,20.289942,85.873731,Harassment,3,Evening,Weekend,Moderate,Medium,655,Community,64
INC08732,Patia,20.357771,85.818625,Harassment,3,Night,Weekday,Moderate,Medium,362,Community,69
INC08733,Dumduma,20.262999,85.794831,Kidnapping Attempt,5,Evening,Weekday,Moderate,High,1448,Community,98
INC08734,Khandagiri,20.255887,85.781774,Harassment,3,Evening,Weekday,Good,High,1483,Police,57
INC08735,Patia,20.353226,85.817084,Harassment,3,Night,Weekday,Poor,Medium,1349,Community,77
INC08736,CRP Square,20.312048,85.822426,Eve-teasing,2,Night,Weekday,Moderate,Low,1277,Community,54
INC08737,Infocity,20.346689,85.818913,Stalking,4,Night,Weekend,Moderate,Low,1110,Police,87
INC08738,Baramunda,20.268652,85.804373,Kidnapping Attempt,5,Night,Weekday,Poor,Low,1472,Community,100
INC08739,Infocity,20.343454,85.816531,Stalking,4,Evening,Weekday,Moderate,Low,655,Community,76
INC08740,Baramunda,20.269575,85.805859,Harassment,3,Evening,Weekend,Poor,High,392,Community,68
INC08741,Vani Vihar,20.298489,85.841292,Harassment,3,Night,Weekend,Poor,High,1065,Community,79
INC08742,Vani Vihar,20.294736,85.840442,Harassment,3,Morning,Weekday,Poor,Medium,1254,Community,61
INC08743,KIIT Square,20.35014,85.819775,Snatching,3,Night,Weekday,Poor,Low,1203,Community,82
INC08744,Jaydev Vihar,20.300448,85.81805,Stalking,4,Afternoon,Weekday,Poor,Low,845,Community,85
INC08745,Baramunda,20.27003,85.804842,Harassment,3,Morning,Weekend,Moderate,High,238,Community,58
INC08746,Chandrasekharpur,20.331123,85.818658,Harassment,3,Afternoon,Weekday,Good,High,264,Police,42
INC08747,Vani Vihar,20.299626,85.843907,Harassment,3,Evening,Weekday,Poor,High,1366,Community,71
INC08748,Infocity,20.343364,85.818581,Kidnapping Attempt,5,Afternoon,Weekend,Poor,Medium,244,Police,92
INC08749,CRP Square,20.312781,85.824899,Suspicious Activity,2,Night,Weekend,Good,Medium,1055,Police,47
INC08750,KIIT Square,20.352434,85.820673,Harassment,3,Evening,Weekend,Moderate,Medium,873,Community,61
INC08751,Master Canteen,20.26841,85.83856,Harassment,3,Afternoon,Weekend,Moderate,Medium,1210,Police,56
INC08752,Baramunda,20.272882,85.80451,Suspicious Activity,2,Evening,Weekend,Moderate,High,1238,Community,45
INC08753,Old Town,20.235724,85.831736,Snatching,3,Evening,Weekday,Moderate,Medium,241,Community,60
INC08754,Pokhariput,20.253402,85.801107,Assault on Woman,5,Afternoon,Weekday,Moderate,Medium,435,Community,88
INC08755,Dumduma,20.264653,85.793739,Sexual Harassment,5,Night,Weekend,Good,Medium,1176,Community,92
INC08756,Baramunda,20.270852,85.802857,Harassment,3,Afternoon,Weekend,Moderate,Low,712,Community,57
INC08757,KIIT Square,20.352627,85.816315,Stalking,4,Night,Weekend,Moderate,Low,898,Community,88
INC08758,Saheed Nagar,20.298059,85.839165,Harassment,3,Afternoon,Weekday,Moderate,High,1199,Community,52
INC08759,Rasulgarh,20.291682,85.871768,Harassment,3,Night,Weekday,Poor,Low,103,Community,80
INC08760,Acharya Vihar,20.298547,85.835172,Snatching,3,Night,Weekend,Good,Low,709,Community,58
INC08761,Baramunda,20.271536,85.801956,Harassment,3,Morning,Weekday,Poor,High,509,Community,70
INC08762,Rasulgarh,20.288141,85.869332,Stalking,4,Evening,Weekday,Poor,Medium,481,Community,84
INC08763,KIIT Square,20.353632,85.81662,Harassment,3,Morning,Weekday,Moderate,High,357,Police,58
INC08764,Patia,20.352355,85.822217,Assault on Woman,5,Morning,Weekend,Poor,Low,300,Police,97
INC08765,Nayapalli,20.29478,85.802309,Stalking,4,Evening,Weekend,Good,Medium,269,Police,64
INC08766,Patia,20.355029,85.819864,Assault on Woman,5,Afternoon,Weekend,Poor,Medium,783,Community,97
INC08767,Dumduma,20.266873,85.793885,Harassment,3,Night,Weekend,Good,Medium,895,Police,59
INC08768,Master Canteen,20.267631,85.839727,Harassment,3,Afternoon,Weekday,Good,Medium,963,Community,44
INC08769,KIIT Square,20.350731,85.815996,Suspicious Activity,2,Night,Weekday,Poor,Low,240,Police,62
INC08770,KIIT Square,20.351423,85.818244,Suspicious Activity,2,Night,Weekday,Moderate,High,1194,Police,52
INC08771,Dumduma,20.263282,85.791572,Stalking,4,Afternoon,Weekday,Moderate,Low,377,Community,70
INC08772,Baramunda,20.271447,85.806403,Snatching,3,Night,Weekend,Poor,High,185,Community,77
INC08773,Lingaraj,20.244068,85.831634,Stalking,4,Evening,Weekend,Poor,Medium,728,Community,87
INC08774,Rasulgarh,20.290889,85.872154,Harassment,3,Afternoon,Weekend,Good,Medium,419,Community,41
INC08775,Patia,20.356515,85.819569,Sexual Harassment,5,Evening,Weekday,Poor,High,1183,Community,100
INC08776,Khandagiri,20.255133,85.78284,Assault on Woman,5,Afternoon,Weekday,Poor,Medium,434,Community,91
INC08777,Dumduma,20.262819,85.79478,Stalking,4,Morning,Weekday,Poor,Medium,1180,Community,84
INC08778,Dumduma,20.264509,85.795175,Harassment,3,Evening,Weekend,Good,Medium,592,Police,49
INC08779,Mancheswar,20.320574,85.866801,Stalking,4,Afternoon,Weekday,Good,Low,245,Community,65
INC08780,Old Town,20.235615,85.836927,Sexual Harassment,5,Afternoon,Weekday,Moderate,Low,612,Community,82
INC08781,Mancheswar,20.322011,85.861355,Harassment,3,Night,Weekend,Poor,High,719,Community,77
INC08782,Baramunda,20.270914,85.806545,Snatching,3,Afternoon,Weekday,Moderate,Low,376,Community,60
INC08783,Pokhariput,20.252479,85.80531,Assault on Woman,5,Night,Weekend,Poor,High,1011,Police,100
INC08784,Old Town,20.237113,85.832807,Assault on Woman,5,Night,Weekend,Poor,High,496,Community,100
INC08785,Chandrasekharpur,20.330185,85.822784,Suspicious Activity,2,Evening,Weekday,Moderate,Medium,956,Community,50
INC08786,Vani Vihar,20.299567,85.841406,Eve-teasing,2,Night,Weekday,Moderate,Medium,308,Community,54
INC08787,Khandagiri,20.256748,85.778963,Assault on Woman,5,Evening,Weekend,Poor,Medium,1408,Police,100
INC08788,Baramunda,20.267437,85.806642,Sexual Harassment,5,Afternoon,Weekend,Good,Medium,691,Community,70
INC08789,Patia,20.356903,85.818455,Stalking,4,Evening,Weekend,Good,Medium,615,Community,72
INC08790,CRP Square,20.315563,85.822286,Kidnapping Attempt,5,Evening,Weekend,Poor,High,930,Community,100
INC08791,Jaydev Vihar,20.303161,85.818001,Snatching,3,Evening,Weekend,Poor,Low,923,Police,75
INC08792,Nayapalli,20.295358,85.807107,Harassment,3,Evening,Weekday,Good,Low,1114,Community,49
INC08793,Kalpana Square,20.25882,85.844499,Harassment,3,Night,Weekend,Good,Medium,1480,Community,56
INC08794,Kalpana Square,20.262806,85.840046,Harassment,3,Afternoon,Weekday,Poor,Low,484,Police,69
INC08795,Kalpana Square,20.261077,85.842313,Snatching,3,Night,Weekday,Moderate,High,1357,Police,70
INC08796,CRP Square,20.317247,85.820243,Suspicious Activity,2,Evening,Weekend,Moderate,Medium,1123,Community,52
INC08797,Rasulgarh,20.290094,85.86806,Harassment,3,Evening,Weekday,Poor,Low,383,Community,70
INC08798,Rasulgarh,20.291518,85.872825,Suspicious Activity,2,Evening,Weekday,Poor,Low,156,Police,56
INC08799,KIIT Square,20.350112,85.816592,Suspicious Activity,2,Night,Weekend,Poor,Medium,1264,Community,60
INC08800,Nayapalli,20.297587,85.80318,Stalking,4,Night,Weekday,Poor,Low,1301,Community,94
INC08801,CRP Square,20.316209,85.820967,Harassment,3,Afternoon,Weekend,Moderate,Low,1323,Community,58
INC08802,Patia,20.352148,85.821427,Harassment,3,Evening,Weekday,Moderate,Medium,667,Community,68
INC08803,Baramunda,20.269033,85.803608,Sexual Harassment,5,Afternoon,Weekday,Moderate,High,743,Community,80
INC08804,Acharya Vihar,20.300079,85.832553,Assault on Woman,5,Afternoon,Weekday,Good,Medium,678,Community,78
INC08805,Lingaraj,20.242878,85.831917,Stalking,4,Afternoon,Weekday,Good,High,1259,Community,59
INC08806,Acharya Vihar,20.297118,85.832516,Harassment,3,Night,Weekday,Poor,High,1227,Community,82
INC08807,Master Canteen,20.266356,85.839258,Assault on Woman,5,Afternoon,Weekday,Good,High,1046,Community,73
INC08808,Lingaraj,20.244356,85.835745,Stalking,4,Night,Weekend,Good,Medium,1152,Community,74
INC08809,Pokhariput,20.256354,85.806433,Suspicious Activity,2,Night,Weekday,Good,Medium,580,Community,48
INC08810,Dumduma,20.265188,85.79603,Harassment,3,Night,Weekday,Good,Low,522,Community,55
INC08811,Master Canteen,20.267233,85.839711,Stalking,4,Afternoon,Weekday,Moderate,Medium,265,Community,74
INC08812,Saheed Nagar,20.298442,85.841694,Stalking,4,Evening,Weekend,Poor,High,808,Community,93
INC08813,Jaydev Vihar,20.301548,85.817797,Sexual Harassment,5,Night,Weekday,Good,Low,943,Community,85
INC08814,Infocity,20.341147,85.813739,Harassment,3,Afternoon,Weekend,Poor,Medium,1283,Community,62
INC08815,CRP Square,20.314244,85.819429,Assault on Woman,5,Afternoon,Weekend,Moderate,High,1083,Community,86
INC08816,Nayapalli,20.295401,85.807966,Suspicious Activity,2,Evening,Weekend,Poor,Medium,1477,Community,53
INC08817,KIIT Square,20.353817,85.81723,Harassment,3,Morning,Weekend,Moderate,Low,171,Police,52
INC08818,Acharya Vihar,20.299844,85.832438,Kidnapping Attempt,5,Evening,Weekday,Poor,High,480,Community,100
INC08819,Rasulgarh,20.291466,85.868212,Harassment,3,Night,Weekday,Moderate,Medium,286,Police,71
INC08820,Chandrasekharpur,20.330606,85.822964,Harassment,3,Evening,Weekday,Poor,High,950,Police,70
INC08821,Saheed Nagar,20.296952,85.83932,Kidnapping Attempt,5,Morning,Weekend,Moderate,High,664,Community,89
INC08822,Acharya Vihar,20.297815,85.834631,Suspicious Activity,2,Afternoon,Weekend,Good,Medium,1449,Community,32
INC08823,Jaydev Vihar,20.30088,85.822896,Harassment,3,Evening,Weekday,Moderate,High,578,Community,63
INC08824,Mancheswar,20.321778,85.863817,Harassment,3,Afternoon,Weekend,Moderate,High,199,Community,54
INC08825,Old Town,20.238416,85.832873,Stalking,4,Evening,Weekend,Poor,Medium,1080,Community,83
INC08826,Old Town,20.239142,85.835241,Stalking,4,Night,Weekday,Moderate,Medium,1269,Community,88
INC08827,Kalpana Square,20.257723,85.840373,Stalking,4,Evening,Weekend,Poor,High,811,Community,83
INC08828,Kalpana Square,20.25794,85.845984,Stalking,4,Evening,Weekend,Moderate,Medium,1045,Police,76
INC08829,Vani Vihar,20.295011,85.841995,Harassment,3,Night,Weekday,Poor,Low,1236,Police,76
INC08830,Rasulgarh,20.287872,85.870289,Assault on Woman,5,Afternoon,Weekday,Good,High,1236,Community,71
INC08831,Baramunda,20.272362,85.806032,Stalking,4,Morning,Weekend,Poor,Low,1069,Community,78
INC08832,Saheed Nagar,20.295502,85.841049,Harassment,3,Night,Weekend,Poor,Medium,1284,Police,79
INC08833,Old Town,20.235159,85.833219,Sexual Harassment,5,Evening,Weekend,Moderate,Medium,1229,Community,88
INC08834,Kalpana Square,20.259715,85.845842,Harassment,3,Night,Weekday,Good,Low,414,Community,63
INC08835,Nayapalli,20.295833,85.804195,Assault on Woman,5,Evening,Weekend,Moderate,High,734,Police,89
INC08836,Pokhariput,20.255875,85.805736,Sexual Harassment,5,Morning,Weekend,Good,Low,879,Community,76
INC08837,Vani Vihar,20.295075,85.840681,Eve-teasing,2,Afternoon,Weekday,Poor,High,1348,Community,46
INC08838,Patia,20.357223,85.816811,Stalking,4,Night,Weekend,Moderate,Low,190,Police,88
INC08839,Patia,20.357392,85.817685,Assault on Woman,5,Night,Weekend,Moderate,High,1100,Community,100
INC08840,Dumduma,20.264061,85.79355,Harassment,3,Afternoon,Weekday,Poor,Medium,247,Community,60
INC08841,Master Canteen,20.268898,85.840642,Harassment,3,Night,Weekday,Poor,Medium,1306,Community,85
INC08842,Nayapalli,20.29545,85.802894,Harassment,3,Evening,Weekday,Moderate,High,504,Police,65
INC08843,Acharya Vihar,20.300883,85.83421,Snatching,3,Evening,Weekend,Good,Low,1215,Community,56
INC08844,Acharya Vihar,20.297463,85.835721,Harassment,3,Evening,Weekend,Moderate,High,1381,Community,68
INC08845,Lingaraj,20.240429,85.834932,Suspicious Activity,2,Morning,Weekday,Moderate,Medium,1088,Community,37
INC08846,Infocity,20.342758,85.817484,Harassment,3,Night,Weekend,Moderate,Low,691,Community,69
INC08847,Old Town,20.236807,85.831647,Harassment,3,Evening,Weekday,Poor,Medium,1039,Police,70
INC08848,Patia,20.355565,85.8209,Harassment,3,Night,Weekday,Poor,Low,744,Community,84
INC08849,Lingaraj,20.240302,85.834797,Harassment,3,Morning,Weekday,Poor,Medium,1067,Community,60
INC08850,Patia,20.356066,85.818012,Stalking,4,Evening,Weekend,Moderate,Medium,1176,Community,77
INC08851,Kalpana Square,20.262437,85.843388,Assault on Woman,5,Night,Weekday,Good,Medium,991,Community,92
INC08852,Infocity,20.344751,85.816616,Suspicious Activity,2,Afternoon,Weekday,Moderate,Medium,580,Community,39
INC08853,Kalpana Square,20.258223,85.845702,Assault on Woman,5,Night,Weekend,Moderate,Medium,574,Community,100
INC08854,CRP Square,20.313595,85.820313,Stalking,4,Night,Weekend,Moderate,High,885,Community,81
INC08855,Chandrasekharpur,20.332758,85.819043,Assault on Woman,5,Night,Weekend,Poor,High,717,Community,100
INC08856,Dumduma,20.264142,85.79301,Harassment,3,Evening,Weekend,Moderate,High,1398,Police,62
INC08857,Acharya Vihar,20.298771,85.835823,Harassment,3,Night,Weekend,Poor,High,625,Police,81
INC08858,Chandrasekharpur,20.330657,85.821945,Assault on Woman,5,Night,Weekday,Moderate,Medium,358,Community,97
INC08859,Acharya Vihar,20.302716,85.83354,Assault on Woman,5,Afternoon,Weekend,Poor,Medium,322,Police,91
INC08860,Jaydev Vihar,20.302359,85.821359,Harassment,3,Evening,Weekday,Good,Low,331,Police,48
INC08861,KIIT Square,20.355375,85.819609,Stalking,4,Evening,Weekend,Good,Medium,1360,Community,63
INC08862,Chandrasekharpur,20.333124,85.822164,Snatching,3,Morning,Weekend,Moderate,High,133,Community,50
INC08863,Old Town,20.239984,85.836512,Stalking,4,Evening,Weekend,Good,Low,926,Community,65
INC08864,Dumduma,20.266385,85.792494,Assault on Woman,5,Night,Weekday,Moderate,High,986,Police,100
INC08865,Patia,20.356595,85.821562,Assault on Woman,5,Evening,Weekend,Good,High,921,Community,82
INC08866,Dumduma,20.261683,85.796985,Assault on Woman,5,Evening,Weekday,Good,Medium,432,Police,84
INC08867,Chandrasekharpur,20.330988,85.818026,Harassment,3,Night,Weekend,Poor,High,849,Community,82
INC08868,Lingaraj,20.245329,85.836316,Stalking,4,Morning,Weekday,Moderate,Medium,615,Community,70
INC08869,CRP Square,20.317876,85.823153,Stalking,4,Morning,Weekend,Good,Medium,462,Police,65
INC08870,Jaydev Vihar,20.300424,85.81737,Eve-teasing,2,Evening,Weekday,Moderate,High,355,Police,45
INC08871,Baramunda,20.271422,85.802911,Assault on Woman,5,Afternoon,Weekend,Poor,Medium,765,Community,95
INC08872,KIIT Square,20.352801,85.820823,Stalking,4,Night,Weekday,Poor,Medium,469,Community,92
INC08873,Nayapalli,20.293734,85.804246,Sexual Harassment,5,Afternoon,Weekday,Good,Medium,331,Police,74
INC08874,Master Canteen,20.267392,85.842519,Kidnapping Attempt,5,Afternoon,Weekday,Poor,Medium,478,Police,94
INC08875,Acharya Vihar,20.298018,85.836195,Harassment,3,Night,Weekend,Moderate,Low,604,Police,73
INC08876,Saheed Nagar,20.297908,85.840434,Snatching,3,Night,Weekend,Poor,Low,1427,Community,80
INC08877,Saheed Nagar,20.296522,85.843419,Eve-teasing,2,Night,Weekend,Poor,Low,231,Police,62
INC08878,Acharya Vihar,20.297482,85.836418,Harassment,3,Night,Weekday,Poor,Medium,910,Community,82
INC08879,Lingaraj,20.241633,85.835463,Stalking,4,Night,Weekend,Poor,High,670,Community,96
INC08880,Acharya Vihar,20.300135,85.832509,Stalking,4,Night,Weekday,Moderate,Low,156,Community,89
INC08881,KIIT Square,20.355637,85.820899,Assault on Woman,5,Evening,Weekend,Good,Medium,289,Community,88
INC08882,Kalpana Square,20.262412,85.842061,Sexual Harassment,5,Evening,Weekend,Moderate,High,1231,Community,93
INC08883,Saheed Nagar,20.294412,85.840548,Stalking,4,Evening,Weekend,Moderate,Medium,355,Police,77
INC08884,Khandagiri,20.254638,85.783907,Eve-teasing,2,Afternoon,Weekday,Moderate,Medium,245,Community,43
INC08885,Dumduma,20.265017,85.795489,Harassment,3,Evening,Weekend,Moderate,Medium,465,Community,66
INC08886,Saheed Nagar,20.293833,85.839309,Kidnapping Attempt,5,Night,Weekend,Poor,Medium,1261,Community,100
INC08887,Acharya Vihar,20.299852,85.834056,Stalking,4,Evening,Weekday,Poor,Low,938,Community,89
INC08888,Chandrasekharpur,20.331896,85.820086,Sexual Harassment,5,Night,Weekend,Moderate,Medium,1222,Community,97
INC08889,Chandrasekharpur,20.329496,85.819311,Assault on Woman,5,Evening,Weekend,Moderate,Medium,1114,Police,88
INC08890,Infocity,20.346846,85.816327,Stalking,4,Morning,Weekend,Moderate,High,846,Community,68
INC08891,Rasulgarh,20.287773,85.873231,Stalking,4,Night,Weekday,Good,High,1413,Community,76
INC08892,KIIT Square,20.351906,85.815652,Stalking,4,Evening,Weekday,Good,Low,293,Community,64
INC08893,Master Canteen,20.269855,85.838884,Stalking,4,Afternoon,Weekday,Moderate,High,638,Police,69
INC08894,Master Canteen,20.267007,85.843014,Assault on Woman,5,Morning,Weekend,Moderate,Low,295,Community,80
INC08895,CRP Square,20.314507,85.824361,Assault on Woman,5,Morning,Weekend,Moderate,High,302,Police,90
INC08896,Chandrasekharpur,20.333973,85.823553,Sexual Harassment,5,Morning,Weekday,Good,Medium,326,Police,75
INC08897,Baramunda,20.272877,85.801574,Assault on Woman,5,Afternoon,Weekend,Poor,Medium,1190,Police,99
INC08898,Old Town,20.238788,85.832264,Snatching,3,Afternoon,Weekend,Poor,Medium,412,Police,65
INC08899,Kalpana Square,20.262035,85.841957,Kidnapping Attempt,5,Night,Weekend,Good,Low,669,Community,86
INC08900,Acharya Vihar,20.298364,85.833677,Suspicious Activity,2,Night,Weekday,Poor,Medium,213,Community,64
INC08901,Master Canteen,20.267247,85.839065,Assault on Woman,5,Morning,Weekend,Moderate,Low,185,Community,87
INC08902,Chandrasekharpur,20.331445,85.821644,Assault on Woman,5,Evening,Weekday,Good,Low,396,Police,87
INC08903,Baramunda,20.269763,85.806881,Assault on Woman,5,Night,Weekend,Moderate,Low,899,Community,96
INC08904,Lingaraj,20.243179,85.835225,Stalking,4,Night,Weekend,Poor,Medium,904,Community,97
INC08905,Master Canteen,20.269131,85.839396,Snatching,3,Night,Weekday,Good,High,940,Community,59
INC08906,Saheed Nagar,20.298418,85.843534,Snatching,3,Night,Weekend,Moderate,Medium,194,Community,75
INC08907,Baramunda,20.270511,85.804617,Eve-teasing,2,Evening,Weekday,Moderate,High,318,Community,45
INC08908,Saheed Nagar,20.296814,85.839855,Stalking,4,Night,Weekend,Moderate,High,1456,Police,83
INC08909,Master Canteen,20.267469,85.843285,Eve-teasing,2,Evening,Weekday,Moderate,Medium,240,Community,46
INC08910,Master Canteen,20.271047,85.841949,Suspicious Activity,2,Evening,Weekday,Poor,High,968,Community,54
INC08911,Lingaraj,20.240122,85.835027,Harassment,3,Night,Weekend,Poor,Low,160,Community,85
INC08912,Acharya Vihar,20.300691,85.837392,Harassment,3,Evening,Weekday,Poor,Low,387,Community,73
INC08913,Kalpana Square,20.259168,85.840067,Assault on Woman,5,Morning,Weekday,Good,High,792,Community,73
INC08914,Dumduma,20.266173,85.793755,Stalking,4,Evening,Weekend,Good,Medium,1297,Police,68
INC08915,Nayapalli,20.29457,85.807708,Harassment,3,Night,Weekday,Good,Low,1405,Community,61
INC08916,KIIT Square,20.352842,85.82049,Suspicious Activity,2,Night,Weekend,Good,High,924,Community,45
INC08917,Acharya Vihar,20.299283,85.833129,Harassment,3,Morning,Weekday,Moderate,High,649,Community,60
INC08918,Old Town,20.235246,85.836103,Stalking,4,Night,Weekend,Good,Low,980,Police,71
INC08919,Khandagiri,20.257133,85.781858,Harassment,3,Night,Weekday,Good,Medium,673,Community,58
INC08920,Baramunda,20.271952,85.80356,Snatching,3,Morning,Weekday,Good,Medium,1098,Police,43
INC08921,Baramunda,20.272823,85.804962,Assault on Woman,5,Morning,Weekday,Poor,Low,322,Community,95
INC08922,Dumduma,20.261835,85.796779,Stalking,4,Night,Weekend,Moderate,Low,1262,Community,85
INC08923,Nayapalli,20.293804,85.806382,Harassment,3,Night,Weekday,Good,High,1171,Community,62
INC08924,Mancheswar,20.321425,85.863716,Harassment,3,Evening,Weekday,Good,Medium,992,Community,57
INC08925,Lingaraj,20.24232,85.833412,Snatching,3,Morning,Weekend,Moderate,Medium,646,Community,58
INC08926,Master Canteen,20.270345,85.839122,Sexual Harassment,5,Evening,Weekday,Moderate,Medium,505,Police,94
INC08927,Saheed Nagar,20.297183,85.843,Assault on Woman,5,Night,Weekday,Moderate,Medium,885,Community,97
INC08928,Patia,20.352623,85.821465,Stalking,4,Night,Weekday,Poor,Medium,243,Community,100
INC08929,Baramunda,20.267907,85.802711,Harassment,3,Evening,Weekend,Poor,Low,591,Police,76
INC08930,Saheed Nagar,20.294399,85.842777,Stalking,4,Morning,Weekend,Moderate,Low,973,Community,74
INC08931,Master Canteen,20.269403,85.842214,Harassment,3,Night,Weekday,Moderate,High,849,Police,65
INC08932,CRP Square,20.312229,85.819638,Harassment,3,Afternoon,Weekend,Poor,High,1074,Community,65
INC08933,Kalpana Square,20.260349,85.845992,Suspicious Activity,2,Evening,Weekday,Moderate,High,476,Police,51
INC08934,Mancheswar,20.321943,85.866572,Suspicious Activity,2,Night,Weekend,Poor,High,1345,Community,65
INC08935,Patia,20.352764,85.81994,Stalking,4,Evening,Weekend,Good,Medium,305,Community,64
INC08936,Jaydev Vihar,20.302705,85.820147,Kidnapping Attempt,5,Afternoon,Weekday,Poor,Medium,305,Community,91
INC08937,Baramunda,20.270249,85.801645,Assault on Woman,5,Evening,Weekend,Poor,High,481,Community,100
INC08938,Master Canteen,20.267926,85.842096,Harassment,3,Evening,Weekend,Good,Low,884,Community,53
INC08939,KIIT Square,20.352623,85.81706,Stalking,4,Evening,Weekday,Good,Medium,1079,Community,66
INC08940,Vani Vihar,20.294065,85.84393,Harassment,3,Evening,Weekday,Poor,Medium,995,Community,73
INC08941,Chandrasekharpur,20.333684,85.822589,Assault on Woman,5,Afternoon,Weekday,Poor,High,1219,Community,95
INC08942,Vani Vihar,20.295915,85.844207,Sexual Harassment,5,Afternoon,Weekend,Moderate,High,255,Police,81
INC08943,Chandrasekharpur,20.331604,85.821004,Snatching,3,Evening,Weekday,Good,Medium,259,Community,51
INC08944,Master Canteen,20.266835,85.840105,Stalking,4,Night,Weekend,Moderate,High,1131,Community,87
INC08945,Dumduma,20.264948,85.794971,Stalking,4,Afternoon,Weekend,Moderate,Low,740,Community,68
INC08946,Lingaraj,20.242774,85.834825,Harassment,3,Evening,Weekday,Moderate,Medium,1044,Community,61
INC08947,Mancheswar,20.322399,85.865369,Stalking,4,Afternoon,Weekday,Good,High,698,Community,55
INC08948,Master Canteen,20.270865,85.840173,Harassment,3,Morning,Weekday,Good,Medium,1104,Community,48
INC08949,Vani Vihar,20.299664,85.840281,Stalking,4,Evening,Weekend,Good,Medium,1329,Police,64
INC08950,Nayapalli,20.296027,85.806191,Stalking,4,Morning,Weekday,Poor,Low,373,Community,81
INC08951,Saheed Nagar,20.293973,85.843611,Stalking,4,Morning,Weekend,Poor,Medium,675,Police,80
INC08952,Jaydev Vihar,20.302387,85.820837,Stalking,4,Night,Weekday,Moderate,Low,152,Police,83
INC08953,Pokhariput,20.256032,85.803612,Snatching,3,Evening,Weekend,Poor,Medium,1017,Community,68
INC08954,Baramunda,20.270938,85.804643,Stalking,4,Afternoon,Weekday,Poor,Low,298,Police,85
INC08955,Acharya Vihar,20.298137,85.835203,Harassment,3,Morning,Weekday,Poor,High,1328,Community,68
INC08956,Lingaraj,20.244992,85.835799,Assault on Woman,5,Evening,Weekend,Poor,Medium,866,Community,100
INC08957,Khandagiri,20.256653,85.781602,Harassment,3,Night,Weekend,Moderate,High,885,Community,66
INC08958,Baramunda,20.272993,85.805521,Assault on Woman,5,Night,Weekday,Moderate,High,573,Community,95
INC08959,Pokhariput,20.255305,85.801596,Stalking,4,Afternoon,Weekday,Moderate,Medium,1357,Community,67
INC08960,KIIT Square,20.351247,85.815703,Sexual Harassment,5,Evening,Weekend,Good,High,1057,Police,84
INC08961,Dumduma,20.262746,85.793687,Assault on Woman,5,Evening,Weekday,Poor,Medium,304,Community,100
INC08962,Dumduma,20.264495,85.794018,Harassment,3,Evening,Weekend,Good,Low,630,Community,55
INC08963,Master Canteen,20.266345,85.839778,Snatching,3,Afternoon,Weekend,Moderate,High,883,Community,59
INC08964,Rasulgarh,20.289047,85.872223,Snatching,3,Morning,Weekday,Poor,Medium,210,Community,70
INC08965,Patia,20.356462,85.816687,Assault on Woman,5,Night,Weekday,Moderate,High,1237,Community,99
INC08966,Jaydev Vihar,20.300211,85.822948,Harassment,3,Morning,Weekend,Poor,Medium,1473,Police,69
INC08967,Acharya Vihar,20.300073,85.834948,Stalking,4,Evening,Weekday,Poor,High,1363,Community,90
INC08968,Jaydev Vihar,20.299446,85.821716,Stalking,4,Afternoon,Weekday,Poor,Low,403,Community,82
INC08969,Baramunda,20.268122,85.804335,Harassment,3,Evening,Weekday,Moderate,Medium,1230,Police,60
INC08970,Chandrasekharpur,20.330502,85.822932,Stalking,4,Morning,Weekday,Poor,High,778,Community,80
INC08971,Saheed Nagar,20.298826,85.843938,Harassment,3,Night,Weekend,Moderate,High,896,Police,66
INC08972,Rasulgarh,20.29133,85.870056,Sexual Harassment,5,Morning,Weekend,Moderate,High,803,Police,86
INC08973,Acharya Vihar,20.301357,85.835172,Suspicious Activity,2,Morning,Weekend,Good,High,247,Community,26
INC08974,Baramunda,20.269474,85.805683,Assault on Woman,5,Evening,Weekday,Moderate,Low,273,Community,88
INC08975,Vani Vihar,20.298993,85.844253,Harassment,3,Night,Weekend,Good,Low,231,Community,63
INC08976,Old Town,20.23548,85.833801,Kidnapping Attempt,5,Evening,Weekday,Moderate,Medium,769,Community,91
INC08977,Master Canteen,20.267169,85.841598,Kidnapping Attempt,5,Evening,Weekday,Poor,Medium,191,Community,100
INC08978,Kalpana Square,20.257847,85.843903,Stalking,4,Night,Weekday,Poor,High,1219,Community,100
INC08979,Jaydev Vihar,20.299534,85.817089,Suspicious Activity,2,Night,Weekend,Good,Low,882,Community,46
INC08980,Baramunda,20.26751,85.802127,Snatching,3,Night,Weekend,Poor,High,1088,Community,83
INC08981,Jaydev Vihar,20.300145,85.820498,Stalking,4,Afternoon,Weekday,Moderate,Low,1163,Police,70
INC08982,Kalpana Square,20.260472,85.843502,Snatching,3,Afternoon,Weekend,Good,Low,437,Community,48
INC08983,Master Canteen,20.268511,85.8384,Snatching,3,Night,Weekend,Good,High,222,Community,63
INC08984,Pokhariput,20.25384,85.806446,Harassment,3,Evening,Weekend,Moderate,High,597,Community,68
INC08985,Jaydev Vihar,20.29937,85.821983,Harassment,3,Evening,Weekend,Good,Low,212,Community,56
INC08986,Mancheswar,20.319052,85.865784,Stalking,4,Night,Weekend,Moderate,Medium,468,Community,87
INC08987,Master Canteen,20.267721,85.843981,Stalking,4,Evening,Weekday,Moderate,Medium,1115,Community,81
INC08988,Saheed Nagar,20.299112,85.842843,Harassment,3,Evening,Weekend,Good,High,410,Police,50
INC08989,Infocity,20.343427,85.816249,Harassment,3,Night,Weekday,Good,Low,443,Community,62
INC08990,CRP Square,20.316008,85.824173,Suspicious Activity,2,Afternoon,Weekend,Poor,Low,1151,Community,47
INC08991,Infocity,20.345967,85.815684,Assault on Woman,5,Morning,Weekend,Moderate,High,702,Community,86
INC08992,Nayapalli,20.298484,85.805988,Harassment,3,Evening,Weekend,Moderate,High,1180,Community,58
INC08993,Jaydev Vihar,20.298798,85.819988,Harassment,3,Night,Weekend,Good,Low,1208,Community,60
INC08994,Lingaraj,20.244556,85.833226,Assault on Woman,5,Night,Weekday,Poor,Medium,916,Community,100
INC08995,Acharya Vihar,20.300594,85.837109,Harassment,3,Night,Weekday,Moderate,High,1044,Police,67
INC08996,Master Canteen,20.2672,85.842761,Harassment,3,Morning,Weekend,Poor,Low,566,Community,69
INC08997,KIIT Square,20.354989,85.818111,Stalking,4,Evening,Weekday,Good,Low,1408,Community,64
INC08998,Rasulgarh,20.28923,85.871319,Harassment,3,Afternoon,Weekday,Good,High,1263,Police,48
INC08999,KIIT Square,20.354851,85.816244,Kidnapping Attempt,5,Night,Weekday,Poor,Medium,724,Community,100
INC09000,Acharya Vihar,20.30052,85.835872,Harassment,3,Night,Weekday,Good,Medium,329,Community,55
INC09001,Old Town,20.23504,85.831427,Harassment,3,Evening,Weekend,Moderate,High,913,Police,58
INC09002,Lingaraj,20.241915,85.83124,Harassment,3,Night,Weekend,Poor,Medium,548,Community,77
INC09003,Mancheswar,20.319667,85.862249,Harassment,3,Afternoon,Weekday,Poor,Medium,722,Community,69
INC09004,Master Canteen,20.271331,85.838233,Assault on Woman,5,Afternoon,Weekend,Good,Low,350,Community,73
INC09005,Pokhariput,20.252535,85.805703,Assault on Woman,5,Night,Weekend,Poor,Medium,744,Community,100
INC09006,Mancheswar,20.322479,85.865106,Stalking,4,Night,Weekday,Poor,High,965,Police,99
INC09007,Vani Vihar,20.299879,85.844895,Stalking,4,Evening,Weekend,Poor,Medium,682,Community,84
INC09008,Vani Vihar,20.296625,85.843533,Harassment,3,Night,Weekday,Poor,Low,1037,Police,81
INC09009,Infocity,20.346109,85.814462,Stalking,4,Night,Weekend,Good,High,1200,Police,70
INC09010,Pokhariput,20.254684,85.805763,Assault on Woman,5,Evening,Weekend,Poor,High,401,Police,100
INC09011,Pokhariput,20.252541,85.801845,Harassment,3,Morning,Weekday,Good,Low,1488,Community,46
INC09012,Baramunda,20.271681,85.802104,Stalking,4,Night,Weekday,Moderate,Low,154,Community,87
INC09013,Mancheswar,20.321342,85.864377,Snatching,3,Night,Weekend,Moderate,Low,1397,Community,67
INC09014,Patia,20.356264,85.818861,Harassment,3,Evening,Weekday,Moderate,Low,467,Police,62
INC09015,Lingaraj,20.245163,85.832702,Kidnapping Attempt,5,Evening,Weekend,Moderate,Medium,943,Community,93
INC09016,Pokhariput,20.253231,85.806319,Harassment,3,Afternoon,Weekday,Good,Medium,610,Community,48
INC09017,Baramunda,20.267169,85.804651,Stalking,4,Night,Weekday,Moderate,High,375,Police,88
INC09018,KIIT Square,20.355342,85.816907,Snatching,3,Evening,Weekday,Good,Medium,1431,Police,48
INC09019,Dumduma,20.262432,85.791863,Stalking,4,Evening,Weekend,Poor,Medium,625,Community,92
INC09020,Mancheswar,20.321348,85.861996,Harassment,3,Evening,Weekend,Good,High,1175,Community,49
INC09021,Infocity,20.342665,85.818981,Harassment,3,Evening,Weekday,Moderate,High,843,Community,65
INC09022,KIIT Square,20.355951,85.820043,Harassment,3,Morning,Weekend,Poor,High,828,Community,65
INC09023,Jaydev Vihar,20.299094,85.817557,Assault on Woman,5,Evening,Weekend,Moderate,High,371,Community,90
INC09024,Mancheswar,20.32222,85.863514,Stalking,4,Morning,Weekend,Poor,High,164,Community,79
INC09025,Patia,20.35537,85.81862,Assault on Woman,5,Night,Weekend,Moderate,Medium,1065,Community,100
INC09026,Infocity,20.346986,85.81494,Eve-teasing,2,Night,Weekend,Good,Low,1087,Police,49
INC09027,Patia,20.356335,85.820653,Sexual Harassment,5,Night,Weekend,Poor,Medium,740,Community,100
INC09028,Saheed Nagar,20.29403,85.839406,Suspicious Activity,2,Afternoon,Weekday,Good,Medium,1426,Police,33
INC09029,CRP Square,20.315204,85.824565,Stalking,4,Night,Weekday,Good,Medium,1126,Police,70
INC09030,Acharya Vihar,20.300722,85.835713,Sexual Harassment,5,Night,Weekday,Moderate,Medium,1207,Community,100
INC09031,Master Canteen,20.268999,85.840233,Snatching,3,Evening,Weekend,Good,Medium,172,Police,53
INC09032,Mancheswar,20.319192,85.865845,Harassment,3,Morning,Weekday,Poor,Medium,1062,Community,62
INC09033,CRP Square,20.312269,85.819902,Assault on Woman,5,Night,Weekday,Poor,Medium,557,Police,100
INC09034,Nayapalli,20.298996,85.806586,Snatching,3,Afternoon,Weekend,Good,High,591,Community,45
INC09035,Mancheswar,20.323167,85.866712,Harassment,3,Afternoon,Weekday,Poor,Medium,1217,Community,65
INC09036,Acharya Vihar,20.302538,85.836391,Eve-teasing,2,Evening,Weekday,Good,Medium,165,Community,41
INC09037,Master Canteen,20.266265,85.841711,Sexual Harassment,5,Night,Weekday,Moderate,Medium,951,Police,100
INC09038,Acharya Vihar,20.299743,85.835439,Harassment,3,Night,Weekday,Good,Medium,1055,Police,60
INC09039,Old Town,20.237858,85.831806,Sexual Harassment,5,Evening,Weekday,Moderate,Medium,1256,Community,90
INC09040,Master Canteen,20.266515,85.843755,Assault on Woman,5,Night,Weekday,Good,High,729,Police,94
INC09041,Chandrasekharpur,20.332891,85.821516,Sexual Harassment,5,Afternoon,Weekday,Poor,Low,207,Community,99
INC09042,Old Town,20.240307,85.836164,Stalking,4,Afternoon,Weekday,Poor,High,1459,Community,80
INC09043,Saheed Nagar,20.299,85.844174,Assault on Woman,5,Evening,Weekend,Poor,Low,632,Community,99
INC09044,Jaydev Vihar,20.300607,85.820021,Harassment,3,Night,Weekend,Poor,High,290,Community,76
INC09045,Patia,20.353116,85.821068,Stalking,4,Night,Weekend,Good,High,792,Community,73
INC09046,Mancheswar,20.323799,85.862863,Stalking,4,Night,Weekend,Poor,Low,494,Police,97
INC09047,Saheed Nagar,20.298131,85.838668,Kidnapping Attempt,5,Evening,Weekday,Moderate,Medium,737,Police,97
INC09048,CRP Square,20.313779,85.822889,Stalking,4,Evening,Weekend,Moderate,Medium,1201,Community,74
INC09049,Nayapalli,20.298655,85.803619,Kidnapping Attempt,5,Night,Weekday,Poor,Medium,272,Police,100
INC09050,Khandagiri,20.256096,85.781268,Stalking,4,Evening,Weekend,Good,Medium,1247,Community,67
INC09051,Rasulgarh,20.293036,85.872698,Stalking,4,Evening,Weekend,Good,High,1180,Community,70
INC09052,Acharya Vihar,20.302943,85.835566,Stalking,4,Night,Weekend,Poor,Low,233,Community,96
INC09053,Dumduma,20.261844,85.793416,Stalking,4,Evening,Weekend,Moderate,Low,1389,Community,83
INC09054,Rasulgarh,20.293243,85.870924,Snatching,3,Morning,Weekend,Good,Medium,453,Police,48
INC09055,KIIT Square,20.35035,85.820789,Snatching,3,Afternoon,Weekend,Moderate,High,390,Community,54
INC09056,Master Canteen,20.269198,85.842468,Stalking,4,Night,Weekday,Good,High,912,Community,77
INC09057,Dumduma,20.2664,85.793727,Stalking,4,Night,Weekend,Moderate,Low,939,Police,88
INC09058,Master Canteen,20.271487,85.842299,Harassment,3,Night,Weekday,Poor,High,1342,Community,78
INC09059,Kalpana Square,20.259842,85.845968,Stalking,4,Afternoon,Weekday,Poor,Low,403,Community,78
INC09060,Mancheswar,20.324311,85.863766,Suspicious Activity,2,Night,Weekend,Moderate,High,1251,Police,59
INC09061,Nayapalli,20.295674,85.807222,Suspicious Activity,2,Evening,Weekday,Poor,Medium,1376,Community,59
INC09062,Infocity,20.344876,85.814442,Harassment,3,Night,Weekday,Good,Low,693,Police,60
INC09063,Patia,20.354513,85.819413,Stalking,4,Night,Weekend,Poor,Medium,569,Community,91
INC09064,Jaydev Vihar,20.300693,85.820838,Harassment,3,Morning,Weekend,Good,High,995,Community,43
INC09065,Rasulgarh,20.289339,85.872303,Harassment,3,Night,Weekday,Moderate,High,286,Police,70
INC09066,Lingaraj,20.242845,85.834232,Stalking,4,Evening,Weekday,Moderate,Medium,766,Community,76
INC09067,Mancheswar,20.320344,85.863616,Assault on Woman,5,Night,Weekend,Poor,Low,950,Community,100
INC09068,Old Town,20.240232,85.834225,Stalking,4,Night,Weekend,Moderate,High,1014,Community,84
INC09069,Acharya Vihar,20.297419,85.833612,Harassment,3,Night,Weekend,Good,Low,1269,Police,65
INC09070,Saheed Nagar,20.293935,85.838453,Assault on Woman,5,Night,Weekend,Poor,High,1235,Community,100
INC09071,Mancheswar,20.319346,85.865614,Harassment,3,Night,Weekday,Poor,High,900,Community,81
INC09072,Saheed Nagar,20.298737,85.843433,Suspicious Activity,2,Afternoon,Weekday,Poor,Medium,390,Community,48
INC09073,CRP Square,20.31551,85.822747,Sexual Harassment,5,Evening,Weekend,Moderate,Low,868,Community,98
INC09074,Jaydev Vihar,20.299493,85.821808,Assault on Woman,5,Afternoon,Weekend,Good,Low,587,Police,78
INC09075,Patia,20.354968,85.819516,Stalking,4,Evening,Weekend,Moderate,Low,642,Police,83
INC09076,Lingaraj,20.243428,85.832701,Eve-teasing,2,Afternoon,Weekend,Poor,Medium,391,Community,50
INC09077,Vani Vihar,20.298752,85.843981,Assault on Woman,5,Evening,Weekend,Poor,Medium,1482,Community,100
INC09078,Lingaraj,20.245337,85.83324,Stalking,4,Afternoon,Weekday,Good,High,298,Community,60
INC09079,Mancheswar,20.32141,85.862989,Harassment,3,Evening,Weekday,Moderate,Medium,1148,Community,67
INC09080,Nayapalli,20.293099,85.804792,Assault on Woman,5,Afternoon,Weekday,Good,Medium,862,Community,74
INC09081,Mancheswar,20.321861,85.866023,Harassment,3,Night,Weekday,Moderate,Medium,1430,Police,69
INC09082,Vani Vihar,20.299446,85.840704,Suspicious Activity,2,Evening,Weekday,Moderate,Medium,884,Community,53
INC09083,Acharya Vihar,20.301608,85.832081,Harassment,3,Morning,Weekend,Poor,Low,610,Community,60
INC09084,Acharya Vihar,20.301589,85.836728,Stalking,4,Night,Weekday,Good,Low,1232,Police,78
INC09085,Nayapalli,20.296711,85.806382,Harassment,3,Night,Weekend,Moderate,Low,1254,Community,70
INC09086,Rasulgarh,20.289385,85.870335,Assault on Woman,5,Night,Weekend,Good,High,1336,Community,88
INC09087,Old Town,20.23893,85.835435,Snatching,3,Afternoon,Weekday,Good,Low,1446,Community,42
INC09088,Lingaraj,20.245387,85.832434,Assault on Woman,5,Morning,Weekday,Good,High,612,Community,74
INC09089,Vani Vihar,20.298738,85.841578,Stalking,4,Afternoon,Weekday,Poor,Medium,1156,Community,75
INC09090,Patia,20.357416,85.820291,Stalking,4,Afternoon,Weekday,Poor,Medium,874,Community,84
INC09091,Chandrasekharpur,20.334718,85.8231,Snatching,3,Night,Weekday,Moderate,Medium,419,Community,73
INC09092,Old Town,20.237289,85.835478,Harassment,3,Night,Weekday,Poor,Low,779,Community,75
INC09093,Vani Vihar,20.297233,85.840789,Kidnapping Attempt,5,Afternoon,Weekday,Poor,Medium,1025,Police,95
INC09094,Old Town,20.236876,85.833476,Harassment,3,Afternoon,Weekday,Moderate,Low,835,Police,50
INC09095,Infocity,20.342168,85.816195,Stalking,4,Morning,Weekday,Poor,Medium,1069,Police,85
INC09096,Vani Vihar,20.297019,85.843206,Harassment,3,Evening,Weekday,Poor,High,1376,Community,68
INC09097,Baramunda,20.268124,85.805741,Assault on Woman,5,Evening,Weekend,Moderate,Low,237,Police,96
INC09098,Jaydev Vihar,20.301837,85.819133,Harassment,3,Afternoon,Weekday,Good,High,1084,Community,43
INC09099,Dumduma,20.266646,85.793327,Snatching,3,Night,Weekday,Good,Low,1171,Police,56
INC09100,Baramunda,20.271342,85.805342,Assault on Woman,5,Evening,Weekend,Poor,High,775,Community,100
INC09101,Baramunda,20.270774,85.804481,Stalking,4,Evening,Weekend,Good,High,223,Police,65
INC09102,Master Canteen,20.271044,85.84311,Assault on Woman,5,Evening,Weekday,Poor,Low,340,Community,98
INC09103,Khandagiri,20.256236,85.784051,Harassment,3,Evening,Weekend,Moderate,Low,1187,Community,58
INC09104,Rasulgarh,20.289679,85.868417,Stalking,4,Night,Weekend,Good,Low,1186,Community,76
INC09105,Mancheswar,20.324487,85.862356,Harassment,3,Morning,Weekday,Good,Low,1500,Police,41
INC09106,Nayapalli,20.295758,85.804585,Snatching,3,Night,Weekend,Poor,Medium,1255,Police,83
INC09107,Lingaraj,20.244546,85.832795,Assault on Woman,5,Evening,Weekday,Good,Low,778,Community,80
INC09108,Dumduma,20.2627,85.795724,Stalking,4,Evening,Weekend,Poor,Medium,409,Police,87
INC09109,Pokhariput,20.254731,85.805669,Stalking,4,Night,Weekday,Good,Medium,1352,Police,76
INC09110,Pokhariput,20.252225,85.803198,Snatching,3,Evening,Weekend,Poor,High,300,Community,69
INC09111,KIIT Square,20.351246,85.817843,Snatching,3,Evening,Weekend,Moderate,Medium,623,Police,65
INC09112,Kalpana Square,20.258423,85.843109,Stalking,4,Evening,Weekday,Good,High,357,Community,69
INC09113,Infocity,20.344774,85.817844,Sexual Harassment,5,Evening,Weekday,Poor,Low,371,Police,100
INC09114,Baramunda,20.267755,85.806059,Snatching,3,Afternoon,Weekday,Moderate,Low,189,Police,57
INC09115,Vani Vihar,20.297726,85.842088,Suspicious Activity,2,Evening,Weekday,Moderate,Low,772,Community,49
INC09116,Baramunda,20.26808,85.801856,Sexual Harassment,5,Evening,Weekday,Moderate,Medium,629,Police,92
INC09117,Saheed Nagar,20.294966,85.839072,Suspicious Activity,2,Afternoon,Weekday,Poor,Low,204,Police,45
INC09118,Vani Vihar,20.299612,85.842345,Harassment,3,Night,Weekend,Moderate,Medium,271,Community,69
INC09119,Saheed Nagar,20.294895,85.843397,Kidnapping Attempt,5,Afternoon,Weekend,Poor,Low,509,Community,99
INC09120,Rasulgarh,20.287342,85.872755,Harassment,3,Night,Weekday,Poor,Low,829,Police,80
INC09121,Chandrasekharpur,20.331022,85.818339,Harassment,3,Night,Weekday,Poor,Medium,547,Police,75
INC09122,Acharya Vihar,20.301826,85.832021,Harassment,3,Night,Weekend,Moderate,Medium,1450,Police,70
INC09123,Old Town,20.236729,85.832836,Harassment,3,Night,Weekday,Poor,Low,453,Police,75
INC09124,Lingaraj,20.245648,85.833009,Assault on Woman,5,Night,Weekday,Good,Medium,1412,Community,94
INC09125,Acharya Vihar,20.297782,85.837152,Assault on Woman,5,Afternoon,Weekday,Good,Medium,661,Police,71
INC09126,Lingaraj,20.240837,85.834708,Kidnapping Attempt,5,Afternoon,Weekday,Moderate,Medium,227,Police,88
INC09127,Old Town,20.237121,85.83381,Kidnapping Attempt,5,Night,Weekend,Moderate,Low,609,Community,100
INC09128,Dumduma,20.265452,85.791123,Snatching,3,Morning,Weekday,Poor,Medium,1278,Community,60
INC09129,Master Canteen,20.270514,85.843462,Harassment,3,Evening,Weekend,Good,Medium,126,Police,56
INC09130,Jaydev Vihar,20.302647,85.818732,Stalking,4,Afternoon,Weekend,Poor,Low,976,Community,84
INC09131,Acharya Vihar,20.302088,85.836589,Suspicious Activity,2,Afternoon,Weekend,Good,Low,1340,Police,30
INC09132,Baramunda,20.272942,85.803222,Assault on Woman,5,Afternoon,Weekday,Poor,Low,287,Community,97
INC09133,Jaydev Vihar,20.302458,85.818823,Suspicious Activity,2,Afternoon,Weekday,Poor,Medium,1448,Police,52
INC09134,Kalpana Square,20.261787,85.845005,Kidnapping Attempt,5,Evening,Weekend,Moderate,High,653,Police,94
INC09135,Pokhariput,20.254413,85.803285,Assault on Woman,5,Night,Weekend,Poor,Medium,1036,Community,100
INC09136,Nayapalli,20.29678,85.803204,Harassment,3,Evening,Weekday,Poor,Medium,712,Police,77
INC09137,Jaydev Vihar,20.302597,85.817102,Assault on Woman,5,Afternoon,Weekday,Good,Medium,167,Police,71
INC09138,Infocity,20.343134,85.818538,Sexual Harassment,5,Morning,Weekend,Moderate,Low,434,Community,86
INC09139,Khandagiri,20.25737,85.784172,Harassment,3,Night,Weekday,Good,High,1227,Police,63
INC09140,Lingaraj,20.244582,85.835056,Harassment,3,Night,Weekend,Moderate,Low,1219,Community,75
INC09141,Vani Vihar,20.298547,85.840605,Suspicious Activity,2,Night,Weekend,Moderate,Low,841,Community,57
INC09142,Dumduma,20.265047,85.792443,Sexual Harassment,5,Night,Weekend,Moderate,High,656,Community,100
INC09143,CRP Square,20.317641,85.822276,Harassment,3,Morning,Weekend,Moderate,Low,1219,Police,55
INC09144,Saheed Nagar,20.294271,85.84057,Eve-teasing,2,Night,Weekday,Good,Medium,314,Police,44
INC09145,Rasulgarh,20.291469,85.868163,Harassment,3,Night,Weekend,Poor,High,1396,Police,83
INC09146,Mancheswar,20.319441,85.864706,Harassment,3,Evening,Weekday,Poor,High,579,Police,77
INC09147,Old Town,20.235606,85.836961,Assault on Woman,5,Evening,Weekday,Poor,Low,707,Community,100
INC09148,Mancheswar,20.320177,85.862601,Harassment,3,Evening,Weekend,Moderate,Medium,1199,Police,66
INC09149,Nayapalli,20.298623,85.804676,Assault on Woman,5,Evening,Weekday,Moderate,High,895,Community,88
INC09150,CRP Square,20.313205,85.823145,Suspicious Activity,2,Evening,Weekday,Moderate,High,325,Community,44
INC09151,KIIT Square,20.354535,85.819631,Sexual Harassment,5,Night,Weekend,Good,Low,199,Police,95
INC09152,Chandrasekharpur,20.32977,85.821616,Sexual Harassment,5,Night,Weekday,Poor,Medium,382,Community,100
INC09153,CRP Square,20.312465,85.820018,Harassment,3,Evening,Weekend,Moderate,High,1374,Community,65
INC09154,Master Canteen,20.269088,85.840636,Stalking,4,Night,Weekend,Moderate,Low,880,Community,87
INC09155,Rasulgarh,20.292994,85.869199,Snatching,3,Afternoon,Weekend,Poor,Medium,619,Police,62
INC09156,Patia,20.355695,85.818665,Harassment,3,Night,Weekend,Good,Low,790,Community,65
INC09157,Chandrasekharpur,20.334599,85.820216,Stalking,4,Afternoon,Weekday,Poor,Low,585,Community,84
INC09158,KIIT Square,20.352486,85.818563,Stalking,4,Night,Weekend,Moderate,Medium,935,Community,82
INC09159,Nayapalli,20.296349,85.803756,Snatching,3,Evening,Weekend,Poor,Medium,503,Community,77
INC09160,Acharya Vihar,20.299761,85.834826,Eve-teasing,2,Night,Weekday,Poor,Medium,114,Community,60
INC09161,KIIT Square,20.351245,85.819736,Assault on Woman,5,Night,Weekday,Good,Medium,733,Community,87
INC09162,Dumduma,20.262943,85.794163,Assault on Woman,5,Morning,Weekday,Poor,High,400,Community,90
INC09163,Vani Vihar,20.299824,85.842233,Eve-teasing,2,Night,Weekend,Moderate,Low,1003,Community,50
INC09164,Master Canteen,20.270108,85.842665,Kidnapping Attempt,5,Night,Weekday,Good,Low,586,Police,88
INC09165,Khandagiri,20.25738,85.782356,Assault on Woman,5,Night,Weekend,Poor,High,1087,Community,100
INC09166,CRP Square,20.316331,85.819054,Assault on Woman,5,Evening,Weekday,Good,Low,601,Police,78
INC09167,Mancheswar,20.322769,85.862349,Harassment,3,Night,Weekday,Good,Low,1285,Community,64
INC09168,Baramunda,20.269783,85.806483,Assault on Woman,5,Night,Weekday,Good,High,1292,Police,91
INC09169,Infocity,20.346962,85.816842,Stalking,4,Night,Weekend,Good,Medium,1303,Community,79
INC09170,Lingaraj,20.244574,85.835981,Harassment,3,Night,Weekend,Poor,Medium,799,Community,75
INC09171,Pokhariput,20.255468,85.80168,Assault on Woman,5,Evening,Weekday,Moderate,Low,1203,Community,90
INC09172,Chandrasekharpur,20.331116,85.82174,Kidnapping Attempt,5,Evening,Weekend,Good,Medium,808,Community,83
INC09173,Pokhariput,20.256691,85.801998,Harassment,3,Evening,Weekday,Moderate,High,118,Community,67
INC09174,Vani Vihar,20.295449,85.844819,Snatching,3,Evening,Weekend,Good,Medium,1041,Community,54
INC09175,Infocity,20.345024,85.814889,Stalking,4,Afternoon,Weekend,Poor,Low,1082,Police,76
INC09176,Old Town,20.23669,85.836904,Stalking,4,Night,Weekday,Moderate,High,1412,Community,84
INC09177,Jaydev Vihar,20.298609,85.817495,Snatching,3,Evening,Weekend,Poor,High,1053,Community,74
INC09178,Mancheswar,20.324205,85.86693,Snatching,3,Night,Weekday,Moderate,High,796,Community,75
INC09179,Saheed Nagar,20.297898,85.844131,Stalking,4,Afternoon,Weekend,Good,Medium,709,Community,60
INC09180,Pokhariput,20.256242,85.806891,Snatching,3,Evening,Weekday,Poor,Low,804,Police,74
INC09181,Nayapalli,20.294502,85.803382,Sexual Harassment,5,Evening,Weekday,Poor,High,1366,Police,100
INC09182,Baramunda,20.269617,85.805429,Harassment,3,Night,Weekend,Moderate,Medium,1478,Community,65
INC09183,Kalpana Square,20.259928,85.840515,Harassment,3,Afternoon,Weekday,Good,Low,1427,Community,43
INC09184,Infocity,20.343599,85.81723,Harassment,3,Night,Weekend,Good,Medium,917,Police,60
INC09185,Baramunda,20.271262,85.806822,Harassment,3,Night,Weekend,Good,High,1158,Community,56
INC09186,Old Town,20.236122,85.835802,Harassment,3,Evening,Weekday,Moderate,Medium,348,Community,63
INC09187,Rasulgarh,20.291695,85.871619,Kidnapping Attempt,5,Night,Weekday,Moderate,Medium,212,Community,98
INC09188,Khandagiri,20.254667,85.779789,Harassment,3,Night,Weekend,Poor,High,1161,Police,83
INC09189,Baramunda,20.26987,85.802054,Assault on Woman,5,Evening,Weekday,Poor,High,800,Community,100
INC09190,Vani Vihar,20.294126,85.844767,Assault on Woman,5,Night,Weekend,Poor,High,971,Community,100
INC09191,Master Canteen,20.266987,85.840703,Assault on Woman,5,Afternoon,Weekday,Poor,Medium,303,Police,94
INC09192,Vani Vihar,20.296746,85.840148,Harassment,3,Evening,Weekend,Poor,Low,165,Community,72
INC09193,Rasulgarh,20.28951,85.870842,Harassment,3,Evening,Weekday,Moderate,Medium,1406,Community,62
INC09194,Vani Vihar,20.295111,85.841404,Harassment,3,Afternoon,Weekday,Moderate,Medium,741,Community,50
INC09195,Baramunda,20.267452,85.804377,Suspicious Activity,2,Night,Weekend,Poor,Low,1409,Community,69
INC09196,Acharya Vihar,20.299269,85.835864,Stalking,4,Evening,Weekday,Good,Medium,745,Community,69
INC09197,Nayapalli,20.298999,85.805462,Harassment,3,Night,Weekend,Poor,Medium,793,Community,75
INC09198,Khandagiri,20.259924,85.784516,Stalking,4,Evening,Weekend,Moderate,Medium,631,Community,77
INC09199,Kalpana Square,20.257404,85.841359,Harassment,3,Afternoon,Weekend,Good,Medium,934,Community,47
INC09200,Baramunda,20.269544,85.804361,Snatching,3,Night,Weekend,Good,High,115,Community,60
INC09201,Acharya Vihar,20.301626,85.832038,Assault on Woman,5,Morning,Weekend,Poor,Medium,841,Community,91
INC09202,Patia,20.35275,85.821204,Assault on Woman,5,Evening,Weekend,Moderate,Low,1473,Community,94
INC09203,Lingaraj,20.243132,85.834079,Snatching,3,Night,Weekend,Moderate,High,1479,Community,70
INC09204,Master Canteen,20.270831,85.843257,Harassment,3,Afternoon,Weekday,Moderate,Medium,424,Community,60
INC09205,Lingaraj,20.240219,85.835297,Assault on Woman,5,Night,Weekday,Moderate,Low,470,Community,100
INC09206,Jaydev Vihar,20.30303,85.818922,Sexual Harassment,5,Afternoon,Weekday,Good,Medium,856,Community,79
INC09207,Khandagiri,20.257379,85.779824,Eve-teasing,2,Night,Weekday,Good,High,586,Community,46
INC09208,Saheed Nagar,20.299279,85.83958,Harassment,3,Night,Weekday,Poor,High,459,Police,82
INC09209,Khandagiri,20.257386,85.782101,Suspicious Activity,2,Evening,Weekday,Good,Medium,201,Community,41
INC09210,Acharya Vihar,20.301861,85.832313,Assault on Woman,5,Evening,Weekday,Poor,Low,491,Community,98
INC09211,Khandagiri,20.258313,85.783442,Harassment,3,Afternoon,Weekend,Moderate,Low,915,Community,58
INC09212,Master Canteen,20.270688,85.838063,Stalking,4,Evening,Weekday,Poor,Medium,1465,Community,91
INC09213,Nayapalli,20.297619,85.80322,Sexual Harassment,5,Afternoon,Weekday,Good,High,154,Community,73
INC09214,Nayapalli,20.297665,85.806253,Harassment,3,Night,Weekend,Moderate,Low,1485,Police,68
INC09215,CRP Square,20.31301,85.824842,Harassment,3,Morning,Weekday,Good,Low,110,Community,45
INC09216,Mancheswar,20.322184,85.865365,Assault on Woman,5,Afternoon,Weekday,Moderate,High,933,Police,86
INC09217,Baramunda,20.270269,85.801075,Suspicious Activity,2,Evening,Weekend,Poor,Low,560,Community,54
INC09218,Lingaraj,20.244958,85.833849,Stalking,4,Evening,Weekday,Moderate,Medium,705,Community,81
INC09219,Khandagiri,20.257276,85.781885,Snatching,3,Afternoon,Weekday,Poor,High,311,Community,61
INC09220,Master Canteen,20.266209,85.839886,Harassment,3,Morning,Weekday,Moderate,Medium,1395,Police,57
INC09221,Lingaraj,20.240506,85.832522,Snatching,3,Evening,Weekend,Poor,High,1077,Community,75
INC09222,Chandrasekharpur,20.331874,85.819752,Assault on Woman,5,Evening,Weekend,Moderate,Low,833,Community,96
INC09223,Nayapalli,20.296847,85.802496,Harassment,3,Evening,Weekday,Good,High,465,Community,56
INC09224,Infocity,20.342622,85.813022,Sexual Harassment,5,Evening,Weekday,Moderate,Medium,1288,Police,98
INC09225,Vani Vihar,20.296434,85.843169,Assault on Woman,5,Night,Weekday,Poor,High,435,Community,100
INC09226,Nayapalli,20.297566,85.805541,Stalking,4,Evening,Weekday,Moderate,High,243,Community,75
INC09227,Pokhariput,20.254724,85.801218,Kidnapping Attempt,5,Evening,Weekend,Poor,Medium,445,Community,100
INC09228,Old Town,20.235765,85.831787,Stalking,4,Night,Weekday,Good,High,678,Police,71
INC09229,Infocity,20.346621,85.81786,Kidnapping Attempt,5,Afternoon,Weekday,Moderate,Medium,733,Police,87
INC09230,CRP Square,20.314971,85.823799,Harassment,3,Night,Weekend,Good,Medium,161,Police,58
INC09231,CRP Square,20.315658,85.820671,Stalking,4,Evening,Weekday,Good,Low,189,Community,65
INC09232,Kalpana Square,20.262136,85.84558,Assault on Woman,5,Night,Weekday,Moderate,Medium,498,Community,100
INC09233,Baramunda,20.271704,85.806124,Harassment,3,Night,Weekend,Poor,Low,142,Police,78
INC09234,Master Canteen,20.266299,85.84082,Stalking,4,Afternoon,Weekday,Moderate,Low,495,Police,73
INC09235,Saheed Nagar,20.298104,85.840873,Assault on Woman,5,Evening,Weekday,Moderate,High,1104,Community,90
INC09236,Chandrasekharpur,20.332148,85.822456,Suspicious Activity,2,Night,Weekday,Poor,Low,191,Police,63
INC09237,Kalpana Square,20.262798,85.845696,Kidnapping Attempt,5,Afternoon,Weekend,Good,Medium,365,Community,74
INC09238,Lingaraj,20.242386,85.833707,Harassment,3,Evening,Weekday,Good,Low,819,Community,54
INC09239,Rasulgarh,20.288061,85.871926,Harassment,3,Night,Weekend,Good,Low,987,Community,61
INC09240,Chandrasekharpur,20.334702,85.823359,Snatching,3,Evening,Weekend,Moderate,High,437,Police,64
INC09241,KIIT Square,20.351377,85.819465,Kidnapping Attempt,5,Afternoon,Weekday,Good,High,109,Community,78
INC09242,Mancheswar,20.319681,85.862986,Stalking,4,Evening,Weekday,Good,High,1229,Community,73
INC09243,Dumduma,20.263396,85.796755,Stalking,4,Night,Weekday,Moderate,Low,1439,Community,81
INC09244,CRP Square,20.315959,85.821792,Harassment,3,Night,Weekday,Good,Medium,1187,Community,62
INC09245,Rasulgarh,20.288664,85.873704,Assault on Woman,5,Morning,Weekend,Good,High,779,Community,76
INC09246,Baramunda,20.271193,85.806366,Harassment,3,Evening,Weekday,Poor,Medium,952,Community,72
INC09247,Kalpana Square,20.260122,85.843796,Assault on Woman,5,Afternoon,Weekend,Good,Medium,1160,Community,79
INC09248,Old Town,20.238172,85.832373,Kidnapping Attempt,5,Morning,Weekday,Poor,Medium,801,Police,90
INC09249,Mancheswar,20.322792,85.866196,Stalking,4,Evening,Weekend,Moderate,Low,252,Community,82
INC09250,Saheed Nagar,20.295233,85.842658,Harassment,3,Evening,Weekend,Good,Low,712,Community,49
INC09251,Vani Vihar,20.299009,85.841993,Harassment,3,Afternoon,Weekday,Moderate,Low,725,Community,55
INC09252,Kalpana Square,20.262341,85.844654,Snatching,3,Night,Weekend,Moderate,High,532,Police,73
INC09253,Vani Vihar,20.294043,85.839067,Eve-teasing,2,Afternoon,Weekday,Moderate,Medium,206,Community,44
INC09254,Kalpana Square,20.261507,85.84135,Harassment,3,Afternoon,Weekday,Poor,Medium,1441,Police,61
INC09255,Vani Vihar,20.294297,85.841371,Eve-teasing,2,Night,Weekend,Good,Medium,338,Community,50
INC09256,Vani Vihar,20.295068,85.844806,Harassment,3,Morning,Weekday,Poor,Low,186,Community,60
INC09257,Rasulgarh,20.289537,85.869146,Sexual Harassment,5,Night,Weekday,Good,Medium,200,Community,92
INC09258,Master Canteen,20.266079,85.842154,Snatching,3,Night,Weekend,Good,Low,832,Community,57
INC09259,Patia,20.35355,85.816686,Sexual Harassment,5,Afternoon,Weekend,Moderate,Medium,841,Police,82
INC09260,Rasulgarh,20.287499,85.868613,Snatching,3,Night,Weekday,Good,Low,617,Community,61
INC09261,KIIT Square,20.355077,85.815739,Harassment,3,Night,Weekend,Poor,Medium,1318,Police,83
INC09262,Baramunda,20.27298,85.803895,Suspicious Activity,2,Evening,Weekend,Good,Medium,404,Community,42
INC09263,Baramunda,20.270197,85.80366,Stalking,4,Evening,Weekday,Moderate,High,1170,Community,83
INC09264,Baramunda,20.27275,85.803242,Sexual Harassment,5,Night,Weekend,Good,Low,1309,Community,91
INC09265,CRP Square,20.314324,85.821948,Snatching,3,Morning,Weekday,Good,Medium,827,Community,49
INC09266,Chandrasekharpur,20.330613,85.819432,Assault on Woman,5,Night,Weekend,Moderate,High,1102,Police,100
INC09267,Mancheswar,20.320302,85.866297,Harassment,3,Evening,Weekday,Good,High,859,Community,54
INC09268,Acharya Vihar,20.298642,85.834585,Kidnapping Attempt,5,Evening,Weekend,Poor,Medium,1116,Community,100
INC09269,Jaydev Vihar,20.302689,85.82231,Harassment,3,Night,Weekend,Moderate,Low,446,Community,66
INC09270,Nayapalli,20.29826,85.805348,Harassment,3,Night,Weekday,Poor,High,553,Police,79
INC09271,Rasulgarh,20.287476,85.869378,Stalking,4,Evening,Weekend,Poor,Medium,283,Community,84
INC09272,Jaydev Vihar,20.303549,85.817991,Harassment,3,Morning,Weekday,Moderate,Medium,1485,Community,58
INC09273,KIIT Square,20.350062,85.81973,Sexual Harassment,5,Afternoon,Weekday,Poor,High,373,Community,99
INC09274,Lingaraj,20.244809,85.834429,Harassment,3,Evening,Weekday,Moderate,Medium,463,Police,61
INC09275,Nayapalli,20.294005,85.806674,Harassment,3,Night,Weekday,Good,High,1009,Police,59
INC09276,KIIT Square,20.350437,85.820163,Harassment,3,Evening,Weekend,Poor,High,190,Community,69
INC09277,Baramunda,20.272,85.801242,Stalking,4,Night,Weekday,Moderate,Low,272,Police,84
INC09278,Master Canteen,20.268052,85.840065,Harassment,3,Afternoon,Weekday,Good,High,358,Police,46
INC09279,Jaydev Vihar,20.298566,85.818073,Harassment,3,Evening,Weekday,Poor,Low,827,Community,68
INC09280,Infocity,20.344365,85.818749,Stalking,4,Evening,Weekday,Moderate,Low,1397,Police,76
INC09281,Acharya Vihar,20.301534,85.836763,Eve-teasing,2,Evening,Weekend,Poor,High,915,Police,61
INC09282,Jaydev Vihar,20.300681,85.820226,Snatching,3,Evening,Weekday,Good,Medium,943,Community,55
INC09283,Baramunda,20.270234,85.803355,Kidnapping Attempt,5,Afternoon,Weekday,Moderate,Low,1171,Community,81
INC09284,Jaydev Vihar,20.303046,85.822635,Harassment,3,Evening,Weekday,Good,Low,373,Police,58
INC09285,Jaydev Vihar,20.298947,85.818614,Stalking,4,Evening,Weekend,Good,Medium,1307,Police,67
INC09286,Patia,20.356693,85.820956,Assault on Woman,5,Night,Weekday,Good,High,1208,Police,87
INC09287,CRP Square,20.312568,85.824181,Assault on Woman,5,Afternoon,Weekday,Moderate,High,275,Community,88
INC09288,Acharya Vihar,20.297491,85.832548,Assault on Woman,5,Night,Weekday,Poor,Medium,884,Police,100
INC09289,Mancheswar,20.322596,85.863087,Stalking,4,Night,Weekday,Good,Medium,204,Police,74
INC09290,Old Town,20.239226,85.832007,Harassment,3,Afternoon,Weekday,Moderate,Medium,1194,Community,56
INC09291,Baramunda,20.270834,85.806627,Stalking,4,Morning,Weekday,Good,High,351,Police,59
INC09292,Lingaraj,20.244324,85.83256,Stalking,4,Afternoon,Weekend,Poor,Medium,711,Community,81
INC09293,KIIT Square,20.353301,85.816651,Sexual Harassment,5,Night,Weekday,Good,High,505,Police,86
INC09294,Nayapalli,20.298709,85.806342,Stalking,4,Evening,Weekend,Good,Low,1061,Community,71
INC09295,Rasulgarh,20.290363,85.868768,Sexual Harassment,5,Night,Weekday,Poor,Low,223,Community,100
INC09296,Rasulgarh,20.292124,85.871764,Kidnapping Attempt,5,Afternoon,Weekend,Good,Low,250,Police,76
INC09297,Chandrasekharpur,20.334367,85.821675,Stalking,4,Evening,Weekend,Poor,Low,838,Community,90
INC09298,Mancheswar,20.319417,85.865132,Sexual Harassment,5,Morning,Weekday,Good,Medium,541,Community,72
INC09299,Lingaraj,20.243586,85.831581,Sexual Harassment,5,Night,Weekend,Poor,Medium,780,Community,100
INC09300,Jaydev Vihar,20.299156,85.817767,Assault on Woman,5,Afternoon,Weekday,Poor,Medium,449,Community,99
INC09301,Nayapalli,20.293436,85.803267,Kidnapping Attempt,5,Afternoon,Weekday,Moderate,Low,979,Community,88
INC09302,Kalpana Square,20.259456,85.845127,Assault on Woman,5,Evening,Weekday,Moderate,High,656,Police,90
INC09303,Baramunda,20.26942,85.804569,Stalking,4,Afternoon,Weekday,Good,Low,1392,Community,58
INC09304,Infocity,20.34334,85.814252,Sexual Harassment,5,Evening,Weekend,Moderate,High,544,Police,98
INC09305,Chandrasekharpur,20.334374,85.819173,Harassment,3,Evening,Weekend,Good,Medium,1410,Community,49
INC09306,Dumduma,20.266631,85.791546,Harassment,3,Evening,Weekday,Good,Low,1261,Community,48
INC09307,Khandagiri,20.259704,85.78176,Suspicious Activity,2,Night,Weekday,Poor,Medium,126,Community,70
INC09308,Jaydev Vihar,20.299356,85.818395,Harassment,3,Night,Weekday,Good,Low,1333,Police,57
INC09309,Vani Vihar,20.297305,85.843144,Suspicious Activity,2,Night,Weekend,Good,Low,772,Community,45
INC09310,Vani Vihar,20.296628,85.843217,Harassment,3,Evening,Weekday,Moderate,Low,874,Community,59
INC09311,Acharya Vihar,20.299609,85.835164,Harassment,3,Evening,Weekday,Poor,Medium,877,Community,75
INC09312,Patia,20.354823,85.821395,Harassment,3,Afternoon,Weekend,Poor,Low,362,Police,63
INC09313,Baramunda,20.269593,85.806104,Harassment,3,Night,Weekday,Good,High,461,Community,63
INC09314,Rasulgarh,20.287496,85.873882,Harassment,3,Evening,Weekend,Moderate,Medium,190,Community,66
INC09315,Acharya Vihar,20.298232,85.837007,Snatching,3,Evening,Weekend,Moderate,Medium,1427,Community,59
INC09316,Saheed Nagar,20.294848,85.842328,Harassment,3,Afternoon,Weekend,Poor,Low,326,Community,62
INC09317,Baramunda,20.269103,85.801895,Snatching,3,Afternoon,Weekend,Good,Low,903,Community,50
INC09318,CRP Square,20.313892,85.820976,Snatching,3,Morning,Weekend,Poor,Low,343,Community,63
INC09319,Kalpana Square,20.261341,85.840896,Stalking,4,Evening,Weekend,Good,Medium,563,Police,66
INC09320,Jaydev Vihar,20.299904,85.822975,Stalking,4,Evening,Weekend,Poor,Medium,1041,Police,93
INC09321,CRP Square,20.314783,85.819086,Harassment,3,Afternoon,Weekend,Poor,Low,923,Community,64
INC09322,Dumduma,20.264566,85.796229,Harassment,3,Afternoon,Weekend,Poor,Low,824,Community,63
INC09323,Patia,20.353008,85.817209,Harassment,3,Afternoon,Weekend,Moderate,High,1312,Community,52
INC09324,Saheed Nagar,20.296366,85.842877,Snatching,3,Night,Weekday,Poor,Low,1093,Community,78
INC09325,Lingaraj,20.241244,85.832068,Harassment,3,Evening,Weekend,Poor,High,1322,Community,68
INC09326,Khandagiri,20.256527,85.780111,Stalking,4,Evening,Weekday,Moderate,Low,519,Community,77
INC09327,Master Canteen,20.270182,85.842783,Assault on Woman,5,Evening,Weekend,Poor,Low,1137,Community,100
INC09328,Nayapalli,20.295159,85.805502,Harassment,3,Night,Weekend,Good,Low,516,Community,55
INC09329,Master Canteen,20.266694,85.83965,Assault on Woman,5,Evening,Weekend,Moderate,Medium,1095,Community,96
INC09330,Saheed Nagar,20.294698,85.838919,Snatching,3,Night,Weekday,Good,Medium,535,Community,63
INC09331,Rasulgarh,20.291,85.871349,Stalking,4,Morning,Weekend,Poor,High,1357,Community,81
INC09332,Lingaraj,20.240349,85.835158,Stalking,4,Evening,Weekend,Good,High,410,Community,66
INC09333,Master Canteen,20.26906,85.842834,Sexual Harassment,5,Night,Weekday,Good,Low,330,Community,89
INC09334,Old Town,20.23501,85.833115,Assault on Woman,5,Night,Weekend,Poor,Low,725,Community,100
INC09335,Old Town,20.236435,85.836148,Assault on Woman,5,Night,Weekday,Moderate,Low,961,Police,100
INC09336,Kalpana Square,20.258118,85.845118,Sexual Harassment,5,Night,Weekday,Good,Low,1201,Community,91
INC09337,Nayapalli,20.293267,85.802542,Stalking,4,Evening,Weekend,Moderate,Low,1131,Community,77
INC09338,Mancheswar,20.322068,85.862195,Assault on Woman,5,Morning,Weekend,Moderate,Low,1015,Community,84
INC09339,Rasulgarh,20.287334,85.870443,Harassment,3,Evening,Weekend,Good,Low,1189,Community,56
INC09340,Master Canteen,20.267614,85.843404,Sexual Harassment,5,Night,Weekday,Good,Medium,217,Community,92
INC09341,Khandagiri,20.257109,85.784334,Harassment,3,Night,Weekday,Moderate,Low,1416,Community,74
INC09342,Khandagiri,20.256572,85.783301,Assault on Woman,5,Night,Weekday,Poor,Medium,186,Community,100
INC09343,Khandagiri,20.260242,85.781115,Harassment,3,Night,Weekday,Poor,Medium,1185,Police,76
INC09344,Master Canteen,20.266439,85.842795,Suspicious Activity,2,Night,Weekday,Poor,Low,1147,Police,64
INC09345,CRP Square,20.314253,85.823503,Assault on Woman,5,Afternoon,Weekend,Poor,High,885,Community,99
INC09346,Acharya Vihar,20.298245,85.832019,Kidnapping Attempt,5,Evening,Weekday,Good,High,275,Police,81
INC09347,CRP Square,20.314941,85.820104,Harassment,3,Night,Weekend,Moderate,Medium,418,Community,65
INC09348,Chandrasekharpur,20.332107,85.823583,Kidnapping Attempt,5,Evening,Weekend,Moderate,Medium,486,Community,97
INC09349,Vani Vihar,20.295907,85.844222,Snatching,3,Night,Weekday,Moderate,Medium,886,Community,68
INC09350,Baramunda,20.271488,85.803765,Assault on Woman,5,Evening,Weekend,Moderate,Medium,674,Community,91
INC09351,Patia,20.352948,85.816947,Harassment,3,Evening,Weekend,Poor,High,898,Community,74
INC09352,KIIT Square,20.354936,85.818081,Stalking,4,Night,Weekend,Moderate,Low,1088,Community,80
INC09353,Kalpana Square,20.257299,85.840515,Eve-teasing,2,Morning,Weekend,Moderate,High,1464,Community,42
INC09354,Chandrasekharpur,20.331435,85.820729,Harassment,3,Evening,Weekend,Good,Medium,510,Community,58
INC09355,Pokhariput,20.254055,85.80423,Suspicious Activity,2,Morning,Weekend,Poor,Low,644,Community,55
INC09356,Nayapalli,20.294956,85.803493,Harassment,3,Night,Weekday,Poor,Low,943,Community,82
INC09357,Pokhariput,20.252462,85.806254,Harassment,3,Evening,Weekend,Poor,High,660,Police,74
INC09358,Infocity,20.34589,85.817919,Snatching,3,Afternoon,Weekend,Good,High,900,Community,40
INC09359,Dumduma,20.265788,85.794465,Harassment,3,Evening,Weekend,Good,Medium,435,Community,49
INC09360,Chandrasekharpur,20.32999,85.821978,Snatching,3,Afternoon,Weekend,Good,High,333,Community,44
INC09361,Patia,20.357158,85.819823,Snatching,3,Evening,Weekend,Moderate,Low,316,Community,65
INC09362,Old Town,20.236626,85.83165,Harassment,3,Morning,Weekday,Good,Medium,339,Community,49
INC09363,Jaydev Vihar,20.30146,85.819546,Snatching,3,Evening,Weekend,Moderate,High,529,Community,59
INC09364,Dumduma,20.264276,85.794296,Stalking,4,Evening,Weekday,Poor,Low,361,Community,92
INC09365,KIIT Square,20.350875,85.81641,Kidnapping Attempt,5,Evening,Weekday,Poor,High,428,Community,100
INC09366,Master Canteen,20.271599,85.843025,Harassment,3,Evening,Weekday,Good,High,190,Police,55
INC09367,Pokhariput,20.256012,85.802164,Snatching,3,Morning,Weekday,Moderate,Medium,343,Community,60
INC09368,Master Canteen,20.266107,85.841165,Harassment,3,Night,Weekend,Moderate,Low,536,Community,65
INC09369,Chandrasekharpur,20.332179,85.819645,Stalking,4,Night,Weekday,Moderate,Medium,141,Community,82
INC09370,Khandagiri,20.259831,85.779789,Sexual Harassment,5,Night,Weekend,Moderate,Medium,258,Police,95
INC09371,Jaydev Vihar,20.30108,85.82205,Harassment,3,Evening,Weekday,Good,Low,1364,Police,53
INC09372,KIIT Square,20.354065,85.820747,Assault on Woman,5,Evening,Weekday,Good,High,1398,Police,87
INC09373,KIIT Square,20.350552,85.82097,Kidnapping Attempt,5,Evening,Weekend,Poor,High,1337,Community,100
INC09374,Master Canteen,20.271309,85.843333,Stalking,4,Afternoon,Weekday,Poor,Medium,491,Community,75
INC09375,Chandrasekharpur,20.332582,85.821347,Assault on Woman,5,Evening,Weekend,Good,Medium,595,Community,85
INC09376,Chandrasekharpur,20.329376,85.823989,Harassment,3,Night,Weekday,Moderate,High,563,Community,65
INC09377,Vani Vihar,20.299338,85.842786,Harassment,3,Afternoon,Weekend,Good,Low,182,Community,41
INC09378,Saheed Nagar,20.297593,85.84146,Suspicious Activity,2,Night,Weekend,Moderate,High,1319,Community,56
INC09379,Nayapalli,20.297529,85.804043,Assault on Woman,5,Evening,Weekend,Good,Low,998,Community,83
INC09380,Chandrasekharpur,20.332203,85.819497,Snatching,3,Afternoon,Weekday,Moderate,Medium,260,Community,58
INC09381,Kalpana Square,20.257246,85.842034,Snatching,3,Night,Weekday,Poor,Medium,321,Community,81
INC09382,Kalpana Square,20.258229,85.841498,Stalking,4,Evening,Weekend,Poor,Low,129,Police,88
INC09383,Infocity,20.345944,85.815511,Sexual Harassment,5,Night,Weekend,Moderate,Medium,381,Community,96
INC09384,CRP Square,20.314037,85.823461,Stalking,4,Morning,Weekend,Good,Medium,1415,Community,56
INC09385,Mancheswar,20.322417,85.861232,Suspicious Activity,2,Night,Weekday,Poor,Low,260,Community,62
INC09386,Acharya Vihar,20.300784,85.832229,Stalking,4,Evening,Weekend,Poor,Low,658,Police,91
INC09387,Saheed Nagar,20.296701,85.844006,Kidnapping Attempt,5,Evening,Weekday,Moderate,Medium,765,Community,88
INC09388,Nayapalli,20.295948,85.805888,Harassment,3,Afternoon,Weekday,Poor,Medium,992,Community,70
INC09389,Patia,20.352125,85.818826,Snatching,3,Evening,Weekend,Poor,Medium,299,Community,70
INC09390,Mancheswar,20.323561,85.861291,Harassment,3,Evening,Weekend,Good,High,1337,Community,48
INC09391,CRP Square,20.314497,85.821718,Assault on Woman,5,Afternoon,Weekend,Moderate,Low,1407,Community,88
INC09392,Lingaraj,20.240689,85.836391,Eve-teasing,2,Afternoon,Weekday,Moderate,Low,406,Community,36
INC09393,CRP Square,20.316366,85.823282,Suspicious Activity,2,Afternoon,Weekend,Good,High,1421,Police,30
INC09394,Old Town,20.239215,85.831799,Snatching,3,Morning,Weekend,Good,Low,892,Police,48
INC09395,Acharya Vihar,20.300416,85.836733,Sexual Harassment,5,Evening,Weekday,Good,Medium,1188,Community,79
INC09396,Jaydev Vihar,20.303777,85.819779,Snatching,3,Night,Weekend,Good,High,355,Community,58
INC09397,Pokhariput,20.255842,85.805851,Suspicious Activity,2,Evening,Weekend,Good,Medium,425,Community,42
INC09398,Chandrasekharpur,20.333389,85.819214,Snatching,3,Morning,Weekday,Good,High,577,Community,43
INC09399,Master Canteen,20.270448,85.842621,Harassment,3,Morning,Weekend,Good,High,733,Community,41
INC09400,Vani Vihar,20.294703,85.841878,Eve-teasing,2,Afternoon,Weekday,Moderate,Medium,587,Community,40
INC09401,Chandrasekharpur,20.333687,85.823008,Harassment,3,Afternoon,Weekday,Moderate,Medium,898,Community,58
INC09402,Nayapalli,20.298891,85.802207,Harassment,3,Night,Weekend,Poor,Low,101,Community,77
INC09403,Pokhariput,20.252638,85.806881,Harassment,3,Afternoon,Weekend,Poor,High,961,Police,64
INC09404,Master Canteen,20.269738,85.839046,Sexual Harassment,5,Night,Weekday,Moderate,High,607,Police,100
INC09405,Patia,20.355959,85.820295,Stalking,4,Morning,Weekday,Poor,High,226,Police,77
INC09406,Old Town,20.235486,85.83332,Stalking,4,Evening,Weekday,Good,Low,291,Police,73
INC09407,Saheed Nagar,20.29859,85.84056,Snatching,3,Afternoon,Weekend,Good,Medium,468,Community,43
INC09408,Chandrasekharpur,20.333945,85.818373,Assault on Woman,5,Night,Weekend,Poor,High,1434,Community,100
INC09409,Pokhariput,20.254621,85.80137,Harassment,3,Evening,Weekend,Poor,High,119,Community,71
INC09410,Khandagiri,20.2603,85.782269,Assault on Woman,5,Afternoon,Weekday,Moderate,High,1421,Community,89
INC09411,Dumduma,20.26511,85.795957,Stalking,4,Evening,Weekend,Poor,Low,1212,Police,87
INC09412,Acharya Vihar,20.300414,85.835825,Harassment,3,Evening,Weekend,Moderate,Medium,1285,Community,63
INC09413,CRP Square,20.312636,85.823301,Snatching,3,Night,Weekday,Good,Medium,1120,Community,64
INC09414,Khandagiri,20.255413,85.778892,Harassment,3,Evening,Weekday,Moderate,Medium,1149,Police,67
INC09415,Saheed Nagar,20.296575,85.838852,Harassment,3,Evening,Weekend,Poor,High,843,Police,69
INC09416,Khandagiri,20.256678,85.781168,Suspicious Activity,2,Evening,Weekday,Poor,High,1477,Community,62
INC09417,Lingaraj,20.24506,85.834888,Harassment,3,Afternoon,Weekend,Poor,High,860,Community,61
INC09418,Saheed Nagar,20.294979,85.841158,Suspicious Activity,2,Evening,Weekday,Poor,High,732,Police,55
INC09419,Dumduma,20.26695,85.792839,Stalking,4,Evening,Weekend,Good,High,281,Community,73
INC09420,Old Town,20.236489,85.834883,Harassment,3,Night,Weekday,Moderate,Low,1444,Community,72
INC09421,Jaydev Vihar,20.303626,85.822406,Harassment,3,Morning,Weekday,Good,High,1463,Police,50
INC09422,Rasulgarh,20.29065,85.8694,Harassment,3,Afternoon,Weekday,Good,Medium,180,Police,50
INC09423,Acharya Vihar,20.299037,85.837744,Eve-teasing,2,Evening,Weekday,Poor,High,241,Community,61
INC09424,Baramunda,20.271634,85.804058,Snatching,3,Night,Weekday,Poor,Low,1474,Community,81
INC09425,Lingaraj,20.244468,85.835168,Harassment,3,Evening,Weekday,Good,Medium,1102,Community,52
INC09426,Acharya Vihar,20.297143,85.833006,Sexual Harassment,5,Night,Weekday,Good,Medium,1459,Community,92
INC09427,Pokhariput,20.254009,85.80116,Stalking,4,Night,Weekend,Poor,Medium,1026,Police,91
INC09428,Dumduma,20.261371,85.792731,Stalking,4,Night,Weekend,Poor,Medium,325,Community,92
INC09429,Khandagiri,20.256709,85.779283,Eve-teasing,2,Evening,Weekday,Good,Medium,231,Community,35
INC09430,Vani Vihar,20.298402,85.842757,Harassment,3,Evening,Weekend,Good,Medium,215,Police,53
INC09431,Baramunda,20.272575,85.806701,Suspicious Activity,2,Night,Weekend,Good,Medium,1107,Community,46
INC09432,Acharya Vihar,20.298157,85.834738,Harassment,3,Evening,Weekday,Poor,Medium,1198,Community,70
INC09433,Master Canteen,20.270073,85.842415,Eve-teasing,2,Evening,Weekday,Good,Low,563,Community,43
INC09434,Jaydev Vihar,20.3029,85.820682,Harassment,3,Night,Weekend,Poor,Medium,1444,Police,77
INC09435,Baramunda,20.271467,85.804511,Eve-teasing,2,Night,Weekday,Poor,High,1194,Community,65
INC09436,Khandagiri,20.257798,85.779553,Stalking,4,Evening,Weekday,Moderate,Medium,152,Community,79
INC09437,Kalpana Square,20.25812,85.842626,Assault on Woman,5,Evening,Weekday,Moderate,High,587,Community,96
INC09438,Patia,20.353046,85.817024,Stalking,4,Afternoon,Weekend,Good,Low,980,Community,60
INC09439,Pokhariput,20.256813,85.805003,Stalking,4,Night,Weekday,Good,High,1255,Community,71
INC09440,Rasulgarh,20.287462,85.871367,Sexual Harassment,5,Night,Weekday,Good,Medium,165,Community,90
INC09441,Lingaraj,20.241373,85.833482,Snatching,3,Afternoon,Weekday,Poor,Medium,726,Police,62
INC09442,Saheed Nagar,20.296482,85.839784,Stalking,4,Afternoon,Weekend,Good,Low,975,Community,60
INC09443,Kalpana Square,20.260012,85.841887,Harassment,3,Night,Weekday,Poor,Medium,506,Community,76
INC09444,Baramunda,20.26872,85.80396,Harassment,3,Evening,Weekday,Moderate,Medium,247,Community,68
INC09445,Pokhariput,20.256738,85.805444,Snatching,3,Night,Weekend,Good,Medium,1023,Community,65
INC09446,Dumduma,20.266484,85.792659,Harassment,3,Afternoon,Weekday,Moderate,Low,347,Police,50
INC09447,Baramunda,20.271706,85.80179,Assault on Woman,5,Night,Weekend,Good,Medium,107,Community,94
INC09448,Kalpana Square,20.261766,85.843188,Stalking,4,Night,Weekday,Moderate,Medium,1489,Community,84
INC09449,Old Town,20.236172,85.835078,Stalking,4,Afternoon,Weekend,Moderate,High,795,Community,73
INC09450,Saheed Nagar,20.294288,85.843034,Sexual Harassment,5,Night,Weekday,Moderate,High,678,Community,98
INC09451,Patia,20.353581,85.820717,Assault on Woman,5,Night,Weekday,Good,Low,148,Community,87
INC09452,CRP Square,20.31539,85.819892,Assault on Woman,5,Afternoon,Weekday,Poor,Low,609,Police,91
INC09453,Patia,20.353044,85.822407,Sexual Harassment,5,Night,Weekday,Good,High,880,Community,91
INC09454,Lingaraj,20.241543,85.831889,Eve-teasing,2,Evening,Weekday,Poor,Medium,1243,Community,57
INC09455,Lingaraj,20.245602,85.831335,Suspicious Activity,2,Evening,Weekday,Poor,Medium,1350,Community,57
INC09456,Patia,20.353176,85.818459,Stalking,4,Night,Weekday,Good,Medium,1185,Community,73
INC09457,Patia,20.357052,85.817814,Stalking,4,Night,Weekend,Moderate,Low,1344,Police,90
INC09458,Lingaraj,20.245471,85.831027,Harassment,3,Afternoon,Weekend,Moderate,Medium,111,Community,53
INC09459,Rasulgarh,20.28824,85.872001,Sexual Harassment,5,Night,Weekday,Poor,High,991,Community,100
INC09460,Mancheswar,20.321645,85.866581,Harassment,3,Afternoon,Weekday,Poor,Low,1086,Community,63
INC09461,Nayapalli,20.297068,85.807008,Stalking,4,Morning,Weekday,Poor,Low,1196,Police,79
INC09462,Lingaraj,20.241831,85.833103,Assault on Woman,5,Morning,Weekend,Moderate,Medium,1467,Community,85
INC09463,Chandrasekharpur,20.332626,85.818133,Harassment,3,Evening,Weekday,Good,Medium,1404,Community,56
INC09464,Pokhariput,20.254613,85.80601,Assault on Woman,5,Evening,Weekday,Poor,Medium,820,Community,100
INC09465,Baramunda,20.271613,85.805057,Snatching,3,Evening,Weekday,Poor,Medium,1084,Community,71
INC09466,Nayapalli,20.296994,85.802208,Snatching,3,Night,Weekday,Moderate,Medium,1406,Police,72
INC09467,Baramunda,20.268524,85.802192,Kidnapping Attempt,5,Night,Weekend,Poor,High,1176,Community,100
INC09468,Chandrasekharpur,20.333728,85.821356,Harassment,3,Night,Weekday,Poor,Low,702,Police,76
INC09469,CRP Square,20.313671,85.820115,Sexual Harassment,5,Night,Weekday,Good,Medium,1427,Police,87
INC09470,KIIT Square,20.353309,85.818807,Assault on Woman,5,Night,Weekday,Good,Low,597,Community,95
INC09471,Saheed Nagar,20.299335,85.84211,Harassment,3,Evening,Weekend,Poor,Low,1397,Police,75
INC09472,Acharya Vihar,20.299891,85.835704,Snatching,3,Evening,Weekend,Good,Medium,1081,Community,49
INC09473,Dumduma,20.263394,85.793105,Assault on Woman,5,Afternoon,Weekday,Poor,Medium,1380,Community,100
INC09474,Dumduma,20.262265,85.792919,Harassment,3,Morning,Weekday,Poor,Medium,432,Community,63
INC09475,Patia,20.355128,85.818949,Stalking,4,Night,Weekday,Moderate,Medium,308,Police,81
INC09476,Saheed Nagar,20.296773,85.841484,Eve-teasing,2,Night,Weekday,Poor,Low,1252,Community,64
INC09477,Rasulgarh,20.291279,85.869378,Assault on Woman,5,Morning,Weekend,Poor,Medium,1112,Community,97
INC09478,Kalpana Square,20.260435,85.840219,Harassment,3,Night,Weekday,Moderate,High,1457,Community,66
INC09479,Vani Vihar,20.295659,85.84478,Sexual Harassment,5,Afternoon,Weekend,Good,High,279,Community,77
INC09480,Pokhariput,20.252545,85.801127,Assault on Woman,5,Evening,Weekend,Good,Low,216,Police,88
INC09481,Kalpana Square,20.257673,85.841472,Stalking,4,Night,Weekend,Poor,Low,1066,Community,99
INC09482,Pokhariput,20.254759,85.801097,Sexual Harassment,5,Afternoon,Weekday,Poor,Medium,1136,Police,92
INC09483,Master Canteen,20.271906,85.841022,Snatching,3,Night,Weekday,Poor,Medium,517,Community,78
INC09484,Old Town,20.240614,85.833052,Stalking,4,Night,Weekday,Moderate,High,1486,Community,83
INC09485,Mancheswar,20.323252,85.866884,Harassment,3,Morning,Weekday,Poor,Low,1211,Community,60
INC09486,Rasulgarh,20.293026,85.870184,Stalking,4,Afternoon,Weekday,Good,Medium,422,Community,61
INC09487,Nayapalli,20.296966,85.805514,Harassment,3,Afternoon,Weekend,Poor,High,612,Community,66
INC09488,Vani Vihar,20.299196,85.839558,Harassment,3,Night,Weekend,Moderate,High,1223,Community,73
INC09489,Infocity,20.34588,85.816215,Sexual Harassment,5,Evening,Weekend,Moderate,Medium,788,Police,92
INC09490,CRP Square,20.316612,85.822539,Sexual Harassment,5,Evening,Weekday,Moderate,Low,1224,Police,88
INC09491,Old Town,20.236626,85.834246,Stalking,4,Evening,Weekend,Good,Medium,998,Police,68
INC09492,Nayapalli,20.295888,85.804848,Stalking,4,Afternoon,Weekend,Good,High,148,Community,64
INC09493,Mancheswar,20.320744,85.862833,Harassment,3,Night,Weekday,Poor,Medium,863,Community,80
INC09494,Vani Vihar,20.298995,85.843972,Stalking,4,Morning,Weekday,Poor,High,353,Community,75
INC09495,CRP Square,20.312748,85.824377,Assault on Woman,5,Night,Weekday,Moderate,Medium,1093,Police,97
INC09496,Lingaraj,20.245302,85.836627,Assault on Woman,5,Night,Weekday,Good,Low,1093,Community,87
INC09497,Khandagiri,20.258171,85.779175,Assault on Woman,5,Afternoon,Weekday,Poor,High,250,Police,98
INC09498,Baramunda,20.270912,85.803955,Kidnapping Attempt,5,Evening,Weekend,Moderate,High,899,Community,94
INC09499,Nayapalli,20.297853,85.803884,Assault on Woman,5,Night,Weekday,Poor,Low,975,Community,100
INC09500,Dumduma,20.263432,85.792655,Assault on Woman,5,Night,Weekday,Good,Medium,392,Community,86
INC09501,Chandrasekharpur,20.334926,85.819992,Kidnapping Attempt,5,Night,Weekday,Moderate,High,100,Community,100
INC09502,Khandagiri,20.255175,85.781276,Snatching,3,Afternoon,Weekend,Moderate,High,1188,Community,59
INC09503,Old Town,20.240103,85.833071,Harassment,3,Evening,Weekday,Moderate,Medium,597,Community,62
INC09504,Infocity,20.345939,85.814258,Kidnapping Attempt,5,Afternoon,Weekday,Poor,High,187,Community,98
INC09505,Kalpana Square,20.261916,85.843981,Harassment,3,Afternoon,Weekend,Moderate,Low,924,Community,54
INC09506,Acharya Vihar,20.302945,85.833103,Harassment,3,Night,Weekend,Moderate,Low,638,Police,65
INC09507,Pokhariput,20.256896,85.805507,Harassment,3,Night,Weekday,Good,Low,1371,Community,64
INC09508,CRP Square,20.312484,85.819765,Kidnapping Attempt,5,Morning,Weekday,Good,High,425,Police,73
INC09509,Lingaraj,20.243807,85.833474,Assault on Woman,5,Afternoon,Weekend,Poor,Medium,320,Community,97
INC09510,Pokhariput,20.252152,85.804759,Stalking,4,Evening,Weekday,Poor,High,662,Police,84
INC09511,Kalpana Square,20.260443,85.845562,Sexual Harassment,5,Evening,Weekend,Poor,Medium,726,Community,100
INC09512,Rasulgarh,20.291433,85.872168,Assault on Woman,5,Morning,Weekend,Moderate,High,1381,Police,82
INC09513,Lingaraj,20.244279,85.836856,Assault on Woman,5,Afternoon,Weekend,Moderate,High,1462,Police,84
INC09514,Lingaraj,20.240043,85.835792,Stalking,4,Evening,Weekday,Good,Medium,325,Community,68
INC09515,Lingaraj,20.240892,85.833111,Suspicious Activity,2,Afternoon,Weekend,Poor,Medium,693,Community,54
INC09516,Khandagiri,20.258953,85.778975,Suspicious Activity,2,Night,Weekday,Poor,Medium,112,Community,66
INC09517,Dumduma,20.266333,85.792768,Harassment,3,Evening,Weekend,Poor,High,1274,Community,70
INC09518,Pokhariput,20.256311,85.804394,Stalking,4,Evening,Weekday,Poor,Low,1172,Police,87
INC09519,Master Canteen,20.268276,85.8389,Kidnapping Attempt,5,Evening,Weekday,Poor,Medium,143,Community,100
INC09520,Jaydev Vihar,20.299851,85.821502,Harassment,3,Night,Weekday,Poor,Low,546,Community,79
INC09521,Chandrasekharpur,20.333099,85.821055,Eve-teasing,2,Night,Weekend,Good,Medium,389,Community,45
INC09522,Acharya Vihar,20.297189,85.835339,Assault on Woman,5,Evening,Weekend,Good,High,704,Community,87
INC09523,Mancheswar,20.319366,85.863614,Snatching,3,Night,Weekend,Moderate,Low,789,Community,73
INC09524,Chandrasekharpur,20.33028,85.81869,Suspicious Activity,2,Night,Weekday,Moderate,High,1330,Community,52
INC09525,Rasulgarh,20.292774,85.873507,Stalking,4,Morning,Weekday,Good,Low,611,Community,56
INC09526,KIIT Square,20.352364,85.816024,Snatching,3,Morning,Weekday,Moderate,Low,1397,Community,51
INC09527,Kalpana Square,20.257572,85.845701,Stalking,4,Evening,Weekday,Moderate,High,1182,Community,80
INC09528,Saheed Nagar,20.29721,85.843876,Harassment,3,Night,Weekend,Good,Low,736,Community,57
INC09529,Old Town,20.235678,85.834106,Sexual Harassment,5,Evening,Weekend,Poor,High,650,Community,100
INC09530,Old Town,20.236058,85.835448,Harassment,3,Night,Weekend,Moderate,Medium,1030,Community,66
INC09531,Chandrasekharpur,20.330905,85.821181,Suspicious Activity,2,Evening,Weekend,Moderate,Medium,454,Community,50
INC09532,Rasulgarh,20.291662,85.871101,Harassment,3,Evening,Weekday,Moderate,Low,749,Community,60
INC09533,Chandrasekharpur,20.332497,85.818918,Assault on Woman,5,Morning,Weekday,Moderate,Low,1402,Community,81
INC09534,Infocity,20.343439,85.817768,Stalking,4,Afternoon,Weekend,Moderate,Low,1425,Police,66
INC09535,Mancheswar,20.319711,85.862125,Snatching,3,Night,Weekend,Poor,Low,1411,Community,77
INC09536,Kalpana Square,20.261111,85.840667,Sexual Harassment,5,Night,Weekday,Moderate,Low,626,Community,100
INC09537,Dumduma,20.26298,85.795457,Harassment,3,Morning,Weekday,Poor,Low,1256,Community,64
INC09538,CRP Square,20.31504,85.821434,Eve-teasing,2,Evening,Weekend,Poor,Low,396,Community,62
INC09539,Baramunda,20.267335,85.80145,Snatching,3,Night,Weekend,Good,High,914,Community,61
INC09540,Nayapalli,20.297083,85.805069,Assault on Woman,5,Night,Weekend,Poor,Low,885,Community,100
INC09541,Jaydev Vihar,20.298446,85.822328,Snatching,3,Afternoon,Weekday,Good,High,1324,Community,48
INC09542,Acharya Vihar,20.302497,85.836656,Harassment,3,Afternoon,Weekday,Poor,High,365,Police,66
INC09543,Patia,20.354071,85.816677,Stalking,4,Night,Weekday,Moderate,Medium,104,Community,83
INC09544,Baramunda,20.270963,85.802763,Snatching,3,Evening,Weekday,Poor,High,1281,Community,71
INC09545,Nayapalli,20.298325,85.803413,Harassment,3,Night,Weekend,Good,High,595,Community,57
INC09546,Kalpana Square,20.260104,85.844227,Sexual Harassment,5,Evening,Weekday,Good,Medium,249,Community,82
INC09547,Lingaraj,20.240756,85.832519,Snatching,3,Evening,Weekend,Good,Medium,303,Community,55
INC09548,CRP Square,20.316855,85.821111,Stalking,4,Evening,Weekday,Moderate,Medium,1174,Community,75
INC09549,Patia,20.353247,85.819484,Stalking,4,Night,Weekend,Good,High,462,Police,72
INC09550,Lingaraj,20.242849,85.835519,Sexual Harassment,5,Afternoon,Weekend,Good,High,1410,Police,71
INC09551,Mancheswar,20.319144,85.863894,Harassment,3,Evening,Weekend,Poor,Low,570,Police,76
INC09552,Patia,20.355254,85.819691,Harassment,3,Evening,Weekday,Moderate,Medium,1407,Community,63
INC09553,Nayapalli,20.298449,85.803932,Stalking,4,Afternoon,Weekday,Moderate,Low,1102,Community,65
INC09554,Lingaraj,20.242048,85.836373,Harassment,3,Afternoon,Weekday,Moderate,Medium,339,Community,56
INC09555,CRP Square,20.312333,85.822887,Assault on Woman,5,Night,Weekday,Good,Low,614,Police,93
INC09556,Acharya Vihar,20.298864,85.837837,Kidnapping Attempt,5,Afternoon,Weekday,Moderate,Medium,118,Police,82
INC09557,Infocity,20.341894,85.814226,Harassment,3,Afternoon,Weekday,Poor,Medium,403,Community,60
INC09558,Pokhariput,20.256096,85.802184,Suspicious Activity,2,Night,Weekend,Poor,Low,582,Community,61
INC09559,Master Canteen,20.26885,85.838124,Assault on Woman,5,Afternoon,Weekday,Poor,High,841,Police,91
INC09560,Kalpana Square,20.259881,85.844104,Assault on Woman,5,Evening,Weekend,Good,Low,356,Police,83
INC09561,Acharya Vihar,20.297873,85.835154,Sexual Harassment,5,Night,Weekday,Good,Medium,1435,Police,91
INC09562,Rasulgarh,20.292376,85.873774,Assault on Woman,5,Afternoon,Weekday,Good,Low,1234,Community,79
INC09563,Dumduma,20.262399,85.791802,Harassment,3,Night,Weekend,Moderate,Low,1425,Community,66
INC09564,Dumduma,20.266973,85.794949,Assault on Woman,5,Night,Weekend,Moderate,High,279,Police,97
INC09565,Patia,20.355116,85.818763,Stalking,4,Evening,Weekend,Moderate,High,1463,Community,78
INC09566,Kalpana Square,20.261486,85.842255,Harassment,3,Night,Weekend,Moderate,Medium,800,Community,75
INC09567,Old Town,20.236872,85.831986,Harassment,3,Night,Weekday,Moderate,Low,350,Police,70
INC09568,KIIT Square,20.355572,85.815272,Snatching,3,Evening,Weekday,Good,Low,264,Community,54
INC09569,Dumduma,20.263036,85.795081,Suspicious Activity,2,Night,Weekend,Poor,Medium,1143,Community,64
INC09570,Patia,20.35588,85.817102,Stalking,4,Evening,Weekend,Moderate,High,950,Police,73
INC09571,Rasulgarh,20.287889,85.873633,Assault on Woman,5,Night,Weekend,Poor,Low,973,Community,100
INC09572,Dumduma,20.265823,85.794477,Harassment,3,Afternoon,Weekend,Moderate,Medium,804,Community,58
INC09573,Vani Vihar,20.298336,85.840339,Sexual Harassment,5,Night,Weekend,Moderate,Medium,229,Police,99
INC09574,Pokhariput,20.256831,85.804458,Assault on Woman,5,Evening,Weekday,Poor,High,516,Community,99
INC09575,Baramunda,20.271528,85.80155,Harassment,3,Afternoon,Weekend,Poor,High,525,Community,60
INC09576,Pokhariput,20.254529,85.804373,Kidnapping Attempt,5,Evening,Weekend,Poor,Medium,1370,Community,100
INC09577,Nayapalli,20.295928,85.807629,Stalking,4,Evening,Weekday,Moderate,Low,501,Community,73
INC09578,Kalpana Square,20.257147,85.843241,Stalking,4,Night,Weekday,Moderate,Medium,462,Community,84
INC09579,Saheed Nagar,20.298025,85.843252,Stalking,4,Night,Weekday,Poor,Low,546,Community,100
INC09580,Kalpana Square,20.258359,85.840201,Harassment,3,Afternoon,Weekend,Good,High,133,Police,49
INC09581,CRP Square,20.313582,85.819787,Harassment,3,Night,Weekday,Good,Medium,314,Community,59
INC09582,Infocity,20.342474,85.814197,Snatching,3,Evening,Weekday,Poor,Low,765,Police,75
INC09583,Kalpana Square,20.258577,85.844117,Harassment,3,Afternoon,Weekday,Poor,Medium,805,Community,63
INC09584,Vani Vihar,20.298396,85.843861,Harassment,3,Afternoon,Weekday,Poor,Low,1483,Community,66
INC09585,Chandrasekharpur,20.330377,85.822905,Harassment,3,Afternoon,Weekend,Moderate,Low,815,Community,55
INC09586,Rasulgarh,20.287393,85.872731,Assault on Woman,5,Afternoon,Weekday,Good,High,415,Community,75
INC09587,Khandagiri,20.259352,85.780835,Suspicious Activity,2,Evening,Weekend,Good,Medium,537,Police,40
INC09588,Jaydev Vihar,20.303929,85.820735,Stalking,4,Morning,Weekday,Moderate,Medium,197,Community,74
INC09589,Rasulgarh,20.287373,85.873577,Eve-teasing,2,Afternoon,Weekend,Moderate,Low,1397,Community,40
INC09590,Lingaraj,20.244843,85.831673,Suspicious Activity,2,Evening,Weekend,Moderate,Low,1238,Community,53
INC09591,Nayapalli,20.29302,85.805909,Harassment,3,Night,Weekday,Moderate,High,220,Community,75
INC09592,Vani Vihar,20.299326,85.84367,Stalking,4,Afternoon,Weekend,Poor,Medium,1047,Community,81
INC09593,Nayapalli,20.297863,85.805844,Suspicious Activity,2,Evening,Weekend,Poor,High,482,Community,57
INC09594,Saheed Nagar,20.298986,85.841146,Assault on Woman,5,Night,Weekday,Good,Medium,463,Community,92
INC09595,Jaydev Vihar,20.301736,85.817788,Assault on Woman,5,Evening,Weekday,Moderate,Medium,737,Community,90
INC09596,Khandagiri,20.258055,85.784731,Stalking,4,Morning,Weekend,Good,Medium,1166,Police,56
INC09597,Infocity,20.346525,85.813114,Stalking,4,Evening,Weekend,Moderate,High,1151,Community,73
INC09598,Baramunda,20.267053,85.806452,Harassment,3,Night,Weekend,Moderate,Low,368,Community,71
INC09599,Nayapalli,20.295803,85.804435,Harassment,3,Afternoon,Weekend,Moderate,Low,1209,Community,55
INC09600,Lingaraj,20.24171,85.831943,Suspicious Activity,2,Morning,Weekend,Poor,Low,887,Community,50
INC09601,Master Canteen,20.270555,85.842174,Harassment,3,Evening,Weekend,Poor,Low,578,Community,70
INC09602,Master Canteen,20.266062,85.840521,Assault on Woman,5,Night,Weekday,Moderate,Medium,1442,Community,97
INC09603,Khandagiri,20.257533,85.781423,Harassment,3,Evening,Weekday,Moderate,Medium,392,Community,65
INC09604,Old Town,20.238703,85.836493,Suspicious Activity,2,Night,Weekday,Moderate,High,1050,Community,52
INC09605,Nayapalli,20.298106,85.807371,Suspicious Activity,2,Night,Weekday,Good,Medium,720,Community,47
INC09606,CRP Square,20.312959,85.821696,Harassment,3,Morning,Weekday,Good,Low,294,Police,40
INC09607,KIIT Square,20.354746,85.817503,Harassment,3,Morning,Weekend,Good,High,813,Police,46
INC09608,Master Canteen,20.266376,85.842303,Eve-teasing,2,Afternoon,Weekend,Poor,High,218,Community,53
INC09609,Patia,20.354416,85.820433,Harassment,3,Evening,Weekday,Good,High,940,Community,53
INC09610,Old Town,20.235762,85.835417,Stalking,4,Night,Weekend,Moderate,High,584,Police,89
INC09611,Jaydev Vihar,20.300524,85.817549,Assault on Woman,5,Evening,Weekday,Poor,Medium,965,Community,100
INC09612,Pokhariput,20.254228,85.805095,Stalking,4,Morning,Weekday,Moderate,High,410,Police,73
INC09613,Khandagiri,20.2547,85.78472,Kidnapping Attempt,5,Afternoon,Weekend,Poor,Low,727,Community,94
INC09614,Saheed Nagar,20.29724,85.840078,Sexual Harassment,5,Evening,Weekend,Moderate,Medium,778,Police,90
INC09615,Acharya Vihar,20.300912,85.834046,Suspicious Activity,2,Morning,Weekday,Moderate,Medium,1449,Community,45
INC09616,Chandrasekharpur,20.331363,85.82275,Stalking,4,Evening,Weekday,Poor,High,1444,Community,88
INC09617,Nayapalli,20.294768,85.80287,Assault on Woman,5,Afternoon,Weekend,Good,Medium,755,Police,78
INC09618,Nayapalli,20.297063,85.80212,Sexual Harassment,5,Morning,Weekday,Moderate,Medium,996,Police,80
INC09619,Nayapalli,20.294788,85.807636,Assault on Woman,5,Night,Weekend,Moderate,Medium,268,Community,100
INC09620,Vani Vihar,20.299821,85.84005,Snatching,3,Afternoon,Weekend,Moderate,Low,293,Community,55
INC09621,Khandagiri,20.257409,85.782016,Stalking,4,Night,Weekday,Good,Medium,1102,Community,78
INC09622,Infocity,20.341157,85.816604,Harassment,3,Night,Weekend,Moderate,High,223,Police,66
INC09623,Pokhariput,20.255329,85.802039,Stalking,4,Morning,Weekend,Good,Medium,585,Police,58
INC09624,Master Canteen,20.266528,85.842072,Sexual Harassment,5,Evening,Weekday,Moderate,Medium,1005,Community,95
INC09625,Old Town,20.239747,85.831638,Eve-teasing,2,Night,Weekday,Moderate,High,390,Community,57
INC09626,CRP Square,20.314939,85.820805,Stalking,4,Evening,Weekend,Moderate,Low,1255,Community,75
INC09627,Vani Vihar,20.298231,85.841833,Harassment,3,Night,Weekday,Moderate,Medium,335,Community,70
INC09628,Saheed Nagar,20.29513,85.843543,Kidnapping Attempt,5,Afternoon,Weekday,Good,Medium,1351,Community,71
INC09629,CRP Square,20.31319,85.820889,Stalking,4,Evening,Weekend,Poor,High,1267,Community,87
INC09630,Mancheswar,20.320594,85.861299,Snatching,3,Afternoon,Weekday,Good,Low,182,Community,41
INC09631,CRP Square,20.312371,85.820344,Stalking,4,Afternoon,Weekend,Moderate,High,1331,Community,67
INC09632,Patia,20.352295,85.821098,Harassment,3,Afternoon,Weekend,Poor,Medium,723,Community,63
INC09633,Saheed Nagar,20.293834,85.841479,Stalking,4,Afternoon,Weekday,Poor,High,936,Police,85
INC09634,Mancheswar,20.323221,85.864537,Stalking,4,Night,Weekend,Moderate,Medium,995,Police,86
INC09635,CRP Square,20.315426,85.821001,Eve-teasing,2,Afternoon,Weekend,Poor,Medium,1377,Community,47
INC09636,Rasulgarh,20.290048,85.870526,Harassment,3,Night,Weekday,Poor,Low,931,Community,81
INC09637,Chandrasekharpur,20.333388,85.822994,Snatching,3,Evening,Weekday,Poor,High,799,Community,76
INC09638,Old Town,20.236011,85.833378,Snatching,3,Evening,Weekend,Poor,Medium,778,Community,78
INC09639,Patia,20.357451,85.820415,Harassment,3,Evening,Weekend,Good,Low,1228,Community,57
INC09640,Acharya Vihar,20.299549,85.836227,Harassment,3,Evening,Weekday,Poor,Medium,676,Community,71
INC09641,Nayapalli,20.293494,85.807717,Stalking,4,Afternoon,Weekend,Moderate,Medium,1358,Community,69
INC09642,Acharya Vihar,20.30189,85.834044,Harassment,3,Evening,Weekday,Poor,High,1343,Community,78
INC09643,Rasulgarh,20.291956,85.873549,Stalking,4,Night,Weekday,Good,High,1446,Community,71
INC09644,Patia,20.356947,85.818012,Harassment,3,Night,Weekday,Good,Medium,854,Police,63
INC09645,Old Town,20.240155,85.832078,Suspicious Activity,2,Night,Weekend,Moderate,Low,332,Police,60
INC09646,KIIT Square,20.354843,85.819899,Kidnapping Attempt,5,Afternoon,Weekday,Moderate,Low,684,Community,88
INC09647,Dumduma,20.264164,85.792541,Stalking,4,Night,Weekend,Moderate,Low,1011,Police,89
INC09648,Rasulgarh,20.287426,85.873079,Assault on Woman,5,Afternoon,Weekend,Poor,Low,1360,Police,96
INC09649,Lingaraj,20.241896,85.83426,Assault on Woman,5,Morning,Weekday,Good,Medium,692,Community,72
INC09650,Acharya Vihar,20.300107,85.83697,Kidnapping Attempt,5,Night,Weekday,Moderate,Medium,579,Community,100
INC09651,Lingaraj,20.240398,85.831885,Assault on Woman,5,Evening,Weekend,Moderate,Low,1032,Community,89
INC09652,Mancheswar,20.319398,85.863329,Snatching,3,Afternoon,Weekday,Moderate,Low,1205,Community,55
INC09653,CRP Square,20.312312,85.823761,Assault on Woman,5,Morning,Weekday,Moderate,Low,241,Community,82
INC09654,Chandrasekharpur,20.331527,85.821691,Eve-teasing,2,Night,Weekend,Poor,Medium,444,Community,62
INC09655,Infocity,20.344109,85.81772,Assault on Woman,5,Night,Weekend,Good,Medium,1231,Police,93
INC09656,Kalpana Square,20.25863,85.844617,Stalking,4,Evening,Weekday,Good,Medium,1410,Community,71
INC09657,Nayapalli,20.298529,85.803988,Suspicious Activity,2,Afternoon,Weekday,Good,Low,1192,Community,34
INC09658,CRP Square,20.312292,85.822947,Harassment,3,Afternoon,Weekday,Good,Medium,678,Community,45
INC09659,Kalpana Square,20.262008,85.840957,Kidnapping Attempt,5,Morning,Weekend,Moderate,Low,1268,Community,80
INC09660,Nayapalli,20.294696,85.80217,Assault on Woman,5,Afternoon,Weekend,Moderate,Low,531,Community,89
INC09661,Old Town,20.237139,85.834767,Stalking,4,Afternoon,Weekday,Poor,Low,922,Police,84
INC09662,KIIT Square,20.352169,85.815971,Sexual Harassment,5,Morning,Weekend,Good,High,1128,Police,71
INC09663,Lingaraj,20.244323,85.836446,Harassment,3,Night,Weekday,Good,High,1214,Community,65
INC09664,Saheed Nagar,20.294683,85.843451,Harassment,3,Afternoon,Weekday,Poor,High,1092,Police,61
INC09665,Dumduma,20.263553,85.796368,Harassment,3,Night,Weekday,Moderate,Low,1209,Community,66
INC09666,Pokhariput,20.254381,85.803293,Harassment,3,Afternoon,Weekend,Poor,High,734,Police,65
INC09667,Nayapalli,20.293518,85.806844,Suspicious Activity,2,Evening,Weekday,Good,Medium,704,Community,37
INC09668,Acharya Vihar,20.299403,85.835289,Stalking,4,Afternoon,Weekend,Moderate,Low,1259,Police,68
INC09669,Mancheswar,20.322018,85.861671,Assault on Woman,5,Night,Weekend,Moderate,High,669,Community,97
INC09670,Nayapalli,20.295823,85.803138,Kidnapping Attempt,5,Afternoon,Weekday,Poor,High,1077,Police,97
INC09671,Old Town,20.239107,85.834041,Assault on Woman,5,Night,Weekend,Poor,High,876,Community,100
INC09672,KIIT Square,20.352876,85.820887,Harassment,3,Evening,Weekday,Poor,Medium,414,Community,74
INC09673,Mancheswar,20.321706,85.861679,Snatching,3,Afternoon,Weekend,Poor,High,1335,Police,67
INC09674,Pokhariput,20.257414,85.806504,Kidnapping Attempt,5,Night,Weekday,Poor,Low,107,Community,100
INC09675,Kalpana Square,20.260246,85.845283,Harassment,3,Evening,Weekday,Good,Low,1314,Community,52
INC09676,Kalpana Square,20.261872,85.841209,Assault on Woman,5,Evening,Weekend,Poor,High,1495,Community,98
INC09677,Jaydev Vihar,20.299694,85.817337,Snatching,3,Evening,Weekday,Good,Medium,1152,Police,56
INC09678,Kalpana Square,20.261167,85.845909,Harassment,3,Afternoon,Weekend,Moderate,High,1478,Community,50
INC09679,Saheed Nagar,20.293816,85.84338,Snatching,3,Night,Weekday,Poor,Medium,1039,Community,79
INC09680,Nayapalli,20.298599,85.802044,Stalking,4,Afternoon,Weekend,Poor,High,143,Community,78
INC09681,Saheed Nagar,20.296918,85.843861,Sexual Harassment,5,Night,Weekday,Good,Medium,1290,Police,91
INC09682,CRP Square,20.312343,85.82069,Kidnapping Attempt,5,Evening,Weekend,Moderate,Low,1249,Community,93
INC09683,Rasulgarh,20.290083,85.871526,Suspicious Activity,2,Evening,Weekday,Poor,Low,705,Community,55
INC09684,Acharya Vihar,20.302981,85.834429,Harassment,3,Night,Weekday,Poor,Medium,943,Community,76
INC09685,KIIT Square,20.351412,85.815094,Snatching,3,Morning,Weekday,Moderate,High,116,Community,56
INC09686,Pokhariput,20.255779,85.805925,Assault on Woman,5,Night,Weekday,Moderate,Medium,127,Community,100
INC09687,Saheed Nagar,20.293906,85.841835,Snatching,3,Night,Weekend,Poor,High,1279,Police,81
INC09688,Lingaraj,20.244969,85.834515,Kidnapping Attempt,5,Night,Weekday,Good,Medium,493,Community,95
INC09689,Acharya Vihar,20.298531,85.836257,Assault on Woman,5,Night,Weekend,Good,High,515,Community,89
INC09690,Kalpana Square,20.261736,85.840141,Assault on Woman,5,Afternoon,Weekend,Moderate,Medium,560,Police,80
INC09691,Baramunda,20.267203,85.80216,Harassment,3,Afternoon,Weekday,Poor,High,150,Community,64
INC09692,Patia,20.353462,85.816648,Suspicious Activity,2,Afternoon,Weekend,Poor,Low,201,Community,54
INC09693,Kalpana Square,20.261973,85.843734,Harassment,3,Afternoon,Weekday,Poor,Medium,764,Community,69
INC09694,Old Town,20.239108,85.834716,Stalking,4,Morning,Weekend,Poor,Medium,732,Community,79
INC09695,Vani Vihar,20.294158,85.839761,Harassment,3,Night,Weekend,Good,Medium,1263,Community,64
INC09696,Patia,20.355142,85.817104,Assault on Woman,5,Afternoon,Weekday,Poor,High,211,Community,94
INC09697,Nayapalli,20.2939,85.804647,Harassment,3,Afternoon,Weekday,Moderate,Low,590,Police,50
INC09698,Saheed Nagar,20.296595,85.839259,Snatching,3,Night,Weekend,Moderate,Low,759,Community,67
INC09699,Nayapalli,20.297616,85.806633,Harassment,3,Afternoon,Weekday,Moderate,Low,232,Community,55
INC09700,Vani Vihar,20.299983,85.843082,Snatching,3,Afternoon,Weekday,Moderate,Medium,687,Police,56
INC09701,Nayapalli,20.295878,85.805511,Assault on Woman,5,Night,Weekday,Moderate,Medium,189,Community,96
INC09702,Jaydev Vihar,20.301353,85.822541,Harassment,3,Evening,Weekday,Poor,Medium,149,Police,72
INC09703,CRP Square,20.314723,85.821303,Snatching,3,Night,Weekend,Good,High,672,Community,56
INC09704,Rasulgarh,20.28971,85.871213,Suspicious Activity,2,Night,Weekend,Good,Medium,1231,Community,43
INC09705,Chandrasekharpur,20.334983,85.82154,Stalking,4,Afternoon,Weekday,Moderate,Medium,571,Community,70
INC09706,Lingaraj,20.245804,85.833954,Harassment,3,Afternoon,Weekend,Moderate,Low,1141,Community,53
INC09707,Acharya Vihar,20.300421,85.834814,Assault on Woman,5,Evening,Weekend,Poor,Medium,1330,Community,98
INC09708,Old Town,20.240237,85.836282,Harassment,3,Evening,Weekday,Poor,High,615,Police,78
INC09709,Jaydev Vihar,20.299186,85.820611,Snatching,3,Afternoon,Weekday,Good,High,872,Community,48
INC09710,Chandrasekharpur,20.334356,85.81955,Stalking,4,Evening,Weekend,Good,Medium,513,Community,69
INC09711,KIIT Square,20.351806,85.81521,Harassment,3,Morning,Weekend,Good,Medium,296,Police,50
INC09712,Dumduma,20.261768,85.79264,Suspicious Activity,2,Afternoon,Weekday,Good,High,413,Police,28
INC09713,Khandagiri,20.256051,85.779335,Snatching,3,Night,Weekend,Poor,High,589,Community,82
INC09714,Rasulgarh,20.28827,85.870089,Sexual Harassment,5,Morning,Weekday,Poor,Medium,184,Community,93
INC09715,Jaydev Vihar,20.299965,85.820765,Sexual Harassment,5,Night,Weekday,Good,Low,1051,Community,88
INC09716,Master Canteen,20.270174,85.843668,Snatching,3,Morning,Weekend,Poor,Medium,819,Police,69
INC09717,Mancheswar,20.320259,85.863454,Sexual Harassment,5,Evening,Weekend,Poor,High,292,Community,100
INC09718,CRP Square,20.317712,85.819875,Suspicious Activity,2,Night,Weekend,Good,Medium,488,Community,48
INC09719,KIIT Square,20.351717,85.815342,Suspicious Activity,2,Afternoon,Weekday,Poor,Low,698,Police,45
INC09720,Khandagiri,20.255813,85.783276,Stalking,4,Evening,Weekday,Moderate,Low,1322,Community,82
INC09721,Saheed Nagar,20.299077,85.841817,Harassment,3,Evening,Weekday,Poor,Medium,456,Community,73
INC09722,CRP Square,20.312348,85.824459,Suspicious Activity,2,Morning,Weekend,Moderate,Medium,732,Community,41
INC09723,Dumduma,20.264178,85.792881,Sexual Harassment,5,Night,Weekend,Moderate,Low,318,Community,95
INC09724,Pokhariput,20.255428,85.80175,Suspicious Activity,2,Morning,Weekday,Moderate,Medium,604,Community,42
INC09725,Patia,20.353149,85.819569,Harassment,3,Evening,Weekend,Moderate,High,1198,Police,58
INC09726,Old Town,20.237155,85.835709,Snatching,3,Evening,Weekday,Moderate,Medium,483,Police,59
INC09727,Pokhariput,20.253555,85.804814,Stalking,4,Afternoon,Weekend,Poor,Low,768,Community,75
INC09728,Dumduma,20.265066,85.796906,Stalking,4,Evening,Weekend,Moderate,High,193,Community,83
INC09729,Old Town,20.239232,85.831826,Harassment,3,Morning,Weekday,Moderate,Low,802,Police,57
INC09730,Saheed Nagar,20.295199,85.843514,Kidnapping Attempt,5,Night,Weekend,Good,Medium,624,Community,92
INC09731,Old Town,20.236788,85.8323,Harassment,3,Night,Weekday,Poor,Low,459,Community,81
INC09732,Mancheswar,20.321059,85.864681,Stalking,4,Evening,Weekend,Good,Medium,226,Community,71
INC09733,Master Canteen,20.269183,85.839751,Assault on Woman,5,Morning,Weekend,Moderate,Medium,1047,Community,84
INC09734,Vani Vihar,20.294195,85.844168,Harassment,3,Afternoon,Weekend,Good,Low,669,Community,46
INC09735,Nayapalli,20.295658,85.806397,Assault on Woman,5,Evening,Weekday,Good,High,1413,Community,82
INC09736,Lingaraj,20.245369,85.832621,Assault on Woman,5,Night,Weekday,Poor,Low,880,Police,100
INC09737,Mancheswar,20.320929,85.862681,Harassment,3,Evening,Weekend,Poor,Medium,461,Police,78
INC09738,CRP Square,20.314706,85.823496,Harassment,3,Evening,Weekday,Moderate,Medium,1115,Police,63
INC09739,Dumduma,20.265927,85.793266,Assault on Woman,5,Afternoon,Weekday,Moderate,Medium,166,Community,88
INC09740,Chandrasekharpur,20.334839,85.819374,Harassment,3,Evening,Weekday,Good,Low,1066,Community,58
INC09741,Rasulgarh,20.288327,85.870408,Harassment,3,Night,Weekday,Moderate,Low,1279,Community,69
INC09742,CRP Square,20.31488,85.819305,Eve-teasing,2,Evening,Weekday,Good,Low,948,Community,40
INC09743,Mancheswar,20.324071,85.863352,Eve-teasing,2,Evening,Weekday,Poor,High,736,Community,58
INC09744,Jaydev Vihar,20.303651,85.817459,Stalking,4,Night,Weekend,Moderate,Low,548,Community,89
INC09745,Mancheswar,20.324892,85.864144,Sexual Harassment,5,Morning,Weekday,Poor,Low,159,Community,94
INC09746,Saheed Nagar,20.298561,85.841542,Sexual Harassment,5,Evening,Weekday,Moderate,High,923,Community,96
INC09747,Vani Vihar,20.298909,85.843954,Stalking,4,Evening,Weekday,Good,Low,595,Police,73
INC09748,Jaydev Vihar,20.299813,85.821679,Harassment,3,Night,Weekend,Poor,Low,1269,Community,78
INC09749,CRP Square,20.315164,85.824606,Harassment,3,Afternoon,Weekend,Good,Medium,194,Community,43
INC09750,Vani Vihar,20.295097,85.8434,Harassment,3,Afternoon,Weekday,Moderate,Medium,388,Community,51
INC09751,Acharya Vihar,20.297226,85.837927,Harassment,3,Night,Weekday,Moderate,High,1427,Police,74
INC09752,Vani Vihar,20.295705,85.839729,Harassment,3,Night,Weekday,Good,Medium,723,Community,57
INC09753,KIIT Square,20.352043,85.82076,Assault on Woman,5,Evening,Weekday,Good,Medium,959,Community,81
INC09754,Jaydev Vihar,20.302728,85.822183,Stalking,4,Evening,Weekend,Good,High,1185,Community,71
INC09755,Dumduma,20.261741,85.791955,Stalking,4,Evening,Weekend,Good,Medium,1064,Police,63
INC09756,Kalpana Square,20.261691,85.841553,Harassment,3,Morning,Weekday,Good,Medium,1461,Community,49
INC09757,Infocity,20.346191,85.813521,Harassment,3,Afternoon,Weekend,Poor,High,338,Police,63
INC09758,Acharya Vihar,20.302161,85.833363,Suspicious Activity,2,Evening,Weekday,Good,High,1185,Community,36
INC09759,Rasulgarh,20.291263,85.872851,Snatching,3,Night,Weekend,Good,High,1181,Community,58
INC09760,Baramunda,20.269301,85.803249,Harassment,3,Night,Weekday,Moderate,Medium,134,Community,70
INC09761,CRP Square,20.313777,85.820277,Assault on Woman,5,Evening,Weekday,Moderate,Medium,236,Community,92
INC09762,Pokhariput,20.2546,85.801258,Harassment,3,Afternoon,Weekend,Moderate,Medium,926,Community,59
INC09763,Kalpana Square,20.259586,85.841657,Stalking,4,Night,Weekend,Moderate,High,368,Community,81
INC09764,Old Town,20.239438,85.83619,Assault on Woman,5,Evening,Weekday,Moderate,Low,1488,Police,96
INC09765,Khandagiri,20.254939,85.778937,Harassment,3,Night,Weekend,Good,Low,581,Community,64
INC09766,Lingaraj,20.241351,85.833254,Suspicious Activity,2,Evening,Weekday,Moderate,Medium,746,Police,52
INC09767,Baramunda,20.268847,85.805469,Harassment,3,Morning,Weekend,Moderate,Medium,1412,Community,60
INC09768,Acharya Vihar,20.297175,85.832382,Stalking,4,Afternoon,Weekday,Poor,Medium,720,Police,75
INC09769,Acharya Vihar,20.297615,85.832368,Harassment,3,Evening,Weekday,Good,Medium,335,Community,48
INC09770,Patia,20.352783,85.819889,Assault on Woman,5,Evening,Weekday,Moderate,Medium,637,Police,96
INC09771,Baramunda,20.269834,85.806727,Harassment,3,Night,Weekend,Poor,High,1082,Police,85
INC09772,Master Canteen,20.26639,85.838188,Harassment,3,Evening,Weekday,Moderate,Medium,506,Community,66
INC09773,Lingaraj,20.242334,85.834031,Sexual Harassment,5,Night,Weekday,Poor,High,1068,Community,100
INC09774,CRP Square,20.313916,85.820775,Stalking,4,Afternoon,Weekday,Good,Medium,1459,Police,57
INC09775,Kalpana Square,20.258897,85.845735,Snatching,3,Evening,Weekday,Moderate,Medium,1314,Community,62
INC09776,Pokhariput,20.252947,85.802827,Assault on Woman,5,Morning,Weekday,Poor,High,259,Community,96
INC09777,KIIT Square,20.355784,85.818043,Stalking,4,Evening,Weekday,Poor,Medium,1239,Police,83
INC09778,Master Canteen,20.270881,85.841429,Stalking,4,Night,Weekend,Good,Medium,219,Community,76
INC09779,Mancheswar,20.322371,85.866107,Harassment,3,Afternoon,Weekend,Good,Medium,1329,Community,46
INC09780,Pokhariput,20.252908,85.804043,Suspicious Activity,2,Afternoon,Weekend,Poor,Low,1308,Community,46
INC09781,Khandagiri,20.256687,85.782191,Sexual Harassment,5,Night,Weekend,Moderate,Medium,290,Community,98
INC09782,Khandagiri,20.25959,85.782655,Harassment,3,Afternoon,Weekend,Good,High,638,Community,47
INC09783,Dumduma,20.26326,85.796191,Kidnapping Attempt,5,Night,Weekend,Poor,High,401,Police,100
INC09784,Baramunda,20.270687,85.805276,Sexual Harassment,5,Evening,Weekday,Moderate,Medium,495,Community,88
INC09785,Acharya Vihar,20.298275,85.834203,Harassment,3,Evening,Weekend,Good,Low,817,Community,50
INC09786,Mancheswar,20.321501,85.862579,Suspicious Activity,2,Evening,Weekday,Good,Medium,326,Community,34
INC09787,Kalpana Square,20.258496,85.843347,Assault on Woman,5,Morning,Weekend,Moderate,Medium,1206,Community,84
INC09788,KIIT Square,20.35594,85.815282,Stalking,4,Evening,Weekend,Moderate,Low,221,Police,83
INC09789,Khandagiri,20.259114,85.780554,Harassment,3,Evening,Weekend,Moderate,Medium,1365,Police,61
INC09790,Infocity,20.343395,85.818062,Suspicious Activity,2,Night,Weekend,Good,Medium,1287,Community,41
INC09791,Kalpana Square,20.260026,85.843439,Harassment,3,Evening,Weekday,Poor,High,1001,Community,69
INC09792,Baramunda,20.268181,85.804445,Suspicious Activity,2,Evening,Weekend,Moderate,High,953,Community,51
INC09793,Patia,20.352828,85.82065,Assault on Woman,5,Evening,Weekday,Poor,Medium,1431,Community,100
INC09794,Patia,20.356692,85.820289,Stalking,4,Evening,Weekday,Good,High,197,Community,66
INC09795,Infocity,20.346143,85.817414,Suspicious Activity,2,Afternoon,Weekday,Moderate,High,343,Police,38
INC09796,Chandrasekharpur,20.333075,85.822325,Suspicious Activity,2,Evening,Weekday,Moderate,Medium,503,Community,50
INC09797,CRP Square,20.314718,85.820683,Harassment,3,Evening,Weekend,Moderate,Low,376,Community,61
INC09798,KIIT Square,20.355666,85.815161,Harassment,3,Evening,Weekday,Poor,Medium,1498,Community,69
INC09799,Chandrasekharpur,20.331127,85.819987,Sexual Harassment,5,Evening,Weekday,Moderate,Low,768,Community,88
INC09800,Master Canteen,20.269891,85.843891,Harassment,3,Afternoon,Weekend,Moderate,High,1349,Community,59
INC09801,Kalpana Square,20.26155,85.84169,Harassment,3,Afternoon,Weekend,Poor,Low,548,Police,67
INC09802,Nayapalli,20.295166,85.802338,Harassment,3,Night,Weekend,Good,Low,328,Community,64
INC09803,Infocity,20.345894,85.814631,Assault on Woman,5,Evening,Weekday,Good,High,290,Community,84
INC09804,Saheed Nagar,20.29886,85.841451,Stalking,4,Night,Weekday,Poor,Medium,1312,Community,100
INC09805,Patia,20.353632,85.82067,Sexual Harassment,5,Morning,Weekday,Moderate,Medium,541,Community,80
INC09806,Master Canteen,20.266955,85.839498,Stalking,4,Night,Weekend,Poor,High,1264,Community,91
INC09807,CRP Square,20.313755,85.819481,Suspicious Activity,2,Night,Weekend,Moderate,High,156,Police,53
INC09808,KIIT Square,20.353654,85.817325,Sexual Harassment,5,Afternoon,Weekday,Good,Low,1098,Community,70
INC09809,Acharya Vihar,20.297289,85.83582,Assault on Woman,5,Night,Weekend,Moderate,High,273,Community,97
INC09810,Kalpana Square,20.259057,85.84105,Harassment,3,Afternoon,Weekday,Moderate,High,140,Community,51
INC09811,Chandrasekharpur,20.333167,85.82037,Harassment,3,Evening,Weekday,Poor,Low,978,Community,74
INC09812,Saheed Nagar,20.296363,85.84069,Snatching,3,Morning,Weekend,Poor,High,364,Community,68
INC09813,Chandrasekharpur,20.333648,85.818568,Stalking,4,Night,Weekday,Moderate,High,844,Community,87
INC09814,Infocity,20.344641,85.81511,Assault on Woman,5,Night,Weekday,Poor,High,517,Community,100
INC09815,Lingaraj,20.244175,85.832654,Stalking,4,Night,Weekend,Poor,High,818,Community,93
INC09816,Lingaraj,20.242837,85.836317,Stalking,4,Morning,Weekday,Poor,High,1329,Police,78
INC09817,CRP Square,20.314849,85.819757,Harassment,3,Evening,Weekday,Moderate,High,715,Community,68
INC09818,Lingaraj,20.245893,85.83117,Snatching,3,Morning,Weekend,Moderate,High,785,Police,51
INC09819,Rasulgarh,20.29108,85.870064,Stalking,4,Afternoon,Weekend,Good,High,473,Police,61
INC09820,Acharya Vihar,20.298007,85.834529,Assault on Woman,5,Morning,Weekday,Poor,High,801,Community,94
INC09821,Old Town,20.240634,85.832348,Harassment,3,Night,Weekend,Poor,Medium,697,Community,82
INC09822,Dumduma,20.265421,85.796189,Harassment,3,Night,Weekday,Poor,Low,690,Police,77
INC09823,CRP Square,20.316227,85.819072,Eve-teasing,2,Afternoon,Weekday,Good,High,167,Community,28
INC09824,Rasulgarh,20.289247,85.871602,Assault on Woman,5,Evening,Weekend,Poor,Medium,1203,Community,100
INC09825,KIIT Square,20.354242,85.816877,Suspicious Activity,2,Night,Weekend,Moderate,Medium,820,Community,57
INC09826,Patia,20.357832,85.818629,Harassment,3,Evening,Weekday,Good,Low,868,Community,55
INC09827,Khandagiri,20.255313,85.783577,Snatching,3,Evening,Weekday,Poor,High,1208,Community,78
INC09828,Old Town,20.235115,85.831061,Harassment,3,Morning,Weekend,Moderate,Medium,1056,Community,54
INC09829,CRP Square,20.31547,85.820368,Assault on Woman,5,Night,Weekend,Moderate,Medium,839,Community,96
INC09830,Jaydev Vihar,20.298766,85.817999,Stalking,4,Night,Weekend,Poor,High,1348,Community,91
INC09831,Patia,20.354914,85.820279,Eve-teasing,2,Night,Weekend,Poor,Low,537,Community,60
INC09832,Acharya Vihar,20.302048,85.834096,Stalking,4,Night,Weekend,Good,Medium,903,Community,74
INC09833,Vani Vihar,20.294817,85.839501,Suspicious Activity,2,Afternoon,Weekday,Moderate,Low,398,Community,40
INC09834,Kalpana Square,20.261084,85.84528,Kidnapping Attempt,5,Night,Weekday,Moderate,High,859,Community,97
INC09835,Mancheswar,20.323928,85.866657,Harassment,3,Night,Weekend,Moderate,Medium,413,Police,73
INC09836,Mancheswar,20.319876,85.861733,Eve-teasing,2,Evening,Weekend,Poor,High,1044,Community,59
INC09837,CRP Square,20.312173,85.820432,Snatching,3,Evening,Weekday,Moderate,Medium,1374,Community,61
INC09838,Acharya Vihar,20.299025,85.83531,Suspicious Activity,2,Night,Weekend,Good,Low,1211,Community,41
INC09839,Vani Vihar,20.296033,85.841942,Stalking,4,Evening,Weekday,Poor,Medium,1338,Community,90
INC09840,Old Town,20.238353,85.836027,Sexual Harassment,5,Night,Weekend,Good,High,703,Community,91
INC09841,Jaydev Vihar,20.303314,85.82113,Assault on Woman,5,Afternoon,Weekend,Poor,Medium,179,Police,93
INC09842,Master Canteen,20.267938,85.842789,Harassment,3,Night,Weekend,Good,Medium,1137,Police,55
INC09843,Nayapalli,20.293212,85.806091,Suspicious Activity,2,Night,Weekend,Poor,Low,1291,Police,69
INC09844,Nayapalli,20.295511,85.807888,Kidnapping Attempt,5,Night,Weekday,Good,High,1129,Community,93
INC09845,Mancheswar,20.320719,85.864819,Snatching,3,Evening,Weekday,Good,Low,234,Police,54
INC09846,Khandagiri,20.259431,85.783083,Assault on Woman,5,Night,Weekend,Poor,Low,472,Community,100
INC09847,Jaydev Vihar,20.301749,85.818279,Suspicious Activity,2,Morning,Weekend,Moderate,Low,1109,Community,36
INC09848,Dumduma,20.261597,85.793761,Kidnapping Attempt,5,Evening,Weekend,Poor,Medium,380,Community,100
INC09849,Khandagiri,20.254781,85.783542,Assault on Woman,5,Evening,Weekend,Good,Medium,685,Community,85
INC09850,Vani Vihar,20.29943,85.839487,Stalking,4,Night,Weekday,Poor,Medium,282,Community,96
INC09851,Jaydev Vihar,20.298058,85.822705,Harassment,3,Afternoon,Weekday,Moderate,Low,846,Community,53
INC09852,Jaydev Vihar,20.301836,85.819896,Harassment,3,Evening,Weekend,Good,Medium,359,Community,50
INC09853,CRP Square,20.31695,85.82132,Snatching,3,Evening,Weekend,Good,Medium,1028,Community,56
INC09854,Saheed Nagar,20.296443,85.840232,Assault on Woman,5,Afternoon,Weekday,Poor,Medium,909,Community,99
INC09855,Khandagiri,20.255198,85.781318,Sexual Harassment,5,Evening,Weekday,Poor,Medium,399,Community,99
INC09856,Acharya Vihar,20.298973,85.833284,Harassment,3,Morning,Weekday,Moderate,Medium,839,Community,57
INC09857,Lingaraj,20.243052,85.831255,Sexual Harassment,5,Evening,Weekday,Good,High,1272,Community,87
INC09858,Rasulgarh,20.288363,85.872357,Eve-teasing,2,Night,Weekday,Poor,Medium,556,Community,68
INC09859,Infocity,20.344031,85.817003,Harassment,3,Night,Weekday,Poor,Medium,388,Community,79
INC09860,Dumduma,20.26652,85.796115,Sexual Harassment,5,Evening,Weekday,Good,Medium,1202,Community,84
INC09861,Vani Vihar,20.295029,85.843694,Kidnapping Attempt,5,Evening,Weekday,Poor,High,494,Police,100
INC09862,Baramunda,20.270129,85.805652,Sexual Harassment,5,Afternoon,Weekday,Poor,High,440,Police,93
INC09863,Kalpana Square,20.257369,85.840023,Suspicious Activity,2,Evening,Weekday,Good,Low,446,Community,38
INC09864,Old Town,20.236978,85.835735,Stalking,4,Evening,Weekend,Good,Medium,611,Community,67
INC09865,Pokhariput,20.256625,85.803995,Suspicious Activity,2,Night,Weekend,Moderate,Medium,456,Community,53
INC09866,Baramunda,20.269126,85.805685,Suspicious Activity,2,Night,Weekday,Moderate,High,669,Community,50
INC09867,Old Town,20.238789,85.83563,Assault on Woman,5,Night,Weekend,Good,High,1330,Community,87
INC09868,Infocity,20.342827,85.813919,Stalking,4,Afternoon,Weekday,Poor,High,1393,Community,82
INC09869,Lingaraj,20.242072,85.832276,Harassment,3,Morning,Weekday,Good,Medium,1446,Community,50
INC09870,Acharya Vihar,20.301605,85.837391,Harassment,3,Night,Weekday,Poor,Medium,374,Police,75
INC09871,Patia,20.354097,85.821908,Snatching,3,Night,Weekend,Poor,Low,1035,Community,75
INC09872,Jaydev Vihar,20.303244,85.820414,Suspicious Activity,2,Evening,Weekday,Poor,High,425,Police,53
INC09873,CRP Square,20.31222,85.819879,Stalking,4,Evening,Weekend,Moderate,High,1070,Community,80
INC09874,Old Town,20.237995,85.831008,Assault on Woman,5,Evening,Weekday,Good,High,844,Community,81
INC09875,Rasulgarh,20.288761,85.871683,Eve-teasing,2,Afternoon,Weekday,Poor,Low,406,Community,54
INC09876,CRP Square,20.314255,85.820137,Suspicious Activity,2,Night,Weekend,Poor,Medium,1127,Community,65
INC09877,Khandagiri,20.258449,85.78048,Snatching,3,Night,Weekday,Poor,Medium,1436,Community,85
INC09878,Master Canteen,20.268578,85.839835,Sexual Harassment,5,Night,Weekend,Moderate,High,1310,Community,97
INC09879,Chandrasekharpur,20.334279,85.822814,Stalking,4,Night,Weekday,Moderate,Medium,614,Community,80
INC09880,Saheed Nagar,20.294504,85.839569,Harassment,3,Afternoon,Weekday,Poor,Medium,126,Community,69
INC09881,KIIT Square,20.355696,85.820942,Suspicious Activity,2,Night,Weekend,Moderate,High,705,Community,60
INC09882,Lingaraj,20.245246,85.83113,Harassment,3,Afternoon,Weekend,Moderate,Medium,1374,Community,52
INC09883,Khandagiri,20.254824,85.781215,Suspicious Activity,2,Evening,Weekday,Poor,Low,115,Community,55
INC09884,Saheed Nagar,20.296647,85.841461,Harassment,3,Night,Weekday,Good,Medium,596,Police,64
INC09885,Dumduma,20.262534,85.793693,Assault on Woman,5,Night,Weekday,Good,Medium,991,Community,86
INC09886,Acharya Vihar,20.300153,85.836968,Assault on Woman,5,Evening,Weekday,Good,Low,837,Community,86
INC09887,Baramunda,20.267535,85.801272,Harassment,3,Night,Weekend,Moderate,Medium,1197,Community,73
INC09888,Jaydev Vihar,20.298106,85.819438,Harassment,3,Night,Weekend,Moderate,Medium,934,Community,71
INC09889,Patia,20.355349,85.816937,Assault on Woman,5,Night,Weekday,Moderate,High,326,Police,100
INC09890,Khandagiri,20.256318,85.782491,Eve-teasing,2,Night,Weekday,Good,Medium,681,Community,40
INC09891,KIIT Square,20.354033,85.816693,Assault on Woman,5,Afternoon,Weekday,Good,Medium,315,Community,71
INC09892,Master Canteen,20.270477,85.841436,Assault on Woman,5,Evening,Weekday,Moderate,High,210,Police,90
INC09893,Rasulgarh,20.288243,85.869267,Suspicious Activity,2,Night,Weekday,Good,Low,599,Community,42
INC09894,Saheed Nagar,20.29557,85.838899,Snatching,3,Night,Weekday,Good,Medium,964,Community,62
INC09895,KIIT Square,20.350653,85.816989,Snatching,3,Evening,Weekend,Good,High,1485,Community,49
INC09896,Baramunda,20.270293,85.80645,Stalking,4,Night,Weekday,Good,High,117,Community,78
INC09897,KIIT Square,20.355811,85.818249,Eve-teasing,2,Night,Weekday,Good,High,517,Community,47
INC09898,Saheed Nagar,20.29842,85.842891,Sexual Harassment,5,Morning,Weekend,Good,High,792,Community,76
INC09899,Jaydev Vihar,20.301422,85.820673,Assault on Woman,5,Night,Weekday,Moderate,High,119,Community,100
INC09900,Jaydev Vihar,20.30325,85.821543,Sexual Harassment,5,Morning,Weekend,Poor,Low,460,Community,95
INC09901,Dumduma,20.264563,85.794602,Harassment,3,Morning,Weekend,Moderate,Medium,1157,Police,52
INC09902,Acharya Vihar,20.301683,85.83515,Harassment,3,Night,Weekend,Moderate,Medium,412,Police,70
INC09903,CRP Square,20.313834,85.819482,Sexual Harassment,5,Afternoon,Weekday,Moderate,Medium,1177,Community,81
INC09904,Patia,20.354746,85.816614,Stalking,4,Night,Weekday,Moderate,Low,850,Community,84
INC09905,KIIT Square,20.354086,85.820199,Stalking,4,Night,Weekday,Good,Medium,1133,Community,74
INC09906,Lingaraj,20.24561,85.833881,Suspicious Activity,2,Afternoon,Weekend,Moderate,Medium,911,Community,37
INC09907,Pokhariput,20.252926,85.804566,Suspicious Activity,2,Afternoon,Weekend,Poor,Medium,568,Community,50
INC09908,Vani Vihar,20.298106,85.841872,Stalking,4,Afternoon,Weekday,Moderate,High,770,Community,68
INC09909,Jaydev Vihar,20.299555,85.822533,Snatching,3,Afternoon,Weekend,Good,Medium,405,Police,42
INC09910,Chandrasekharpur,20.331466,85.821509,Eve-teasing,2,Evening,Weekend,Good,High,1266,Community,41
INC09911,Vani Vihar,20.294022,85.841999,Assault on Woman,5,Evening,Weekday,Poor,Low,845,Community,100
INC09912,Master Canteen,20.268546,85.839576,Harassment,3,Night,Weekday,Moderate,High,160,Community,68
INC09913,Khandagiri,20.255081,85.781857,Stalking,4,Evening,Weekday,Poor,High,1262,Community,88
INC09914,Chandrasekharpur,20.330333,85.823622,Assault on Woman,5,Night,Weekend,Good,Medium,1415,Community,88
INC09915,Chandrasekharpur,20.333386,85.819206,Sexual Harassment,5,Night,Weekday,Moderate,Medium,1208,Police,98
INC09916,Pokhariput,20.256901,85.803769,Kidnapping Attempt,5,Afternoon,Weekend,Moderate,High,683,Community,80
INC09917,KIIT Square,20.354689,85.816591,Kidnapping Attempt,5,Night,Weekday,Poor,Medium,553,Police,100
INC09918,Dumduma,20.262819,85.794699,Assault on Woman,5,Morning,Weekday,Good,Low,664,Community,72
INC09919,Rasulgarh,20.291305,85.872114,Stalking,4,Evening,Weekday,Poor,Low,827,Community,92
INC09920,Old Town,20.236846,85.836209,Harassment,3,Night,Weekday,Good,Medium,803,Community,65
INC09921,Acharya Vihar,20.298806,85.833192,Harassment,3,Night,Weekday,Poor,Low,1198,Community,83
INC09922,Infocity,20.342943,85.81819,Stalking,4,Night,Weekday,Moderate,Medium,1280,Community,85
INC09923,Dumduma,20.262456,85.796471,Suspicious Activity,2,Afternoon,Weekend,Good,Medium,1311,Community,31
INC09924,Chandrasekharpur,20.334701,85.819714,Harassment,3,Afternoon,Weekend,Good,Medium,1375,Police,40
INC09925,Chandrasekharpur,20.334927,85.819613,Sexual Harassment,5,Night,Weekend,Poor,Medium,1114,Community,100
INC09926,Master Canteen,20.271052,85.840876,Assault on Woman,5,Evening,Weekend,Moderate,Medium,1485,Community,93
INC09927,KIIT Square,20.354545,85.816366,Assault on Woman,5,Afternoon,Weekend,Good,Medium,421,Community,75
INC09928,Nayapalli,20.297918,85.806261,Stalking,4,Evening,Weekday,Good,High,1417,Community,70
INC09929,Pokhariput,20.257114,85.805461,Sexual Harassment,5,Night,Weekend,Poor,Medium,1345,Community,100
INC09930,CRP Square,20.31212,85.822879,Stalking,4,Night,Weekday,Poor,High,147,Police,93
INC09931,Vani Vihar,20.299312,85.839247,Suspicious Activity,2,Night,Weekday,Good,Low,275,Community,48
INC09932,Jaydev Vihar,20.298121,85.82125,Harassment,3,Night,Weekday,Moderate,High,559,Community,74
INC09933,Khandagiri,20.258146,85.783127,Kidnapping Attempt,5,Evening,Weekday,Good,High,705,Police,79
INC09934,Lingaraj,20.242527,85.831824,Snatching,3,Evening,Weekend,Poor,Medium,472,Police,78
INC09935,Pokhariput,20.255792,85.802744,Sexual Harassment,5,Evening,Weekday,Moderate,Low,305,Police,98
INC09936,Master Canteen,20.26989,85.840807,Harassment,3,Night,Weekday,Moderate,Medium,591,Community,72
INC09937,Saheed Nagar,20.296863,85.84252,Harassment,3,Evening,Weekend,Good,Medium,218,Community,51
INC09938,Chandrasekharpur,20.332377,85.821112,Stalking,4,Morning,Weekday,Poor,Medium,731,Community,78
INC09939,CRP Square,20.314105,85.822146,Eve-teasing,2,Night,Weekend,Good,High,807,Community,47
INC09940,Mancheswar,20.323183,85.861025,Kidnapping Attempt,5,Evening,Weekday,Moderate,Medium,221,Community,97
INC09941,Vani Vihar,20.29858,85.841143,Sexual Harassment,5,Evening,Weekend,Good,Low,832,Community,83
INC09942,Kalpana Square,20.259921,85.845209,Stalking,4,Morning,Weekday,Moderate,Low,1307,Community,69
INC09943,Pokhariput,20.253051,85.806749,Assault on Woman,5,Evening,Weekday,Moderate,Low,1364,Community,97
INC09944,Kalpana Square,20.260542,85.844715,Harassment,3,Evening,Weekend,Moderate,Low,794,Community,68
INC09945,Saheed Nagar,20.2991,85.839218,Harassment,3,Evening,Weekday,Poor,Medium,805,Community,75
INC09946,Saheed Nagar,20.299799,85.840683,Snatching,3,Evening,Weekend,Moderate,Low,1310,Community,59
INC09947,Baramunda,20.272833,85.801734,Assault on Woman,5,Evening,Weekday,Moderate,Medium,1108,Community,96
INC09948,Khandagiri,20.259014,85.782146,Stalking,4,Evening,Weekend,Good,Medium,193,Community,63
INC09949,Dumduma,20.261681,85.795366,Harassment,3,Evening,Weekend,Moderate,Medium,127,Community,63
INC09950,Saheed Nagar,20.294342,85.843219,Assault on Woman,5,Evening,Weekday,Poor,High,1373,Police,100
INC09951,Lingaraj,20.243205,85.836557,Suspicious Activity,2,Night,Weekday,Good,Medium,1137,Community,43
INC09952,Acharya Vihar,20.302692,85.834886,Sexual Harassment,5,Afternoon,Weekday,Poor,Low,993,Police,98
INC09953,Pokhariput,20.254453,85.805052,Harassment,3,Evening,Weekend,Poor,Medium,176,Police,75
INC09954,Baramunda,20.267636,85.804907,Assault on Woman,5,Morning,Weekday,Poor,Medium,989,Police,96
INC09955,Baramunda,20.272159,85.803279,Sexual Harassment,5,Evening,Weekday,Poor,Low,105,Community,100
INC09956,Infocity,20.346687,85.818736,Harassment,3,Morning,Weekday,Good,Low,1147,Community,49
INC09957,Kalpana Square,20.262067,85.845535,Stalking,4,Night,Weekend,Good,High,685,Police,74
INC09958,Baramunda,20.269594,85.805687,Stalking,4,Evening,Weekend,Moderate,High,598,Police,79
INC09959,CRP Square,20.316312,85.820954,Harassment,3,Night,Weekday,Poor,Medium,415,Community,79
INC09960,Master Canteen,20.271202,85.840401,Sexual Harassment,5,Evening,Weekend,Poor,Medium,716,Community,100
INC09961,KIIT Square,20.350006,85.818827,Stalking,4,Afternoon,Weekday,Good,Medium,610,Community,61
INC09962,Infocity,20.345068,85.815454,Stalking,4,Night,Weekday,Moderate,High,1474,Community,82
INC09963,Patia,20.354352,85.820341,Harassment,3,Afternoon,Weekend,Poor,Low,1469,Police,65
INC09964,CRP Square,20.312468,85.824861,Stalking,4,Night,Weekend,Poor,High,163,Community,93
INC09965,Pokhariput,20.253589,85.802589,Assault on Woman,5,Afternoon,Weekday,Moderate,High,765,Community,89
INC09966,CRP Square,20.312042,85.822407,Harassment,3,Evening,Weekend,Good,Low,1198,Community,53
INC09967,Pokhariput,20.252569,85.805114,Snatching,3,Night,Weekday,Poor,High,1276,Community,75
INC09968,Acharya Vihar,20.299155,85.833772,Sexual Harassment,5,Afternoon,Weekend,Moderate,Low,1408,Community,84
INC09969,Vani Vihar,20.298975,85.844287,Sexual Harassment,5,Night,Weekday,Poor,Medium,980,Community,100
INC09970,Nayapalli,20.295912,85.80733,Assault on Woman,5,Afternoon,Weekend,Moderate,Medium,815,Community,82
INC09971,Infocity,20.343649,85.817533,Assault on Woman,5,Evening,Weekday,Poor,Medium,1305,Community,100
INC09972,Infocity,20.343102,85.817745,Suspicious Activity,2,Afternoon,Weekday,Poor,Low,400,Police,52
INC09973,Old Town,20.240545,85.833262,Harassment,3,Night,Weekday,Moderate,Low,1088,Community,73
INC09974,Baramunda,20.270243,85.805869,Stalking,4,Evening,Weekend,Good,Medium,210,Community,72
INC09975,Saheed Nagar,20.296191,85.842925,Sexual Harassment,5,Afternoon,Weekday,Good,Medium,1138,Community,73
INC09976,Lingaraj,20.242882,85.832326,Eve-teasing,2,Evening,Weekday,Moderate,Medium,231,Community,48
INC09977,Pokhariput,20.254107,85.801178,Snatching,3,Evening,Weekday,Moderate,Low,829,Community,67
INC09978,KIIT Square,20.351286,85.819249,Assault on Woman,5,Afternoon,Weekday,Moderate,Medium,705,Police,87
INC09979,Rasulgarh,20.287312,85.868807,Snatching,3,Night,Weekend,Poor,High,327,Police,79
INC09980,Pokhariput,20.253047,85.803716,Sexual Harassment,5,Evening,Weekday,Poor,High,166,Police,100
INC09981,Dumduma,20.263433,85.796772,Eve-teasing,2,Evening,Weekday,Moderate,Low,348,Community,44
INC09982,KIIT Square,20.354484,85.818569,Stalking,4,Afternoon,Weekend,Moderate,Medium,819,Community,73
INC09983,Rasulgarh,20.288126,85.871385,Stalking,4,Morning,Weekend,Poor,High,1133,Community,85
INC09984,Old Town,20.236665,85.831653,Harassment,3,Evening,Weekend,Poor,Medium,994,Police,71
INC09985,Mancheswar,20.320296,85.862353,Harassment,3,Evening,Weekend,Moderate,High,206,Community,58
INC09986,Jaydev Vihar,20.299516,85.819268,Assault on Woman,5,Afternoon,Weekend,Good,Low,380,Community,70
INC09987,Vani Vihar,20.296772,85.844453,Harassment,3,Night,Weekend,Poor,High,206,Community,79
INC09988,Dumduma,20.263754,85.79687,Sexual Harassment,5,Evening,Weekday,Moderate,Low,1493,Community,93
INC09989,Saheed Nagar,20.299441,85.84311,Snatching,3,Morning,Weekday,Poor,High,1031,Community,70
INC09990,Pokhariput,20.255247,85.80192,Harassment,3,Evening,Weekend,Moderate,High,303,Police,64
INC09991,Kalpana Square,20.259207,85.840765,Suspicious Activity,2,Night,Weekday,Moderate,Medium,1387,Community,59
INC09992,Master Canteen,20.270687,85.842397,Assault on Woman,5,Afternoon,Weekday,Poor,Medium,1201,Community,91
INC09993,Acharya Vihar,20.301811,85.833418,Stalking,4,Evening,Weekend,Good,Medium,488,Community,70
INC09994,Nayapalli,20.296408,85.806034,Assault on Woman,5,Evening,Weekend,Good,Medium,798,Community,80
INC09995,Mancheswar,20.323121,85.863317,Harassment,3,Night,Weekday,Poor,Medium,1167,Community,77
INC09996,Vani Vihar,20.295543,85.841779,Harassment,3,Afternoon,Weekday,Moderate,Medium,1388,Police,59
INC09997,KIIT Square,20.35231,85.818735,Suspicious Activity,2,Night,Weekend,Good,Medium,1120,Community,49
INC09998,KIIT Square,20.353377,85.818316,Stalking,4,Night,Weekend,Moderate,Medium,790,Community,80
INC09999,Chandrasekharpur,20.330426,85.821435,Harassment,3,Afternoon,Weekday,Poor,Medium,731,Community,70
INC10000,Acharya Vihar,20.300613,85.833223,Harassment,3,Night,Weekday,Poor,Low,969,Community,85
